{
    "2017": {
        "山西": {
            "文科": {
                "629.0": 11.0,
                "628.0": 13.0,
                "627.0": 16.0,
                "626.0": 20.0,
                "625.0": 20.0,
                "624.0": 21.0,
                "623.0": 22.0,
                "622.0": 24.0,
                "621.0": 26.0,
                "620.0": 30.0,
                "619.0": 32.0,
                "618.0": 35.0,
                "617.0": 37.0,
                "616.0": 39.0,
                "615.0": 43.0,
                "614.0": 46.0,
                "613.0": 52.0,
                "612.0": 57.0,
                "611.0": 65.0,
                "610.0": 69.0,
                "609.0": 74.0,
                "608.0": 80.0,
                "607.0": 88.0,
                "606.0": 98.0,
                "605.0": 104.0,
                "604.0": 106.0,
                "603.0": 111.0,
                "602.0": 119.0,
                "601.0": 133.0,
                "600.0": 149.0,
                "599.0": 159.0,
                "598.0": 169.0,
                "597.0": 177.0,
                "596.0": 191.0,
                "595.0": 205.0,
                "594.0": 218.0,
                "593.0": 233.0,
                "592.0": 239.0,
                "591.0": 254.0,
                "590.0": 269.0,
                "589.0": 297.0,
                "588.0": 311.0,
                "587.0": 334.0,
                "586.0": 358.0,
                "585.0": 380.0,
                "584.0": 404.0,
                "583.0": 430.0,
                "582.0": 451.0,
                "581.0": 472.0,
                "580.0": 512.0,
                "579.0": 541.0,
                "578.0": 571.0,
                "577.0": 604.0,
                "576.0": 628.0,
                "575.0": 650.0,
                "574.0": 674.0,
                "573.0": 717.0,
                "572.0": 757.0,
                "571.0": 785.0,
                "570.0": 824.0,
                "569.0": 854.0,
                "568.0": 892.0,
                "567.0": 940.0,
                "566.0": 993.0,
                "565.0": 1030.0,
                "564.0": 1068.0,
                "563.0": 1120.0,
                "562.0": 1182.0,
                "561.0": 1235.0,
                "560.0": 1283.0,
                "559.0": 1336.0,
                "558.0": 1380.0,
                "557.0": 1438.0,
                "556.0": 1502.0,
                "555.0": 1557.0,
                "554.0": 1615.0,
                "553.0": 1686.0,
                "552.0": 1762.0,
                "551.0": 1824.0,
                "550.0": 1901.0,
                "549.0": 1965.0,
                "548.0": 2021.0,
                "547.0": 2087.0,
                "546.0": 2167.0,
                "545.0": 2257.0,
                "544.0": 2345.0,
                "543.0": 2436.0,
                "542.0": 2523.0,
                "541.0": 2610.0,
                "540.0": 2710.0,
                "539.0": 2812.0,
                "538.0": 2911.0,
                "537.0": 3002.0,
                "536.0": 3114.0,
                "535.0": 3201.0,
                "534.0": 3295.0,
                "533.0": 3404.0,
                "532.0": 3538.0,
                "531.0": 3659.0,
                "530.0": 3769.0,
                "529.0": 3901.0,
                "528.0": 4046.0,
                "527.0": 4171.0,
                "526.0": 4301.0,
                "525.0": 4452.0,
                "524.0": 4591.0,
                "523.0": 4735.0,
                "522.0": 4897.0,
                "521.0": 5051.0,
                "520.0": 5196.0,
                "519.0": 5350.0,
                "518.0": 5531.0,
                "517.0": 5699.0,
                "516.0": 5849.0,
                "515.0": 6019.0,
                "514.0": 6193.0,
                "513.0": 6362.0,
                "512.0": 6533.0,
                "511.0": 6731.0,
                "510.0": 6919.0,
                "509.0": 7145.0,
                "508.0": 7350.0,
                "507.0": 7546.0,
                "506.0": 7751.0,
                "505.0": 7951.0,
                "504.0": 8175.0,
                "503.0": 8378.0,
                "502.0": 8648.0,
                "501.0": 8860.0,
                "500.0": 9084.0,
                "499.0": 9337.0,
                "498.0": 9572.0,
                "497.0": 9811.0,
                "496.0": 10039.0,
                "495.0": 10290.0,
                "494.0": 10546.0,
                "493.0": 10798.0,
                "492.0": 11044.0,
                "491.0": 11307.0,
                "490.0": 11562.0,
                "489.0": 11831.0,
                "488.0": 12068.0,
                "487.0": 12351.0,
                "486.0": 12626.0,
                "485.0": 12901.0,
                "484.0": 13182.0,
                "483.0": 13467.0,
                "482.0": 13749.0,
                "481.0": 14051.0,
                "480.0": 14354.0,
                "479.0": 14688.0,
                "478.0": 15033.0,
                "477.0": 15342.0,
                "476.0": 15667.0,
                "475.0": 15991.0,
                "474.0": 16302.0,
                "473.0": 16597.0,
                "472.0": 16910.0,
                "471.0": 17221.0,
                "470.0": 17570.0,
                "469.0": 17917.0,
                "468.0": 18244.0,
                "467.0": 18586.0,
                "466.0": 18904.0,
                "465.0": 19252.0,
                "464.0": 19598.0,
                "463.0": 19929.0,
                "462.0": 20284.0,
                "461.0": 20608.0,
                "460.0": 20980.0,
                "459.0": 21348.0,
                "458.0": 21693.0,
                "457.0": 22034.0,
                "456.0": 22363.0,
                "455.0": 22697.0,
                "454.0": 23061.0,
                "453.0": 23425.0,
                "452.0": 23772.0
            }
        }
    }
}