{
    "2017": {
        "上海": {
            "全科(All)": {
                "604.0": 47.0,
                "603.0": 55.0,
                "602.0": 69.0,
                "601.0": 85.0,
                "600.0": 101.0,
                "599.0": 112.0,
                "598.0": 128.0,
                "597.0": 137.0,
                "596.0": 156.0,
                "595.0": 179.0,
                "594.0": 195.0,
                "593.0": 220.0,
                "592.0": 249.0,
                "591.0": 279.0,
                "590.0": 323.0,
                "589.0": 357.0,
                "588.0": 394.0,
                "587.0": 439.0,
                "586.0": 473.0,
                "585.0": 514.0,
                "584.0": 558.0,
                "583.0": 606.0,
                "582.0": 650.0,
                "581.0": 712.0,
                "580.0": 771.0,
                "579.0": 860.0,
                "578.0": 929.0,
                "577.0": 1003.0,
                "576.0": 1083.0,
                "575.0": 1159.0,
                "574.0": 1242.0,
                "573.0": 1340.0,
                "572.0": 1427.0,
                "571.0": 1519.0,
                "570.0": 1621.0,
                "569.0": 1703.0,
                "568.0": 1799.0,
                "567.0": 1912.0,
                "566.0": 2000.0,
                "565.0": 2148.0,
                "564.0": 2263.0,
                "563.0": 2401.0,
                "562.0": 2525.0,
                "561.0": 2658.0,
                "560.0": 2792.0,
                "559.0": 2924.0,
                "558.0": 3056.0,
                "557.0": 3200.0,
                "556.0": 3323.0,
                "555.0": 3456.0,
                "554.0": 3585.0,
                "553.0": 3713.0,
                "552.0": 3868.0,
                "551.0": 4038.0,
                "550.0": 4177.0,
                "549.0": 4333.0,
                "548.0": 4469.0,
                "547.0": 4623.0,
                "546.0": 4814.0,
                "545.0": 4973.0,
                "544.0": 5118.0,
                "543.0": 5303.0,
                "542.0": 5493.0,
                "541.0": 5703.0,
                "540.0": 5875.0,
                "539.0": 6068.0,
                "538.0": 6266.0,
                "537.0": 6456.0,
                "536.0": 6651.0,
                "535.0": 6848.0,
                "534.0": 7048.0,
                "533.0": 7240.0,
                "532.0": 7424.0,
                "531.0": 7636.0,
                "530.0": 7832.0,
                "529.0": 8041.0,
                "528.0": 8266.0,
                "527.0": 8464.0,
                "526.0": 8667.0,
                "525.0": 8868.0,
                "524.0": 9063.0,
                "523.0": 9303.0,
                "522.0": 9545.0,
                "521.0": 9776.0,
                "520.0": 9985.0,
                "519.0": 10228.0,
                "518.0": 10424.0,
                "517.0": 10661.0,
                "516.0": 10887.0,
                "515.0": 11112.0,
                "514.0": 11357.0,
                "513.0": 11583.0,
                "512.0": 11795.0,
                "511.0": 12047.0,
                "510.0": 12301.0,
                "509.0": 12524.0,
                "508.0": 12766.0,
                "507.0": 13006.0,
                "506.0": 13241.0,
                "505.0": 13463.0,
                "504.0": 13715.0,
                "503": 221,
                "502": 232,
                "501": 224,
                "500": 228,
                "499": 256,
                "498": 225,
                "497": 228,
                "496": 233,
                "495": 237,
                "494": 268,
                "493": 242,
                "492": 261,
                "491": 262,
                "490": 214,
                "489": 255,
                "488": 234,
                "487": 250,
                "486": 249,
                "485": 261,
                "484": 241,
                "483": 225,
                "482": 239,
                "481": 243,
                "480": 256,
                "479": 275,
                "478": 245,
                "477": 262,
                "476": 227,
                "475": 233,
                "474": 211,
                "473": 244,
                "472": 241,
                "471": 264,
                "470": 219,
                "469": 233,
                "468": 255,
                "467": 216,
                "466": 247,
                "465": 208,
                "464": 208,
                "463": 253,
                "462": 212,
                "461": 246,
                "460": 237,
                "459": 237,
                "458": 226,
                "457": 240,
                "456": 226,
                "455": 227,
                "454": 241,
                "453": 215,
                "452": 219,
                "451": 248,
                "450": 236,
                "449": 213,
                "448": 213,
                "447": 250,
                "446": 239,
                "445": 215,
                "444": 207,
                "443": 229,
                "442": 224,
                "441": 224,
                "440": 201,
                "439": 221,
                "438": 230,
                "437": 206,
                "436": 194,
                "435": 215,
                "434": 203,
                "433": 193,
                "432": 185,
                "431": 201,
                "430": 213,
                "429": 197,
                "428": 189,
                "427": 188,
                "426": 173,
                "425": 179,
                "424": 180,
                "423": 181,
                "422": 170,
                "421": 169,
                "420": 184,
                "419": 183,
                "418": 183,
                "417": 160,
                "416": 171,
                "415": 176,
                "414": 188,
                "413": 173,
                "412": 189,
                "411": 171,
                "410": 146,
                "409": 152,
                "408": 145,
                "407": 175,
                "406": 152,
                "405": 148,
                "404": 164,
                "403": 173,
                "402": 164
            }
        }
    }
}