{
    "2017": {
        "四川": {
            "理科": {
                "702": 11,
                "701": 11,
                "700": 12,
                "699": 17,
                "698": 19,
                "697": 20,
                "696": 24,
                "695": 27,
                "694": 31,
                "693": 33,
                "692": 42,
                "691": 49,
                "690": 55,
                "689": 69,
                "688": 80,
                "687": 90,
                "686": 99,
                "685": 110,
                "684": 122,
                "683": 138,
                "682": 156,
                "681": 177,
                "680": 194,
                "679": 216,
                "678": 241,
                "677": 256,
                "676": 286,
                "675": 318,
                "674": 351,
                "673": 386,
                "672": 429,
                "671": 459,
                "670": 499,
                "669": 545,
                "668": 596,
                "667": 634,
                "666": 671,
                "665": 716,
                "664": 767,
                "663": 816,
                "662": 861,
                "661": 922,
                "660": 971,
                "659": 1051,
                "658": 1105,
                "657": 1163,
                "656": 1222,
                "655": 1288,
                "654": 1355,
                "653": 1426,
                "652": 1503,
                "651": 1588,
                "650": 1654,
                "649": 1751,
                "648": 1834,
                "647": 1923,
                "646": 2016,
                "645": 2116,
                "644": 2216,
                "643": 2316,
                "642": 2417,
                "641": 2519,
                "640": 2643,
                "639": 2757,
                "638": 2871,
                "637": 3022,
                "636": 3137,
                "635": 3268,
                "634": 3409,
                "633": 3561,
                "632": 3714,
                "631": 3884,
                "630": 4037,
                "629": 4211,
                "628": 4398,
                "627": 4563,
                "626": 4759,
                "625": 4945,
                "624": 5139,
                "623": 5334,
                "622": 5535,
                "621": 5714,
                "620": 5923,
                "619": 6120,
                "618": 6341,
                "617": 6568,
                "616": 6779,
                "615": 7004,
                "614": 7228,
                "613": 7472,
                "612": 7715,
                "611": 7963,
                "610": 8224,
                "609": 8505,
                "608": 8759,
                "607": 9049,
                "606": 9335,
                "605": 9615,
                "604": 9913,
                "603": 10232,
                "602": 10540,
                "601": 10870,
                "600": 11227,
                "599": 11546,
                "598": 11919,
                "597": 12259,
                "596": 12648,
                "595": 12989,
                "594": 13361,
                "593": 13731,
                "592": 14149,
                "591": 14528,
                "590": 14940,
                "589": 15302,
                "588": 15689,
                "587": 16131,
                "586": 16567,
                "585": 16992,
                "584": 17456,
                "583": 17893,
                "582": 18329,
                "581": 18780,
                "580": 19288,
                "579": 19766,
                "578": 20246,
                "577": 20758,
                "576": 21259,
                "575": 21794,
                "574": 22336,
                "573": 22911,
                "572": 23440,
                "571": 23978,
                "570": 24528,
                "569": 25159,
                "568": 25750,
                "567": 26344,
                "566": 26904,
                "565": 27515,
                "564": 28121,
                "563": 28770,
                "562": 29399,
                "561": 30032,
                "560": 30635,
                "559": 31295,
                "558": 31995,
                "557": 32668,
                "556": 33350,
                "555": 34052,
                "554": 34737,
                "553": 35449,
                "552": 36193,
                "551": 36921,
                "550": 37628,
                "549": 38371,
                "548": 39106,
                "547": 39872,
                "546": 40692,
                "545": 41436,
                "544": 42247,
                "543": 43061,
                "542": 43872,
                "541": 44758,
                "540": 45616,
                "539": 46422,
                "538": 47307,
                "537": 48128,
                "536": 48958,
                "535": 49824,
                "534": 50762,
                "533": 51637,
                "532": 52601,
                "531": 53556,
                "530": 54538,
                "529": 55433,
                "528": 56447,
                "527": 57383,
                "526": 58334,
                "525": 59320,
                "524": 60319,
                "523": 61311,
                "522": 62340,
                "521": 63378,
                "520": 64431,
                "519": 65497,
                "518": 66570,
                "517": 67623,
                "516": 68638,
                "515": 69644,
                "514": 70751,
                "513": 71904,
                "512": 72982,
                "511": 74116,
                "510": 75203,
                "509": 76309,
                "508": 77464,
                "507": 78596,
                "506": 79721,
                "505": 80821,
                "504": 81975,
                "503": 83115,
                "502": 84269,
                "501": 85448,
                "500": 86612,
                "499": 87782,
                "498": 88959,
                "497": 90160,
                "496": 91367,
                "495": 92584,
                "494": 93708,
                "493": 94938,
                "492": 96077,
                "491": 97240,
                "490": 98379,
                "489": 99632,
                "488": 100897,
                "487": 102091,
                "486": 103273,
                "485": 104528,
                "484": 105719,
                "483": 106984,
                "482": 108284,
                "481": 109505,
                "480": 110677,
                "479": 111908,
                "478": 113105,
                "477": 114362,
                "476": 115635,
                "475": 116882,
                "474": 118097,
                "473": 119307,
                "472": 120539,
                "471": 121777,
                "470": 122958,
                "469": 124199,
                "468": 125402,
                "467": 126661,
                "466": 127821,
                "465": 129002,
                "464": 130188,
                "463": 131284,
                "462": 132446,
                "461": 133613,
                "460": 134713,
                "459": 135824,
                "458": 136953,
                "457": 138153,
                "456": 139282,
                "455": 140487,
                "454": 141628,
                "453": 142839,
                "452": 143952,
                "451": 145031,
                "450": 146121,
                "449": 147154,
                "448": 148209,
                "447": 149361,
                "446": 150499,
                "445": 151569,
                "444": 152649,
                "443": 153631,
                "442": 154679,
                "441": 155760,
                "440": 156822,
                "439": 157905,
                "438": 158931,
                "437": 159894,
                "436": 160852,
                "435": 161828,
                "434": 162843,
                "433": 163819,
                "432": 164812,
                "431": 165804,
                "430": 166789,
                "429": 167755,
                "428": 168736,
                "427": 169674,
                "426": 170657,
                "425": 171610,
                "424": 172491,
                "423": 173405,
                "422": 174245,
                "421": 175121,
                "420": 175979,
                "419": 176811,
                "418": 177756,
                "417": 178589,
                "416": 179415,
                "415": 180225,
                "414": 181053,
                "413": 181859,
                "412": 182734,
                "411": 183495,
                "410": 184287,
                "409": 185080,
                "408": 185865,
                "407": 186675,
                "406": 187483,
                "405": 188286,
                "404": 189077,
                "403": 189850,
                "402": 190586,
                "401": 191352,
                "400": 192103,
                "399": 192841,
                "398": 193553,
                "397": 194301,
                "396": 194996,
                "395": 195691,
                "394": 196347,
                "393": 197053,
                "392": 197709,
                "391": 198389,
                "390": 199106,
                "389": 199755,
                "388": 200410,
                "387": 201065,
                "386": 201701,
                "385": 202327,
                "384": 202972,
                "383": 203643,
                "382": 204285,
                "381": 204920,
                "380": 205553,
                "379": 206198,
                "378": 206749,
                "377": 207327,
                "376": 207874,
                "375": 208463,
                "374": 209006,
                "373": 209614,
                "372": 210243,
                "371": 210772,
                "370": 211346,
                "369": 211918,
                "368": 212417,
                "367": 212956,
                "366": 213499,
                "365": 214048,
                "364": 214624,
                "363": 215142,
                "362": 215651,
                "361": 216190,
                "360": 216706,
                "359": 217234,
                "358": 217752,
                "357": 218245,
                "356": 218734,
                "355": 219204,
                "354": 219701,
                "353": 220169,
                "352": 220651,
                "351": 221110,
                "350": 221575,
                "349": 222024,
                "348": 222521,
                "347": 222980,
                "346": 223444,
                "345": 223866,
                "344": 224328,
                "343": 224811,
                "342": 225274,
                "341": 225727,
                "340": 226171,
                "339": 226588,
                "338": 227018,
                "337": 227444,
                "336": 227861,
                "335": 228298,
                "334": 228736,
                "333": 229203,
                "332": 229615,
                "331": 230015,
                "330": 230458,
                "329": 230883,
                "328": 231289,
                "327": 231662,
                "326": 232061,
                "325": 232489,
                "324": 232881,
                "323": 233280,
                "322": 233695,
                "321": 234054,
                "320": 234442,
                "319": 234855,
                "318": 235218,
                "317": 235600,
                "316": 235963,
                "315": 236315,
                "314": 236663,
                "313": 237032,
                "312": 237386,
                "311": 237740,
                "310": 238063,
                "309": 238401,
                "308": 238721,
                "307": 239091,
                "306": 239434,
                "305": 239789,
                "304": 240074,
                "303": 240421,
                "302": 240760,
                "301": 241047,
                "300": 241378,
                "299": 241676,
                "298": 242003,
                "297": 242317,
                "296": 242644,
                "295": 242975,
                "294": 243287,
                "293": 243591,
                "292": 243918,
                "291": 244234,
                "290": 244522,
                "289": 244827,
                "288": 245131,
                "287": 245414,
                "286": 245725,
                "285": 246043,
                "284": 246355,
                "283": 246659,
                "282": 246940,
                "281": 247215,
                "280": 247490,
                "279": 247800,
                "278": 248066,
                "277": 248351,
                "276": 248634,
                "275": 248901,
                "274": 249161,
                "273": 249438,
                "272": 249731,
                "271": 249994,
                "270": 250288,
                "269": 250558,
                "268": 250815,
                "267": 251048,
                "266": 251303,
                "265": 251552,
                "264": 251818,
                "263": 252053,
                "262": 252323,
                "261": 252573,
                "260": 252834,
                "259": 253078,
                "258": 253351,
                "257": 253601,
                "256": 253827,
                "255": 254085,
                "254": 254335,
                "253": 254578,
                "252": 254826,
                "251": 255046,
                "250": 255277,
                "249": 255505,
                "248": 255733,
                "247": 255937,
                "246": 256161,
                "245": 256387,
                "244": 256589,
                "243": 256835,
                "242": 257057,
                "241": 257309,
                "240": 257522,
                "239": 257728,
                "238": 257926,
                "237": 258130,
                "236": 258333,
                "235": 258562,
                "234": 258774,
                "233": 258971,
                "232": 259178,
                "231": 259369,
                "230": 259555,
                "229": 259772,
                "228": 259992,
                "227": 260147,
                "226": 260347,
                "225": 260542,
                "224": 260740,
                "223": 260915,
                "222": 261114,
                "221": 261313,
                "220": 261475,
                "219": 261643,
                "218": 261806,
                "217": 261989,
                "216": 262156,
                "215": 262330,
                "214": 262518,
                "213": 262692,
                "212": 262879,
                "211": 263031,
                "210": 263203,
                "209": 263356,
                "208": 263531,
                "207": 263668,
                "206": 263817,
                "205": 263961,
                "204": 264128,
                "203": 264266,
                "202": 264436,
                "201": 264568,
                "200": 264695,
                "199": 264838,
                "198": 264975,
                "197": 265103,
                "196": 265213,
                "195": 265328,
                "194": 265462,
                "193": 265584,
                "192": 265689,
                "191": 265820,
                "190": 265905,
                "189": 266023,
                "188": 266143,
                "187": 266252,
                "186": 266344,
                "185": 266465,
                "184": 266571,
                "183": 266666,
                "182": 266755,
                "181": 266836,
                "180": 266920,
                "179": 267012,
                "178": 267090,
                "177": 267166,
                "176": 267260,
                "175": 267328,
                "174": 267414,
                "173": 267474,
                "172": 267561,
                "171": 267642,
                "170": 267702,
                "169": 267775,
                "168": 267829,
                "167": 267882,
                "166": 267943,
                "165": 268001,
                "164": 268058,
                "163": 268127,
                "162": 268168,
                "161": 268209,
                "160": 268252,
                "159": 268306,
                "158": 268349,
                "157": 268384,
                "156": 268437,
                "155": 268469,
                "154": 268508,
                "153": 268548,
                "152": 268575,
                "151": 268618,
                "150": 268653,
                "149": 268680,
                "148": 268708,
                "147": 268732,
                "146": 268754,
                "145": 268780,
                "144": 268798,
                "143": 268809,
                "142": 268832,
                "141": 268851,
                "140": 268868,
                "139": 268876,
                "138": 268885,
                "137": 268903,
                "136": 268912,
                "135": 268927,
                "134": 268945,
                "133": 268951,
                "132": 268962,
                "131": 268967,
                "130": 268982,
                "129": 268995,
                "128": 269004,
                "127": 269021,
                "126": 269032,
                "125": 269038,
                "124": 269043,
                "123": 269053,
                "122": 269059,
                "121": 269063,
                "120": 269068,
                "119": 269072,
                "118": 269076,
                "117": 269082,
                "116": 269090,
                "115": 269093,
                "114": 269097,
                "113": 269100,
                "112": 269104,
                "111": 269108,
                "110": 269113,
                "109": 269120,
                "108": 269122,
                "107": 269124,
                "106": 269128,
                "105": 269128,
                "104": 269131,
                "103": 269134,
                "102": 269140,
                "101": 269143,
                "100": 269146,
                "99": 269148,
                "98": 269150,
                "97": 269152,
                "96": 269157,
                "95": 269159,
                "94": 269161,
                "93": 269163,
                "92": 269164,
                "91": 269165,
                "90": 269167,
                "89": 269169,
                "88": 269175,
                "87": 269176,
                "86": 269176,
                "85": 269177,
                "84": 269177,
                "83": 269178,
                "82": 269179,
                "81": 269180,
                "80": 269181,
                "79": 269182,
                "78": 269183,
                "77": 269184,
                "76": 269184,
                "75": 269186,
                "74": 269187,
                "73": 269188,
                "72": 269189,
                "71": 269189,
                "70": 269191,
                "69": 269193,
                "68": 269193,
                "67": 269193,
                "66": 269194,
                "65": 269194,
                "64": 269194,
                "63": 269194,
                "62": 269195,
                "61": 269195,
                "60": 269195,
                "59": 269195,
                "58": 269195,
                "57": 269195,
                "56": 269195,
                "55": 269195,
                "54": 269197,
                "53": 269198,
                "52": 269198,
                "51": 269200,
                "50": 269200,
                "49": 269200,
                "48": 269200,
                "47": 269200,
                "46": 269201,
                "45": 269201,
                "44": 269202,
                "43": 269202,
                "42": 269202,
                "41": 269203,
                "40": 269203,
                "39": 269203,
                "38": 269204,
                "37": 269204,
                "36": 269204,
                "35": 269206,
                "34": 269208,
                "33": 269209,
                "32": 269209,
                "31": 269209,
                "30": 269210,
                "29": 269210,
                "28": 269210,
                "27": 269211,
                "26": 269211,
                "25": 269211,
                "24": 269211,
                "23": 269211,
                "22": 269211,
                "21": 269211,
                "20": 269211,
                "19": 269212,
                "18": 269213,
                "17": 269213,
                "16": 269213,
                "15": 269213,
                "14": 269213,
                "13": 269213,
                "12": 269213,
                "11": 269213,
                "10": 269213,
                "9": 269214,
                "8": 269214,
                "7": 269215,
                "6": 269216,
                "5": 269216,
                "4": 269216,
                "3": 269217,
                "2": 269217,
                "1": 269217,
                "0": 272187
            }
        }
    }
}