{
    "2017": {
        "河北": {
            "文科": {
                "667及以上": 15,
                "666": 22,
                "665": 24,
                "664": 28,
                "663": 30,
                "662": 32,
                "661": 36,
                "660": 39,
                "659": 46,
                "658": 52,
                "657": 56,
                "656": 63,
                "655": 70,
                "654": 75,
                "653": 85,
                "652": 94,
                "651": 106,
                "650": 119,
                "649": 133,
                "648": 148,
                "647": 161,
                "646": 172,
                "645": 183,
                "644": 201,
                "643": 217,
                "642": 235,
                "641": 253,
                "640": 272,
                "639": 300,
                "638": 319,
                "637": 349,
                "636": 378,
                "635": 412,
                "634": 439,
                "633": 458,
                "632": 481,
                "631": 520,
                "630": 547,
                "629": 572,
                "628": 611,
                "627": 635,
                "626": 668,
                "625": 690,
                "624": 729,
                "623": 770,
                "622": 811,
                "621": 846,
                "620": 892,
                "619": 928,
                "618": 984,
                "617": 1022,
                "616": 1065,
                "615": 1119,
                "614": 1164,
                "613": 1221,
                "612": 1272,
                "611": 1326,
                "610": 1385,
                "609": 1441,
                "608": 1504,
                "607": 1557,
                "606": 1620,
                "605": 1690,
                "604": 1751,
                "603": 1819,
                "602": 1879,
                "601": 1956,
                "600": 2040,
                "599": 2117,
                "598": 2197,
                "597": 2271,
                "596": 2362,
                "595": 2440,
                "594": 2534,
                "593": 2621,
                "592": 2719,
                "591": 2813,
                "590": 2914,
                "589": 3010,
                "588": 3095,
                "587": 3192,
                "586": 3284,
                "585": 3386,
                "584": 3497,
                "583": 3613,
                "582": 3737,
                "581": 3849,
                "580": 3967,
                "579": 4082,
                "578": 4216,
                "577": 4326,
                "576": 4441,
                "575": 4562,
                "574": 4693,
                "573": 4814,
                "572": 4957,
                "571": 5098,
                "570": 5258,
                "569": 5404,
                "568": 5562,
                "567": 5719,
                "566": 5836,
                "565": 6007,
                "564": 6169,
                "563": 6342,
                "562": 6502,
                "561": 6681,
                "560": 6861,
                "559": 7015,
                "558": 7205,
                "557": 7369,
                "556": 7560,
                "555": 7744,
                "554": 7930,
                "553": 8109,
                "552": 8269,
                "551": 8464,
                "550": 8643,
                "549": 8811,
                "548": 9002,
                "547": 9201,
                "546": 9417,
                "545": 9596,
                "544": 9827,
                "543": 10033,
                "542": 10248,
                "541": 10464,
                "540": 10715,
                "539": 10934,
                "538": 11166,
                "537": 11378,
                "536": 11580,
                "535": 11803,
                "534": 12048,
                "533": 12308,
                "532": 12544,
                "531": 12812,
                "530": 13072,
                "529": 13319,
                "528": 13550,
                "527": 13829,
                "526": 14087,
                "525": 14330,
                "524": 14589,
                "523": 14849,
                "522": 15125,
                "521": 15386,
                "520": 15659,
                "519": 15935,
                "518": 16186,
                "517": 16442,
                "516": 16709,
                "515": 16973,
                "514": 17252,
                "513": 17547,
                "512": 17809,
                "511": 18083,
                "510": 18373,
                "509": 18645,
                "508": 18925,
                "507": 19224,
                "506": 19521,
                "505": 19787,
                "504": 20085,
                "503": 20371,
                "502": 20653,
                "501": 20951,
                "500": 21237,
                "499": 21510,
                "498": 21796,
                "497": 22055,
                "496": 22385,
                "495": 22673,
                "494": 22957,
                "493": 23253,
                "492": 23539,
                "491": 23887,
                "490": 24178,
                "489": 24502,
                "488": 24802,
                "487": 25148,
                "486": 25467,
                "485": 25768,
                "484": 26075,
                "483": 26416,
                "482": 26724,
                "481": 27049,
                "480": 27328,
                "479": 27646,
                "478": 27966,
                "477": 28275,
                "476": 28592,
                "475": 28909,
                "474": 29204,
                "473": 29537,
                "472": 29860,
                "471": 30196,
                "470": 30499,
                "469": 30835,
                "468": 31199,
                "467": 31546,
                "466": 31920,
                "465": 32277,
                "464": 32595,
                "463": 32920,
                "462": 33224,
                "461": 33558,
                "460": 33922,
                "459": 34263,
                "458": 34619,
                "457": 34938,
                "456": 35277,
                "455": 35610,
                "454": 35946,
                "453": 36290,
                "452": 36628,
                "451": 36988,
                "450": 37338,
                "449": 37685,
                "448": 38021,
                "447": 38327,
                "446": 38633,
                "445": 38997,
                "444": 39339,
                "443": 39689,
                "442": 40039,
                "441": 40360,
                "440": 40734,
                "439": 41082,
                "438": 41418,
                "437": 41752,
                "436": 42115,
                "435": 42432,
                "434": 42777,
                "433": 43148,
                "432": 43495,
                "431": 43847,
                "430": 44188,
                "429": 44512,
                "428": 44852,
                "427": 45209,
                "426": 45530,
                "425": 45897,
                "424": 46262,
                "423": 46653,
                "422": 47027,
                "421": 47392,
                "420": 47770,
                "419": 48108,
                "418": 48451,
                "417": 48862,
                "416": 49249,
                "415": 49615,
                "414": 50007,
                "413": 50358,
                "412": 50743,
                "411": 51126,
                "410": 51476,
                "409": 51863,
                "408": 52252,
                "407": 52622,
                "406": 53019,
                "405": 53401,
                "404": 53751,
                "403": 54140,
                "402": 54516,
                "401": 54914,
                "400": 55309,
                "399": 55695,
                "398": 56060,
                "397": 56460,
                "396": 56857,
                "395": 57220,
                "394": 57636,
                "393": 58041,
                "392": 58434,
                "391": 58819,
                "390": 59231,
                "389": 59631,
                "388": 60090,
                "387": 60529,
                "386": 60945,
                "385": 61360,
                "384": 61749,
                "383": 62143,
                "382": 62551,
                "381": 62979,
                "380": 63396,
                "379": 63802,
                "378": 64255,
                "377": 64715,
                "376": 65131,
                "375": 65576,
                "374": 65996,
                "373": 66390,
                "372": 66829,
                "371": 67251,
                "370": 67656,
                "369": 68148,
                "368": 68595,
                "367": 69058,
                "366": 69502,
                "365": 69922,
                "364": 70400,
                "363": 70905,
                "362": 71339,
                "361": 71815,
                "360": 72268,
                "359": 72694,
                "358": 73137,
                "357": 73620,
                "356": 74083,
                "355": 74557,
                "354": 75016,
                "353": 75521,
                "352": 75956,
                "351": 76434,
                "350": 76879,
                "349": 77382,
                "348": 77849,
                "347": 78354,
                "346": 78837,
                "345": 79351,
                "344": 79815,
                "343": 80270,
                "342": 80707,
                "341": 81181,
                "340": 81654,
                "339": 82105,
                "338": 82613,
                "337": 83116,
                "336": 83619,
                "335": 84105,
                "334": 84590,
                "333": 85050,
                "332": 85515,
                "331": 86027,
                "330": 86463,
                "329": 86937,
                "328": 87404,
                "327": 87872,
                "326": 88335,
                "325": 88821,
                "324": 89357,
                "323": 89848,
                "322": 90249,
                "321": 90666,
                "320": 91160,
                "319": 91636,
                "318": 92126,
                "317": 92580,
                "316": 93006,
                "315": 93432,
                "314": 93877,
                "313": 94302,
                "312": 94743,
                "311": 95192,
                "310": 95641,
                "309": 96086,
                "308": 96496,
                "307": 96915,
                "306": 97324,
                "305": 97709,
                "304": 98194,
                "303": 98622,
                "302": 99073,
                "301": 99489,
                "300": 99921,
                "299": 100328,
                "298": 100734,
                "297": 101140,
                "296": 101553,
                "295": 101968,
                "294": 102389,
                "293": 102790,
                "292": 103175,
                "291": 103563,
                "290": 103950,
                "289": 104315,
                "288": 104705,
                "287": 105051,
                "286": 105447,
                "285": 105783,
                "284": 106164,
                "283": 106528,
                "282": 106911,
                "281": 107280,
                "280": 107638,
                "279": 107983,
                "278": 108327,
                "277": 108666,
                "276": 108987,
                "275": 109335,
                "274": 109655,
                "273": 109987,
                "272": 110289,
                "271": 110583,
                "270": 110897,
                "269": 111179,
                "268": 111473,
                "267": 111768,
                "266": 112107,
                "265": 112422,
                "264": 112683,
                "263": 112947,
                "262": 113239,
                "261": 113486,
                "260": 113751,
                "259": 114024,
                "258": 114287,
                "257": 114519,
                "256": 114760,
                "255": 115033,
                "254": 115283,
                "253": 115520,
                "252": 115752,
                "251": 115984,
                "250": 116198,
                "249": 116430,
                "248": 116619,
                "247": 116843,
                "246": 117060,
                "245": 117274,
                "244": 117489,
                "243": 117709,
                "242": 117877,
                "241": 118079,
                "240": 118276,
                "239": 118465,
                "238": 118641,
                "237": 118828,
                "236": 119012,
                "235": 119167,
                "234": 119343,
                "233": 119510,
                "232": 119668,
                "231": 119811,
                "230": 119970,
                "229": 120132,
                "228": 120273,
                "227": 120433,
                "226": 120574,
                "225": 120704,
                "224": 120847,
                "223": 120985,
                "222": 121115,
                "221": 121266,
                "220": 121383,
                "219": 121518,
                "218": 121641,
                "217": 121788,
                "216": 121934,
                "215": 122047,
                "214": 122162,
                "213": 122303,
                "212": 122418,
                "211": 122524,
                "210": 122614,
                "209": 122730,
                "208": 122852,
                "207": 122971,
                "206": 123075,
                "205": 123191,
                "204": 123282,
                "203": 123359,
                "202": 123446,
                "201": 123528,
                "200": 123624,
                "199": 123713,
                "198": 123801,
                "197": 123878,
                "196": 123956,
                "195": 124031,
                "194": 124113,
                "193": 124190,
                "192": 124266,
                "191": 124356,
                "190": 124434,
                "189": 124500,
                "188": 124578,
                "187": 124629,
                "186": 124702,
                "185": 124757,
                "184": 124826,
                "183": 124887,
                "182": 124940,
                "181": 124993,
                "180": 125045,
                "179": 125106,
                "178": 125163,
                "177": 125218,
                "176": 125266,
                "175": 125315,
                "174": 125363,
                "173": 125412,
                "172": 125457,
                "171": 125506,
                "170": 125537,
                "169": 125575,
                "168": 125613,
                "167": 125649,
                "166": 125689,
                "165": 125728,
                "164": 125766,
                "163": 125801,
                "162": 125832,
                "161": 125870,
                "160": 125902,
                "159": 125938,
                "158": 125974,
                "157": 126001,
                "156": 126030,
                "155": 126058,
                "154": 126091,
                "153": 126120,
                "152": 126141,
                "151": 126166,
                "150": 126194,
                "149": 126214,
                "148": 126236,
                "147": 126257,
                "146": 126279,
                "145": 126298,
                "144": 126328,
                "143": 126339,
                "142": 126354,
                "141": 126368,
                "140": 126384,
                "139": 126402,
                "138": 126416,
                "137": 126434,
                "136": 126449,
                "135": 126472,
                "134": 126490,
                "133": 126498,
                "132": 126513,
                "131": 126530,
                "130": 126539,
                "129": 126552,
                "128": 126561,
                "127": 126574,
                "126": 126580,
                "125": 126592,
                "124": 126599,
                "123": 126607,
                "122": 126620,
                "121": 126632,
                "120": 126644,
                "119": 126651,
                "118": 126661,
                "117": 126670,
                "116": 126678,
                "115": 126693,
                "114": 126700,
                "113": 126711,
                "112": 126722,
                "111": 126727,
                "110": 126733,
                "109": 126740,
                "108": 126748,
                "107": 126753,
                "106": 126758,
                "105": 126761,
                "104": 126767,
                "103": 126769,
                "102": 126776,
                "101": 126780,
                "100": 126785,
                "99": 126794,
                "98": 126798,
                "97": 126804,
                "96": 126808,
                "95": 126812,
                "94": 126815,
                "93": 126820,
                "92": 126823,
                "91": 126826,
                "90": 126830,
                "89": 126831,
                "88": 126835,
                "87": 126841,
                "86": 126841,
                "85": 126846,
                "84": 126849,
                "83": 126853,
                "82": 126857,
                "81": 126857,
                "80": 126858,
                "79": 126860,
                "78": 126863,
                "77": 126871,
                "76": 126873,
                "75": 126875,
                "74": 126877,
                "73": 126882,
                "72": 126883,
                "71": 126885,
                "70": 126888,
                "69": 126889,
                "68": 126890,
                "67": 126893,
                "66": 126893,
                "65": 126897,
                "64": 126899,
                "63": 126901,
                "62": 126903,
                "61": 126908,
                "60": 126911,
                "59": 126915,
                "58": 126917,
                "57": 126921,
                "56": 126924,
                "55": 126924,
                "54": 126928,
                "53": 126932,
                "52": 126934,
                "51": 126937,
                "50": 126938,
                "49": 126942,
                "48": 126943,
                "47": 126944,
                "46": 126945,
                "45": 126948,
                "44": 126949,
                "43": 126950,
                "42": 126952,
                "41": 126953,
                "40": 126956,
                "39": 126959,
                "38": 126962,
                "37": 126963,
                "36": 126964,
                "35": 126970,
                "34": 126973,
                "33": 126973,
                "32": 126978,
                "31": 126980,
                "30": 126981,
                "29": 126981,
                "28": 126985,
                "27": 126986,
                "26": 126988,
                "25": 126990,
                "24": 126992,
                "23": 126996,
                "22": 127000,
                "21": 127004,
                "20": 127006,
                "19": 127008,
                "18": 127009,
                "17": 127014,
                "16": 127016,
                "15": 127022,
                "14": 127022,
                "13": 127024,
                "12": 127026,
                "11": 127028,
                "10": 127031,
                "9": 127032,
                "8": 127033,
                "7": 127035,
                "6": 127036,
                "5": 127038,
                "4": 127038,
                "3": 127039,
                "2": 127040,
                "1": 127040,
                "0": 131219
            }
        }
    }
}