{
  "2017": {
    "山东省": {
      "文科": {
        "651.0": 22,
        "650.0": 23,
        "649.0": 23,
        "648.0": 26,
        "647.0": 29,
        "646.0": 33,
        "645.0": 38,
        "644.0": 42,
        "643.0": 53,
        "642.0": 58,
        "641.0": 68,
        "640.0": 79,
        "639.0": 87,
        "638.0": 95,
        "637.0": 106,
        "636.0": 119,
        "635.0": 138,
        "634.0": 147,
        "633.0": 162,
        "632.0": 179,
        "631.0": 191,
        "630.0": 205,
        "629.0": 223,
        "628.0": 242,
        "627.0": 262,
        "626.0": 289,
        "625.0": 311,
        "624.0": 345,
        "623.0": 373,
        "622.0": 404,
        "621.0": 436,
        "620.0": 477,
        "619.0": 516,
        "618.0": 548,
        "617.0": 589,
        "616.0": 637,
        "615.0": 673,
        "614.0": 716,
        "613.0": 775,
        "612.0": 829,
        "611.0": 883,
        "610.0": 945,
        "609.0": 1001,
        "608.0": 1069,
        "607.0": 1131,
        "606.0": 1206,
        "605.0": 1274,
        "604.0": 1348,
        "603.0": 1423,
        "602.0": 1500,
        "601.0": 1580,
        "600.0": 1683,
        "599.0": 1765,
        "598.0": 1861,
        "597.0": 1958,
        "596.0": 2053,
        "595.0": 2163,
        "594.0": 2272,
        "593.0": 2385,
        "592.0": 2497,
        "591.0": 2628,
        "590.0": 2767,
        "589.0": 2902,
        "588.0": 3043,
        "587.0": 3185,
        "586.0": 3336,
        "585.0": 3496,
        "584.0": 3667,
        "583.0": 3861,
        "582.0": 4036,
        "581.0": 4189,
        "580.0": 4363,
        "579.0": 4551,
        "578.0": 4736,
        "577.0": 4928,
        "576.0": 5138,
        "575.0": 5348,
        "574.0": 5586,
        "573.0": 5823,
        "572.0": 6060,
        "571.0": 6309,
        "570.0": 6538,
        "569.0": 6799,
        "568.0": 7086,
        "567.0": 7391,
        "566.0": 7674,
        "565.0": 7955,
        "564.0": 8260,
        "563.0": 8575,
        "562.0": 8879,
        "561.0": 9227,
        "560.0": 9556,
        "559.0": 9844,
        "558.0": 10169,
        "557.0": 10487,
        "556.0": 10841,
        "555.0": 11189,
        "554.0": 11542,
        "553.0": 11920,
        "552.0": 12317,
        "551.0": 12686,
        "550.0": 13100,
        "549.0": 13467,
        "548.0": 13916,
        "547.0": 14288,
        "546.0": 14682,
        "545.0": 15127,
        "544.0": 15566,
        "543.0": 16030,
        "542.0": 16448,
        "541.0": 16906,
        "540.0": 17398,
        "539.0": 17836,
        "538.0": 18324,
        "537.0": 18810,
        "536.0": 19246,
        "535.0": 19724,
        "534.0": 20224,
        "533.0": 20728,
        "532.0": 21258,
        "531.0": 21763,
        "530.0": 22293,
        "529.0": 22815,
        "528.0": 23360,
        "527.0": 23913,
        "526.0": 24444,
        "525.0": 24985,
        "524.0": 25570,
        "523.0": 26145,
        "522.0": 26759,
        "521.0": 27351,
        "520.0": 27933,
        "519.0": 28527,
        "518.0": 29115,
        "517.0": 29718,
        "516.0": 30294,
        "515.0": 30929,
        "514.0": 31524,
        "513.0": 32112,
        "512.0": 32729,
        "511.0": 33330,
        "510.0": 33937,
        "509.0": 34584,
        "508.0": 35181,
        "507.0": 35788,
        "506.0": 36411,
        "505.0": 37040,
        "504.0": 37690,
        "503.0": 38331,
        "502.0": 38986,
        "501.0": 39645,
        "500.0": 40283,
        "499.0": 40902,
        "498.0": 41492,
        "497.0": 42132,
        "496.0": 42733,
        "495.0": 43384,
        "494.0": 44049,
        "493.0": 44631,
        "492.0": 45275,
        "491.0": 45892,
        "490.0": 46540,
        "489.0": 47189,
        "488.0": 47807,
        "487.0": 48461,
        "486.0": 49100,
        "485.0": 49732,
        "484.0": 50394,
        "483.0": 50999,
        "482.0": 51593,
        "481.0": 52239,
        "480.0": 52886,
        "479.0": 53510,
        "478.0": 54151,
        "477.0": 54786,
        "476.0": 55381,
        "475.0": 55959,
        "474.0": 56581,
        "473.0": 57214,
        "472.0": 57810,
        "471.0": 58431,
        "470.0": 59038,
        "469.0": 59634,
        "468.0": 60236,
        "467.0": 60804,
        "466.0": 61352,
        "465.0": 61884,
        "464.0": 62395,
        "463.0": 62949,
        "462.0": 63518,
        "461.0": 64062,
        "460.0": 64602,
        "459.0": 65175,
        "458.0": 65749,
        "457.0": 66293,
        "456.0": 66860,
        "455.0": 67354,
        "454.0": 67869,
        "453.0": 68353,
        "452.0": 68854,
        "451.0": 69377,
        "450.0": 69871,
        "449.0": 70356,
        "448.0": 70860,
        "447.0": 71342,
        "446.0": 71806,
        "445.0": 72263,
        "444.0": 72737,
        "443.0": 73256,
        "442.0": 73705,
        "441.0": 74155,
        "440.0": 74627,
        "439.0": 75102,
        "438.0": 75552,
        "437.0": 75988,
        "436.0": 76416,
        "435.0": 76830,
        "434.0": 77279,
        "433.0": 77721,
        "432.0": 78153,
        "431.0": 78553,
        "430.0": 78971,
        "429.0": 79387,
        "428.0": 79777,
        "427.0": 80183,
        "426.0": 80574,
        "425.0": 80994,
        "424.0": 81435,
        "423.0": 81838,
        "422.0": 82236,
        "421.0": 82667,
        "420.0": 83041,
        "419.0": 83440,
        "418.0": 83870,
        "417.0": 84272,
        "416.0": 84652,
        "415.0": 85032,
        "414.0": 85417,
        "413.0": 85792,
        "412.0": 86147,
        "411.0": 86502,
        "410.0": 86847,
        "409.0": 87178,
        "408.0": 87526,
        "407.0": 87872,
        "406.0": 88257,
        "405.0": 88621,
        "404.0": 89006,
        "403.0": 89367,
        "402.0": 89707,
        "401.0": 90045,
        "400.0": 90393,
        "399.0": 90761,
        "398.0": 91113,
        "397.0": 91425,
        "396.0": 91735,
        "395.0": 92082,
        "394.0": 92397,
        "393.0": 92727,
        "392.0": 93053,
        "391.0": 93375,
        "390.0": 93680,
        "389.0": 93994,
        "388.0": 94304,
        "387.0": 94654,
        "386.0": 94974,
        "385.0": 95331,
        "384.0": 95624,
        "383.0": 95919,
        "382.0": 96208,
        "381.0": 96523,
        "380.0": 96821,
        "379.0": 97136,
        "378.0": 97432,
        "377.0": 97738,
        "376.0": 98026,
        "375.0": 98316,
        "374.0": 98607,
        "373.0": 98909,
        "372.0": 99214,
        "371.0": 99514,
        "370.0": 99772,
        "369.0": 100047,
        "368.0": 100340,
        "367.0": 100614,
        "366.0": 100926,
        "365.0": 101255,
        "364.0": 101526,
        "363.0": 101787,
        "362.0": 102066,
        "361.0": 102348,
        "360.0": 102651,
        "359.0": 102938,
        "358.0": 103203,
        "357.0": 103498,
        "356.0": 103771,
        "355.0": 104060,
        "354.0": 104332,
        "353.0": 104568,
        "352.0": 104845,
        "351.0": 105097,
        "350.0": 105345,
        "349.0": 105635,
        "348.0": 105913,
        "347.0": 106184,
        "346.0": 106436,
        "345.0": 106720,
        "344.0": 106990,
        "343.0": 107266,
        "342.0": 107538,
        "341.0": 107812,
        "340.0": 108077,
        "339.0": 108352,
        "338.0": 108630,
        "337.0": 108898,
        "336.0": 109151,
        "335.0": 109406,
        "334.0": 109682,
        "333.0": 109932,
        "332.0": 110201,
        "331.0": 110449,
        "330.0": 110703,
        "329.0": 110943,
        "328.0": 111196,
        "327.0": 111438,
        "326.0": 111705,
        "325.0": 111952,
        "324.0": 112187,
        "323.0": 112423,
        "322.0": 112678,
        "321.0": 112942,
        "320.0": 113211,
        "319.0": 113461,
        "318.0": 113722,
        "317.0": 113947,
        "316.0": 114221,
        "315.0": 114485,
        "314.0": 114734,
        "313.0": 114998,
        "312.0": 115257,
        "311.0": 115511,
        "310.0": 115768,
        "309.0": 116018,
        "308.0": 116272,
        "307.0": 116562,
        "306.0": 116777,
        "305.0": 117030,
        "304.0": 117272,
        "303.0": 117557,
        "302.0": 117788,
        "301.0": 118041,
        "300.0": 118274,
        "299.0": 118545,
        "298.0": 118798,
        "297.0": 119046,
        "296.0": 119299,
        "295.0": 119533,
        "294.0": 119773,
        "293.0": 120030,
        "292.0": 120291,
        "291.0": 120530,
        "290.0": 120769,
        "289.0": 121002,
        "288.0": 121273,
        "287.0": 121533,
        "286.0": 121790,
        "285.0": 122037,
        "284.0": 122317,
        "283.0": 122563,
        "282.0": 122795,
        "281.0": 123079,
        "280.0": 123329,
        "279.0": 123588,
        "278.0": 123830,
        "277.0": 124067,
        "276.0": 124324,
        "275.0": 124573,
        "274.0": 124809,
        "273.0": 125053,
        "272.0": 125270,
        "271.0": 125500,
        "270.0": 125753,
        "269.0": 125996,
        "268.0": 126238,
        "267.0": 126490,
        "266.0": 126744,
        "265.0": 126983,
        "264.0": 127227,
        "263.0": 127447,
        "262.0": 127686,
        "261.0": 127928,
        "260.0": 128145,
        "259.0": 128380,
        "258.0": 128608,
        "257.0": 128852,
        "256.0": 129065,
        "255.0": 129291,
        "254.0": 129510,
        "253.0": 129722,
        "252.0": 129943,
        "251.0": 130168,
        "250.0": 130408,
        "249.0": 130612,
        "248.0": 130825,
        "247.0": 131030,
        "246.0": 131245,
        "245.0": 131464,
        "244.0": 131694,
        "243.0": 131907,
        "242.0": 132120,
        "241.0": 132338,
        "240.0": 132559,
        "239.0": 132770,
        "238.0": 132985,
        "237.0": 133194,
        "236.0": 133422,
        "235.0": 133621,
        "234.0": 133814,
        "233.0": 134013,
        "232.0": 134226,
        "231.0": 134414,
        "230.0": 134612,
        "229.0": 134822,
        "228.0": 135051,
        "227.0": 135261,
        "226.0": 135449,
        "225.0": 135648,
        "224.0": 135838,
        "223.0": 136022,
        "222.0": 136212,
        "221.0": 136412,
        "220.0": 136585,
        "219.0": 136779,
        "218.0": 136998,
        "217.0": 137179,
        "216.0": 137373,
        "215.0": 137550,
        "214.0": 137728,
        "213.0": 137914,
        "212.0": 138088,
        "211.0": 138248,
        "210.0": 138395,
        "209.0": 138575,
        "208.0": 138733,
        "207.0": 138876,
        "206.0": 139041,
        "205.0": 139218,
        "204.0": 139364,
        "203.0": 139510,
        "202.0": 139645,
        "201.0": 139811,
        "200.0": 139960,
        "199.0": 140114,
        "198.0": 140284,
        "197.0": 140435,
        "196.0": 140569,
        "195.0": 140708,
        "194.0": 140843,
        "193.0": 140988,
        "192.0": 141116,
        "191.0": 141243,
        "190.0": 141388,
        "189.0": 141510,
        "188.0": 141631,
        "187.0": 141785,
        "186.0": 141920,
        "185.0": 142024,
        "184.0": 142155,
        "183.0": 142269,
        "182.0": 142378,
        "181.0": 142485
      },
      "理科": {
        "651.0": 2118,
        "650.0": 2249,
        "649.0": 2387,
        "648.0": 2535,
        "647.0": 2685,
        "646.0": 2831,
        "645.0": 2982,
        "644.0": 3142,
        "643.0": 3304,
        "642.0": 3490,
        "641.0": 3681,
        "640.0": 3850,
        "639.0": 4038,
        "638.0": 4238,
        "637.0": 4411,
        "636.0": 4626,
        "635.0": 4841,
        "634.0": 5042,
        "633.0": 5256,
        "632.0": 5476,
        "631.0": 5739,
        "630.0": 5996,
        "629.0": 6225,
        "628.0": 6481,
        "627.0": 6722,
        "626.0": 7001,
        "625.0": 7281,
        "624.0": 7586,
        "623.0": 7917,
        "622.0": 8237,
        "621.0": 8562,
        "620.0": 8902,
        "619.0": 9250,
        "618.0": 9594,
        "617.0": 9923,
        "616.0": 10286,
        "615.0": 10663,
        "614.0": 11045,
        "613.0": 11444,
        "612.0": 11840,
        "611.0": 12236,
        "610.0": 12632,
        "609.0": 13020,
        "608.0": 13454,
        "607.0": 13869,
        "606.0": 14276,
        "605.0": 14697,
        "604.0": 15172,
        "603.0": 15651,
        "602.0": 16112,
        "601.0": 16581,
        "600.0": 17106,
        "599.0": 17632,
        "598.0": 18142,
        "597.0": 18641,
        "596.0": 19178,
        "595.0": 19716,
        "594.0": 20254,
        "593.0": 20792,
        "592.0": 21353,
        "591.0": 21936,
        "590.0": 22501,
        "589.0": 23125,
        "588.0": 23722,
        "587.0": 24321,
        "586.0": 24937,
        "585.0": 25539,
        "584.0": 26143,
        "583.0": 26799,
        "582.0": 27399,
        "581.0": 28061,
        "580.0": 28746,
        "579.0": 29444,
        "578.0": 30127,
        "577.0": 30841,
        "576.0": 31510,
        "575.0": 32236,
        "574.0": 32975,
        "573.0": 33759,
        "572.0": 34490,
        "571.0": 35258,
        "570.0": 36011,
        "569.0": 36740,
        "568.0": 37529,
        "567.0": 38325,
        "566.0": 39110,
        "565.0": 39885,
        "564.0": 40731,
        "563.0": 41532,
        "562.0": 42359,
        "561.0": 43182,
        "560.0": 44024,
        "559.0": 44890,
        "558.0": 45736,
        "557.0": 46608,
        "556.0": 47542,
        "555.0": 48436,
        "554.0": 49352,
        "553.0": 50266,
        "552.0": 51166,
        "551.0": 52094,
        "550.0": 52976,
        "549.0": 53907,
        "548.0": 54821,
        "547.0": 55775,
        "546.0": 56741,
        "545.0": 57715,
        "544.0": 58673,
        "543.0": 59651,
        "542.0": 60620,
        "541.0": 61660,
        "540.0": 62653,
        "539.0": 63646,
        "538.0": 64665,
        "537.0": 65674,
        "536.0": 66700,
        "535.0": 67704,
        "534.0": 68714,
        "533.0": 69763,
        "532.0": 70818,
        "531.0": 71872,
        "530.0": 72937,
        "529.0": 74025,
        "528.0": 75046,
        "527.0": 76026,
        "526.0": 77095,
        "525.0": 78181,
        "524.0": 79267,
        "523.0": 80364,
        "522.0": 81480,
        "521.0": 82606,
        "520.0": 83697,
        "519.0": 84818,
        "518.0": 85933,
        "517.0": 87051,
        "516.0": 88180,
        "515.0": 89273,
        "514.0": 90429,
        "513.0": 91521,
        "512.0": 92609,
        "511.0": 93735,
        "510.0": 94871,
        "509.0": 95982,
        "508.0": 97119,
        "507.0": 98259,
        "506.0": 99366,
        "505.0": 100495,
        "504.0": 101636,
        "503.0": 102765,
        "502.0": 103931,
        "501.0": 105092,
        "500.0": 106217,
        "499.0": 107390,
        "498.0": 108534,
        "497.0": 109724,
        "496.0": 110885,
        "495.0": 112076,
        "494.0": 113199,
        "493.0": 114356,
        "492.0": 115473,
        "491.0": 116563,
        "490.0": 117722,
        "489.0": 118871,
        "488.0": 120019,
        "487.0": 121168,
        "486.0": 122278,
        "485.0": 123433,
        "484.0": 124585,
        "483.0": 125699,
        "482.0": 126852,
        "481.0": 127960,
        "480.0": 129135,
        "479.0": 130314,
        "478.0": 131528,
        "477.0": 132624,
        "476.0": 133757,
        "475.0": 134881,
        "474.0": 136036,
        "473.0": 137179,
        "472.0": 138318,
        "471.0": 139453,
        "470.0": 140528,
        "469.0": 141646,
        "468.0": 142713,
        "467.0": 143752,
        "466.0": 144816,
        "465.0": 145943,
        "464.0": 147066,
        "463.0": 148145,
        "462.0": 149249,
        "461.0": 150398,
        "460.0": 151442,
        "459.0": 152454,
        "458.0": 153542,
        "457.0": 154587,
        "456.0": 155700,
        "455.0": 156728,
        "454.0": 157761,
        "453.0": 158759,
        "452.0": 159782,
        "451.0": 160814,
        "450.0": 161824,
        "449.0": 162831,
        "448.0": 163862,
        "447.0": 164866,
        "446.0": 165905,
        "445.0": 166906,
        "444.0": 167841,
        "443.0": 168784,
        "442.0": 169769,
        "441.0": 170706,
        "440.0": 171665,
        "439.0": 172582,
        "438.0": 173565,
        "437.0": 174432,
        "436.0": 175338,
        "435.0": 176259,
        "434.0": 177193,
        "433.0": 178078,
        "432.0": 178952,
        "431.0": 179782,
        "430.0": 180653,
        "429.0": 181555,
        "428.0": 182388,
        "427.0": 183238,
        "426.0": 184085,
        "425.0": 184919,
        "424.0": 185756,
        "423.0": 186617,
        "422.0": 187446,
        "421.0": 188224,
        "420.0": 189035,
        "419.0": 189789,
        "418.0": 190640,
        "417.0": 191405,
        "416.0": 192187,
        "415.0": 192949,
        "414.0": 193659,
        "413.0": 194387,
        "412.0": 195168,
        "411.0": 195883,
        "410.0": 196588,
        "409.0": 197262,
        "408.0": 197959,
        "407.0": 198656,
        "406.0": 199334,
        "405.0": 200045,
        "404.0": 200722,
        "403.0": 201410,
        "402.0": 202074,
        "401.0": 202734,
        "400.0": 203370,
        "399.0": 204016,
        "398.0": 204637,
        "397.0": 205310,
        "396.0": 205924,
        "395.0": 206516,
        "394.0": 207113,
        "393.0": 207685,
        "392.0": 208327,
        "391.0": 208929,
        "390.0": 209513,
        "389.0": 210156,
        "388.0": 210694,
        "387.0": 211241,
        "386.0": 211785,
        "385.0": 212346,
        "384.0": 212908,
        "383.0": 213480,
        "382.0": 214012,
        "381.0": 214541,
        "380.0": 215072,
        "379.0": 215589,
        "378.0": 216100,
        "377.0": 216623,
        "376.0": 217150,
        "375.0": 217651,
        "374.0": 218155,
        "373.0": 218657,
        "372.0": 219146,
        "371.0": 219640,
        "370.0": 220125,
        "369.0": 220628,
        "368.0": 221097,
        "367.0": 221572,
        "366.0": 222015,
        "365.0": 222527,
        "364.0": 222963,
        "363.0": 223470,
        "362.0": 223960,
        "361.0": 224391,
        "360.0": 224838,
        "359.0": 225261,
        "358.0": 225699,
        "357.0": 226158,
        "356.0": 226582,
        "355.0": 227006,
        "354.0": 227415,
        "353.0": 227820,
        "352.0": 228237,
        "351.0": 228669,
        "350.0": 229061,
        "349.0": 229478,
        "348.0": 229866,
        "347.0": 230248,
        "346.0": 230644,
        "345.0": 231035,
        "344.0": 231385,
        "343.0": 231764,
        "342.0": 232153,
        "341.0": 232520,
        "340.0": 232909,
        "339.0": 233254,
        "338.0": 233630,
        "337.0": 233998,
        "336.0": 234361,
        "335.0": 234697,
        "334.0": 235043,
        "333.0": 235355,
        "332.0": 235730,
        "331.0": 236098,
        "330.0": 236410,
        "329.0": 236737,
        "328.0": 237099,
        "327.0": 237433,
        "326.0": 237735,
        "325.0": 238077,
        "324.0": 238399,
        "323.0": 238724,
        "322.0": 239019,
        "321.0": 239347,
        "320.0": 239669,
        "319.0": 239972,
        "318.0": 240264,
        "317.0": 240549,
        "316.0": 240849,
        "315.0": 241129,
        "314.0": 241439,
        "313.0": 241743,
        "312.0": 242017,
        "311.0": 242280,
        "310.0": 242567,
        "309.0": 242854,
        "308.0": 243166,
        "307.0": 243436,
        "306.0": 243717,
        "305.0": 243959,
        "304.0": 244258,
        "303.0": 244507,
        "302.0": 244799,
        "301.0": 245043,
        "300.0": 245309,
        "299.0": 245600,
        "298.0": 245878,
        "297.0": 246139,
        "296.0": 246401,
        "295.0": 246640,
        "294.0": 246890,
        "293.0": 247145,
        "292.0": 247403,
        "291.0": 247678,
        "290.0": 247917,
        "289.0": 248162,
        "288.0": 248403,
        "287.0": 248635,
        "286.0": 248867,
        "285.0": 249107,
        "284.0": 249367,
        "283.0": 249582,
        "282.0": 249829,
        "281.0": 250077,
        "280.0": 250305,
        "279.0": 250543,
        "278.0": 250781,
        "277.0": 251007,
        "276.0": 251223,
        "275.0": 251456,
        "274.0": 251710,
        "273.0": 251945,
        "272.0": 252160,
        "271.0": 252366,
        "270.0": 252597,
        "269.0": 252823,
        "268.0": 253071,
        "267.0": 253283,
        "266.0": 253542,
        "265.0": 253754,
        "264.0": 253992,
        "263.0": 254249,
        "262.0": 254463,
        "261.0": 254703,
        "260.0": 254917,
        "259.0": 255130,
        "258.0": 255366,
        "257.0": 255601,
        "256.0": 255809,
        "255.0": 256012,
        "254.0": 256233,
        "253.0": 256459,
        "252.0": 256671,
        "251.0": 256902,
        "250.0": 257129,
        "249.0": 257306,
        "248.0": 257514,
        "247.0": 257719,
        "246.0": 257910,
        "245.0": 258112,
        "244.0": 258302,
        "243.0": 258498,
        "242.0": 258714,
        "241.0": 258909,
        "240.0": 259121,
        "239.0": 259312,
        "238.0": 259550,
        "237.0": 259725,
        "236.0": 259903,
        "235.0": 260085,
        "234.0": 260285,
        "233.0": 260479,
        "232.0": 260668,
        "231.0": 260859,
        "230.0": 261064,
        "229.0": 261260,
        "228.0": 261469,
        "227.0": 261649,
        "226.0": 261828,
        "225.0": 262020,
        "224.0": 262221,
        "223.0": 262409,
        "222.0": 262568,
        "221.0": 262740,
        "220.0": 262931,
        "219.0": 263098,
        "218.0": 263258,
        "217.0": 263422,
        "216.0": 263580,
        "215.0": 263749,
        "214.0": 263891,
        "213.0": 264046,
        "212.0": 264199,
        "211.0": 264347,
        "210.0": 264498,
        "209.0": 264690,
        "208.0": 264837,
        "207.0": 265010,
        "206.0": 265183,
        "205.0": 265330,
        "204.0": 265475,
        "203.0": 265608,
        "202.0": 265729,
        "201.0": 265881,
        "200.0": 266030,
        "199.0": 266144,
        "198.0": 266264,
        "197.0": 266379,
        "196.0": 266508,
        "195.0": 266631,
        "194.0": 266756,
        "193.0": 266862,
        "192.0": 266989,
        "191.0": 267081,
        "190.0": 267204,
        "189.0": 267324,
        "188.0": 267443,
        "187.0": 267568,
        "186.0": 267678,
        "185.0": 267800,
        "184.0": 267911,
        "183.0": 268003,
        "182.0": 268100,
        "181.0": 268192
      }
    }
  }
}