{
    "2017": {
        "江苏": {
            "理科": {
                "421": 12,
                "420": 13,
                "419": 20,
                "418": 26,
                "417": 34,
                "416": 43,
                "415": 55,
                "414": 62,
                "413": 76,
                "412": 91,
                "411": 111,
                "410": 124,
                "409": 145,
                "408": 168,
                "407": 188,
                "406": 217,
                "405": 254,
                "404": 284,
                "403": 323,
                "402": 357,
                "401": 391,
                "400": 471,
                "399": 524,
                "398": 605,
                "397": 689,
                "396": 778,
                "395": 858,
                "394": 968,
                "393": 1083,
                "392": 1203,
                "391": 1354,
                "390": 1492,
                "389": 1672,
                "388": 1856,
                "387": 2054,
                "386": 2280,
                "385": 2496,
                "384": 2716,
                "383": 2972,
                "382": 3252,
                "381": 3565,
                "380": 3880,
                "379": 4221,
                "378": 4582,
                "377": 4948,
                "376": 5409,
                "375": 5828,
                "374": 6301,
                "373": 6788,
                "372": 7306,
                "371": 7883,
                "370": 8479,
                "369": 9034,
                "368": 9697,
                "367": 10376,
                "366": 11112,
                "365": 11842,
                "364": 12644,
                "363": 13538,
                "362": 14414,
                "361": 15347,
                "360": 16274,
                "359": 17298,
                "358": 18358,
                "357": 19380,
                "356": 20464,
                "355": 21596,
                "354": 22781,
                "353": 23967,
                "352": 25254,
                "351": 26530,
                "350": 27862,
                "349": 29184,
                "348": 30539,
                "347": 31958,
                "346": 33364,
                "345": 34889,
                "344": 36359,
                "343": 37876,
                "342": 39446,
                "341": 41063,
                "340": 42652,
                "339": 44252,
                "338": 46019,
                "337": 47749,
                "336": 49490,
                "335": 51215,
                "334": 52966,
                "333": 54787,
                "332": 56573,
                "331": 58380,
                "330": 60187,
                "329": 61970,
                "328": 63738,
                "327": 65462,
                "326": 67245,
                "325": 68984,
                "324": 70757,
                "323": 72553,
                "322": 74266,
                "321": 76032,
                "320": 77707,
                "319": 79372,
                "318": 81010,
                "317": 82647,
                "316": 84315,
                "315": 85884,
                "314": 87419,
                "313": 88883,
                "312": 90307,
                "311": 91778,
                "310": 93140,
                "309": 94480,
                "308": 95807,
                "307": 97116,
                "306": 98453,
                "305": 99677,
                "304": 100865,
                "303": 102011,
                "302": 103020,
                "301": 104118,
                "300": 105141,
                "299": 106172,
                "298": 107089,
                "297": 107995,
                "296": 108885,
                "295": 109693,
                "294": 110515,
                "293": 111315,
                "292": 112057,
                "291": 112778,
                "290": 113450,
                "289": 114138,
                "288": 114760,
                "287": 115348,
                "286": 115885,
                "285": 116445,
                "284": 116913,
                "283": 117367,
                "282": 117851,
                "281": 118320,
                "280": 118727,
                "279": 119076,
                "278": 119450,
                "277": 119792,
                "276": 120113,
                "275": 120396,
                "274": 120635,
                "273": 120905,
                "272": 121168,
                "271": 121381,
                "270": 121602,
                "269": 121808,
                "268": 122013,
                "267": 122218,
                "266": 122387,
                "265": 122526,
                "264": 122687,
                "263": 122815,
                "262": 122945,
                "261": 123054,
                "260": 123180,
                "259": 123280
            }
        }
    }
}