{
    "2017": {
        "云南": {
            "文科": {
                "700.0": 0.0,
                "695.0": 2.0,
                "690.0": 5.0,
                "685.0": 7.0,
                "680.0": 10.0,
                "675.0": 20.0,
                "670.0": 31.0,
                "665.0": 53.0,
                "660.0": 59.0,
                "655.0": 79.0,
                "650.0": 125.0,
                "645.0": 196.0,
                "640.0": 287.0,
                "635.0": 404.0,
                "630.0": 546.0,
                "625.0": 740.0,
                "620.0": 947.0,
                "615.0": 1198.0,
                "610.0": 1460.0,
                "605.0": 1822.0,
                "600.0": 2193.0,
                "595.0": 2693.0,
                "590.0": 3217.0,
                "585.0": 3802.0,
                "580.0": 4434.0,
                "575.0": 5123.0,
                "570.0": 5915.0,
                "565.0": 6728.0,
                "560.0": 7663.0,
                "555.0": 8701.0,
                "550.0": 9776.0,
                "545.0": 11016.0,
                "540.0": 12288.0,
                "535.0": 13664.0,
                "530.0": 15092.0,
                "525.0": 16708.0,
                "520.0": 18447.0,
                "515.0": 20178.0,
                "510.0": 22116.0,
                "505.0": 24131.0,
                "500.0": 26253.0,
                "495.0": 28464.0,
                "490.0": 30739.0,
                "485.0": 33196.0,
                "480.0": 35721.0,
                "475.0": 38244.0,
                "470.0": 40897.0,
                "465.0": 43582.0,
                "460.0": 46342.0,
                "455.0": 49072.0,
                "450.0": 51941.0,
                "445.0": 54853.0,
                "440.0": 57724.0,
                "435.0": 60563.0,
                "430.0": 63352.0,
                "425.0": 66268.0,
                "420.0": 69177.0,
                "415.0": 72017.0,
                "410.0": 74781.0,
                "405.0": 77409.0,
                "400.0": 80058.0,
                "395.0": 82597.0,
                "390.0": 85097.0,
                "385.0": 87443.0,
                "380.0": 89640.0,
                "375.0": 91711.0,
                "370.0": 93620.0,
                "365.0": 95415.0,
                "360.0": 97051.0,
                "355.0": 98538.0,
                "350.0": 99896.0,
                "345.0": 101137.0,
                "340.0": 102233.0,
                "335.0": 103177.0,
                "330.0": 104009.0,
                "325.0": 104757.0,
                "320.0": 105386.0,
                "315.0": 105955.0,
                "310.0": 106459.0,
                "305.0": 106857.0,
                "300.0": 107226.0,
                "295.0": 107581.0,
                "290.0": 107852.0,
                "285.0": 108054.0,
                "280.0": 108251.0,
                "275.0": 108394.0,
                "270.0": 108519.0,
                "265.0": 108635.0,
                "260.0": 108735.0,
                "255.0": 108808.0,
                "250.0": 108860.0,
                "245.0": 108925.0,
                "240.0": 108977.0,
                "235.0": 109011.0,
                "230.0": 109051.0,
                "225.0": 109078.0,
                "220.0": 109101.0,
                "215.0": 109123.0,
                "210.0": 109143.0,
                "205.0": 109152.0,
                "200.0": 109168.0,
                "195.0": 109177.0,
                "190.0": 109184.0,
                "185.0": 109197.0,
                "180.0": 109205.0,
                "175.0": 109208.0,
                "170.0": 109210.0,
                "165.0": 109217.0,
                "160.0": 109224.0,
                "155.0": 109231.0,
                "150.0": 109235.0,
                "145.0": 109241.0,
                "140.0": 109246.0,
                "135.0": 109248.0,
                "130.0": 109250.0,
                "125.0": 109256.0,
                "120.0": 109259.0,
                "115.0": 109262.0,
                "110.0": 109268.0,
                "105.0": 109268.0,
                "100.0": 109268.0,
                "0.0": 115414.0
            }
        }
    }
}