{
    "2017": {
        "贵州": {
            "理科": {
                "700.0": 2.0,
                "699.0": 2.0,
                "698.0": 2.0,
                "697.0": 2.0,
                "696.0": 2.0,
                "695.0": 6.0,
                "694.0": 7.0,
                "693.0": 8.0,
                "692.0": 9.0,
                "691.0": 10.0,
                "690.0": 11.0,
                "689.0": 14.0,
                "688.0": 14.0,
                "687.0": 14.0,
                "686.0": 14.0,
                "685.0": 15.0,
                "684.0": 15.0,
                "683.0": 15.0,
                "682.0": 19.0,
                "681.0": 20.0,
                "680.0": 20.0,
                "679.0": 22.0,
                "678.0": 27.0,
                "677.0": 30.0,
                "676.0": 31.0,
                "675.0": 32.0,
                "674.0": 35.0,
                "673.0": 36.0,
                "672.0": 37.0,
                "671.0": 38.0,
                "670.0": 43.0,
                "669.0": 48.0,
                "668.0": 51.0,
                "667.0": 54.0,
                "666.0": 57.0,
                "665.0": 62.0,
                "664.0": 66.0,
                "663.0": 70.0,
                "662.0": 76.0,
                "661.0": 85.0,
                "660.0": 90.0,
                "659.0": 95.0,
                "658.0": 97.0,
                "657.0": 103.0,
                "656.0": 106.0,
                "655.0": 110.0,
                "654.0": 119.0,
                "653.0": 129.0,
                "652.0": 140.0,
                "651.0": 149.0,
                "650.0": 162.0,
                "649.0": 172.0,
                "648.0": 180.0,
                "647.0": 191.0,
                "646.0": 204.0,
                "645.0": 216.0,
                "644.0": 229.0,
                "643.0": 240.0,
                "642.0": 254.0,
                "641.0": 268.0,
                "640.0": 287.0,
                "639.0": 297.0,
                "638.0": 305.0,
                "637.0": 319.0,
                "636.0": 337.0,
                "635.0": 360.0,
                "634.0": 377.0,
                "633.0": 390.0,
                "632.0": 405.0,
                "631.0": 413.0,
                "630.0": 425.0,
                "629.0": 442.0,
                "628.0": 467.0,
                "627.0": 489.0,
                "626.0": 514.0,
                "625.0": 543.0,
                "624.0": 567.0,
                "623.0": 587.0,
                "622.0": 617.0,
                "621.0": 644.0,
                "620.0": 678.0,
                "619.0": 704.0,
                "618.0": 730.0,
                "617.0": 751.0,
                "616.0": 778.0,
                "615.0": 804.0,
                "614.0": 835.0,
                "613.0": 868.0,
                "612.0": 903.0,
                "611.0": 939.0,
                "610.0": 972.0,
                "609.0": 1019.0,
                "608.0": 1057.0,
                "607.0": 1096.0,
                "606.0": 1133.0,
                "605.0": 1187.0,
                "604.0": 1244.0,
                "603.0": 1286.0,
                "602.0": 1323.0,
                "601.0": 1360.0,
                "600.0": 1412.0,
                "599.0": 1471.0,
                "598.0": 1520.0,
                "597.0": 1570.0,
                "596.0": 1635.0,
                "595.0": 1695.0,
                "594.0": 1751.0,
                "593.0": 1809.0,
                "592.0": 1876.0,
                "591.0": 1949.0,
                "590.0": 2026.0,
                "589.0": 2092.0,
                "588.0": 2161.0,
                "587.0": 2232.0,
                "586.0": 2295.0,
                "585.0": 2373.0,
                "584.0": 2459.0,
                "583.0": 2548.0,
                "582.0": 2618.0,
                "581.0": 2717.0,
                "580.0": 2811.0,
	"579.0": 2902.0,
                "578.0": 2981.0,
                "577.0": 3077.0,
                "576.0": 3175.0,
                "575.0": 3261.0,
                "574.0": 3379.0,
                "573.0": 3499.0,
                "572.0": 3616.0,
                "571.0": 3727.0,
                "570.0": 3832.0,
                "569.0": 3951.0,
                "568.0": 4068.0,
                "567.0": 4170.0,
                "566.0": 4290.0,
                "565.0": 4411.0,
                "564.0": 4543.0,
                "563.0": 4673.0,
                "562.0": 4815.0,
                "561.0": 4959.0,
                "560.0": 5085.0,
                "559.0": 5224.0,
                "558.0": 5385.0,
                "557.0": 5546.0,
                "556.0": 5713.0,
                "555.0": 5869.0,
                "554.0": 6015.0,
                "553.0": 6166.0,
                "552.0": 6340.0,
                "551.0": 6508.0,
                "550.0": 6665.0,
                "549.0": 6835.0,
                "548.0": 7012.0,
                "547.0": 7195.0,
                "546.0": 7369.0,
                "545.0": 7545.0,
                "544.0": 7743.0,
                "543.0": 7943.0,
                "542.0": 8122.0,
                "541.0": 8307.0,
                "540.0": 8496.0,
                "539.0": 8716.0,
                "538.0": 8930.0,
                "537.0": 9155.0,
                "536.0": 9365.0,
                "535.0": 9597.0,
                "534.0": 9815.0,
                "533.0": 10052.0,
                "532.0": 10287.0,
                "531.0": 10522.0,
                "530.0": 10762.0,
                "529.0": 10999.0,
                "528.0": 11245.0,
                "527.0": 11508.0,
                "526.0": 11775.0,
                "525.0": 12025.0,
                "524.0": 12257.0,
                "523.0": 12549.0,
                "522.0": 12835.0,
                "521.0": 13142.0,
                "520.0": 13429.0,
                "519.0": 13706.0,
                "518.0": 14002.0,
                "517.0": 14301.0,
                "516.0": 14594.0,
                "515.0": 14887.0,
                "514.0": 15201.0,
                "513.0": 15502.0,
                "512.0": 15831.0,
                "511.0": 16156.0,
                "510.0": 16480.0,
                "509.0": 16803.0,
                "508.0": 17130.0,
                "507.0": 17451.0,
                "506.0": 17784.0,
                "505.0": 18109.0,
                "504.0": 18462.0,
                "503.0": 18801.0,
                "502.0": 19165.0,
                "501.0": 19522.0,
                "500.0": 19913.0,
                "499.0": 20289.0,
                "498.0": 20650.0,
                "497.0": 21055.0,
                "496.0": 21484.0,
                "495.0": 21856.0,
                "494.0": 22232.0,
                "493.0": 22651.0,
                "492.0": 23041.0,
                "491.0": 23450.0,
                "490.0": 23887.0,
                "489.0": 24315.0,
                "488.0": 24755.0,
                "487.0": 25164.0,
                "486.0": 25613.0,
                "485.0": 26033.0,
                "484.0": 26464.0,
                "483.0": 26893.0,
                "482.0": 27345.0,
                "481.0": 27805.0,
                "480.0": 28298.0,
                "479.0": 28751.0,
                "478.0": 29215.0,
                "477.0": 29661.0,
                "476.0": 30149.0,
                "475.0": 30618.0,
                "474.0": 31067.0,
                "473.0": 31566.0,
                "472.0": 32081.0,
                "471.0": 32592.0,
                "470.0": 33093.0,
                "469.0": 33601.0,
                "468.0": 34156.0,
                "467.0": 34634.0,
                "466.0": 35173.0,
                "465.0": 35718.0,
                "464.0": 36213.0,
                "463.0": 36767.0,
                "462.0": 37293.0,
                "461.0": 37864.0,
                "460.0": 38436.0,
                "459.0": 39006.0,
                "458.0": 39605.0,
                "457.0": 40188.0,
                "456.0": 40753.0
            }
        }
    }
}