{
    "2017": {
        "天津": {
            "文科": {
                "653.0": 12.0,
                "652.0": 13.0,
                "651.0": 15.0,
                "650.0": 18.0,
                "649.0": 21.0,
                "648.0": 22.0,
                "647.0": 24.0,
                "646.0": 29.0,
                "645.0": 32.0,
                "644.0": 35.0,
                "643.0": 38.0,
                "642.0": 42.0,
                "641.0": 52.0,
                "640.0": 58.0,
                "639.0": 64.0,
                "638.0": 69.0,
                "637.0": 75.0,
                "636.0": 83.0,
                "635.0": 93.0,
                "634.0": 99.0,
                "633.0": 111.0,
                "632.0": 117.0,
                "631.0": 124.0,
                "630.0": 132.0,
                "629.0": 142.0,
                "628.0": 152.0,
                "627.0": 158.0,
                "626.0": 169.0,
                "625.0": 176.0,
                "624.0": 186.0,
                "623.0": 195.0,
                "622.0": 206.0,
                "621.0": 216.0,
                "620.0": 227.0,
                "619.0": 238.0,
                "618.0": 250.0,
                "617.0": 259.0,
                "616.0": 269.0,
                "615.0": 280.0,
                "614.0": 300.0,
                "613.0": 313.0,
                "612.0": 323.0,
                "611.0": 333.0,
                "610.0": 343.0,
                "609.0": 356.0,
                "608.0": 371.0,
                "607.0": 391.0,
                "606.0": 412.0,
                "605.0": 427.0,
                "604.0": 444.0,
                "603.0": 458.0,
                "602.0": 479.0,
                "601.0": 500.0,
                "600.0": 530.0,
                "599.0": 558.0,
                "598.0": 576.0,
                "597.0": 594.0,
                "596.0": 624.0,
                "595.0": 642.0,
                "594.0": 656.0,
                "593.0": 680.0,
                "592.0": 710.0,
                "591.0": 736.0,
                "590.0": 763.0,
                "589.0": 793.0,
                "588.0": 819.0,
                "587.0": 841.0,
                "586.0": 866.0,
                "585.0": 889.0,
                "584.0": 918.0,
                "583.0": 947.0,
                "582.0": 975.0,
                "581.0": 1003.0,
                "580.0": 1035.0,
                "579.0": 1061.0,
                "578.0": 1087.0,
                "577.0": 1117.0,
                "576.0": 1152.0,
                "575.0": 1195.0,
                "574.0": 1231.0,
                "573.0": 1262.0,
                "572.0": 1296.0,
                "571.0": 1330.0,
                "570.0": 1370.0,
                "569.0": 1402.0,
                "568.0": 1437.0,
                "567.0": 1477.0,
                "566.0": 1526.0,
                "565.0": 1567.0,
                "564.0": 1604.0,
                "563.0": 1656.0,
                "562.0": 1690.0,
                "561.0": 1729.0,
                "560.0": 1765.0,
                "559.0": 1811.0,
                "558.0": 1854.0,
                "557.0": 1900.0,
                "556.0": 1952.0,
                "555.0": 1990.0,
                "554.0": 2030.0,
                "553.0": 2071.0,
                "552.0": 2111.0,
                "551.0": 2155.0,
                "550.0": 2206.0,
                "549.0": 2244.0,
                "548.0": 2293.0,
                "547.0": 2342.0,
                "546.0": 2388.0,
                "545.0": 2437.0,
                "544.0": 2485.0,
                "543.0": 2529.0,
                "542.0": 2589.0,
                "541.0": 2632.0,
                "540.0": 2674.0,
                "539.0": 2721.0,
                "538.0": 2764.0,
                "537.0": 2807.0,
                "536.0": 2857.0,
                "535.0": 2904.0,
                "534.0": 2951.0,
                "533.0": 2998.0,
                "532.0": 3048.0,
                "531.0": 3100.0,
                "530.0": 3150.0,
                "529.0": 3192.0,
                "528.0": 3250.0,
                "527.0": 3311.0,
                "526.0": 3364.0,
                "525.0": 3427.0,
                "524.0": 3483.0,
                "523.0": 3536.0,
                "522.0": 3592.0,
                "521.0": 3647.0,
                "520.0": 3710.0,
                "519.0": 3756.0,
                "518.0": 3818.0,
                "517.0": 3866.0,
                "516.0": 3931.0,
                "515.0": 3991.0,
                "514.0": 4042.0,
                "513.0": 4098.0,
                "512.0": 4146.0,
                "511.0": 4186.0,
                "510.0": 4240.0,
                "509.0": 4284.0,
                "508.0": 4347.0,
                "507.0": 4395.0,
                "506.0": 4460.0,
                "505.0": 4509.0,
                "504.0": 4581.0,
                "503.0": 4628.0,
                "502.0": 4687.0,
                "501.0": 4738.0,
                "500.0": 4803.0,
                "499.0": 4854.0,
                "498.0": 4911.0,
                "497.0": 4960.0,
                "496.0": 5034.0,
                "495.0": 5093.0,
                "494.0": 5149.0,
                "493.0": 5212.0,
                "492.0": 5272.0,
                "491.0": 5342.0,
                "490.0": 5402.0,
                "489.0": 5461.0,
                "488.0": 5512.0,
                "487.0": 5567.0,
                "486.0": 5635.0,
                "485.0": 5698.0,
                "484.0": 5757.0,
                "483.0": 5813.0,
                "482.0": 5862.0,
                "481.0": 5907.0,
                "480.0": 5967.0,
                "479.0": 6017.0,
                "478.0": 6072.0,
                "477.0": 6128.0,
                "476.0": 6183.0,
                "475.0": 6244.0,
                "474.0": 6306.0,
                "473.0": 6363.0,
                "472.0": 6415.0,
                "471.0": 6479.0,
                "470.0": 6548.0,
                "469.0": 6605.0,
                "468.0": 6658.0,
                "467.0": 6721.0,
                "466.0": 6778.0,
                "465.0": 6844.0,
                "464.0": 6906.0,
                "463.0": 6965.0,
                "462.0": 7019.0,
                "461.0": 7083.0,
                "460.0": 7133.0,
                "459.0": 7194.0,
                "458.0": 7255.0,
                "457.0": 7312.0,
                "456.0": 7378.0,
                "455.0": 7442.0,
                "454.0": 7492.0,
                "453.0": 7552.0,
                "452.0": 7612.0,
                "451.0": 7683.0,
                "450.0": 7735.0,
                "449.0": 7777.0,
                "448.0": 7834.0,
                "447.0": 7892.0,
                "446.0": 7950.0,
                "445.0": 7994.0,
                "444.0": 8047.0,
                "443.0": 8104.0,
                "442.0": 8157.0,
                "441.0": 8206.0,
                "440.0": 8268.0,
                "439.0": 8316.0,
                "438.0": 8371.0,
                "437.0": 8420.0,
                "436.0": 8484.0,
                "435.0": 8538.0,
                "434.0": 8591.0,
                "433.0": 8655.0,
                "432.0": 8705.0,
                "431.0": 8750.0,
                "430.0": 8789.0,
                "429.0": 8836.0,
                "428.0": 8898.0,
                "427.0": 8962.0,
                "426.0": 9012.0,
                "425.0": 9065.0,
                "424.0": 9113.0,
                "423.0": 9156.0,
                "422.0": 9207.0,
                "421.0": 9280.0,
                "420.0": 9338.0,
                "419.0": 9387.0,
                "418.0": 9437.0,
                "417.0": 9482.0,
                "416.0": 9538.0,
                "415.0": 9586.0,
                "414.0": 9640.0,
                "413.0": 9695.0,
                "412.0": 9746.0,
                "411.0": 9802.0,
                "410.0": 9869.0,
                "409.0": 9925.0,
                "408.0": 9958.0,
                "407.0": 10004.0,
                "406.0": 10056.0,
                "405.0": 10109.0,
                "404.0": 10159.0,
                "403.0": 10216.0,
                "402.0": 10262.0,
                "401.0": 10315.0,
                "400.0": 10367.0,
                "399.0": 10424.0,
                "398.0": 10476.0,
                "397.0": 10527.0,
                "396.0": 10574.0,
                "395.0": 10618.0,
                "394.0": 10674.0,
                "393.0": 10722.0,
                "392.0": 10789.0,
                "391.0": 10829.0,
                "390.0": 10876.0,
                "389.0": 10925.0,
                "388.0": 10970.0,
                "387.0": 11017.0,
                "386.0": 11055.0,
                "385.0": 11093.0,
                "384.0": 11130.0,
                "383.0": 11175.0,
                "382.0": 11214.0,
                "381.0": 11258.0,
                "380.0": 11294.0,
                "379.0": 11329.0,
                "378.0": 11368.0,
                "377.0": 11413.0,
                "376.0": 11471.0,
                "375.0": 11510.0,
                "374.0": 11566.0,
                "373.0": 11618.0,
                "372.0": 11671.0,
                "371.0": 11717.0,
                "370.0": 11768.0,
                "369.0": 11812.0,
                "368.0": 11842.0,
                "367.0": 11883.0,
                "366.0": 11911.0,
                "365.0": 11946.0,
                "364.0": 11986.0,
                "363.0": 12027.0,
                "362.0": 12081.0,
                "361.0": 12120.0,
                "360.0": 12156.0,
                "359.0": 12189.0,
                "358.0": 12220.0,
                "357.0": 12254.0,
                "356.0": 12281.0,
                "355.0": 12334.0,
                "354.0": 12374.0,
                "353.0": 12413.0,
                "352.0": 12449.0,
                "351.0": 12481.0,
                "350.0": 12514.0,
                "349.0": 12560.0,
                "348.0": 12599.0,
                "347.0": 12634.0,
                "346.0": 12671.0,
                "345.0": 12702.0,
                "344.0": 12730.0,
                "343.0": 12768.0,
                "342.0": 12805.0,
                "341.0": 12839.0,
                "340.0": 12875.0,
                "339.0": 12917.0,
                "338.0": 12950.0,
                "337.0": 12975.0,
                "336.0": 13005.0,
                "335.0": 13040.0,
                "334.0": 13081.0,
                "333.0": 13115.0,
                "332.0": 13143.0,
                "331.0": 13177.0,
                "330.0": 13208.0,
                "329.0": 13242.0,
                "328.0": 13271.0,
                "327.0": 13303.0,
                "326.0": 13341.0
            }
        }
    }
}