{
    "2017": {
        "天津": {
            "理科": {
                "692.0": 15.0,
                "691.0": 16.0,
                "690.0": 18.0,
                "689.0": 22.0,
                "688.0": 28.0,
                "687.0": 35.0,
                "686.0": 38.0,
                "685.0": 46.0,
                "684.0": 56.0,
                "683.0": 66.0,
                "682.0": 71.0,
                "681.0": 81.0,
                "680.0": 93.0,
                "679.0": 101.0,
                "678.0": 116.0,
                "677.0": 131.0,
                "676.0": 145.0,
                "675.0": 154.0,
                "674.0": 166.0,
                "673.0": 186.0,
                "672.0": 203.0,
                "671.0": 220.0,
                "670.0": 239.0,
                "669.0": 260.0,
                "668.0": 278.0,
                "667.0": 298.0,
                "666.0": 315.0,
                "665.0": 338.0,
                "664.0": 361.0,
                "663.0": 391.0,
                "662.0": 426.0,
                "661.0": 444.0,
                "660.0": 469.0,
                "659.0": 499.0,
                "658.0": 531.0,
                "657.0": 557.0,
                "656.0": 592.0,
                "655.0": 626.0,
                "654.0": 674.0,
                "653.0": 711.0,
                "652.0": 738.0,
                "651.0": 773.0,
                "650.0": 818.0,
                "649.0": 872.0,
                "648.0": 909.0,
                "647.0": 951.0,
                "646.0": 993.0,
                "645.0": 1034.0,
                "644.0": 1074.0,
                "643.0": 1119.0,
                "642.0": 1173.0,
                "641.0": 1221.0,
                "640.0": 1272.0,
                "639.0": 1317.0,
                "638.0": 1372.0,
                "637.0": 1430.0,
                "636.0": 1490.0,
                "635.0": 1537.0,
                "634.0": 1589.0,
                "633.0": 1650.0,
                "632.0": 1686.0,
                "631.0": 1745.0,
                "630.0": 1793.0,
                "629.0": 1859.0,
                "628.0": 1924.0,
                "627.0": 1984.0,
                "626.0": 2039.0,
                "625.0": 2107.0,
                "624.0": 2178.0,
                "623.0": 2257.0,
                "622.0": 2323.0,
                "621.0": 2399.0,
                "620.0": 2469.0,
                "619.0": 2533.0,
                "618.0": 2603.0,
                "617.0": 2683.0,
                "616.0": 2750.0,
                "615.0": 2819.0,
                "614.0": 2886.0,
                "613.0": 2960.0,
                "612.0": 3031.0,
                "611.0": 3102.0,
                "610.0": 3169.0,
                "609.0": 3244.0,
                "608.0": 3325.0,
                "607.0": 3403.0,
                "606.0": 3476.0,
                "605.0": 3574.0,
                "604.0": 3666.0,
                "603.0": 3740.0,
                "602.0": 3836.0,
                "601.0": 3914.0,
                "600.0": 4010.0,
                "599.0": 4092.0,
                "598.0": 4175.0,
                "597.0": 4271.0,
                "596.0": 4380.0,
                "595.0": 4468.0,
                "594.0": 4538.0,
                "593.0": 4639.0,
                "592.0": 4723.0,
                "591.0": 4817.0,
                "590.0": 4928.0,
                "589.0": 5020.0,
                "588.0": 5098.0,
                "587.0": 5186.0,
                "586.0": 5293.0,
                "585.0": 5396.0,
                "584.0": 5494.0,
                "583.0": 5601.0,
                "582.0": 5696.0,
                "581.0": 5796.0,
                "580.0": 5892.0,
                "579.0": 6003.0,
                "578.0": 6112.0,
                "577.0": 6220.0,
                "576.0": 6306.0,
                "575.0": 6420.0,
                "574.0": 6518.0,
                "573.0": 6625.0,
                "572.0": 6732.0,
                "571.0": 6840.0,
                "570.0": 6951.0,
                "569.0": 7058.0,
                "568.0": 7173.0,
                "567.0": 7281.0,
                "566.0": 7381.0,
                "565.0": 7505.0,
                "564.0": 7621.0,
                "563.0": 7746.0,
                "562.0": 7821.0,
                "561.0": 7939.0,
                "560.0": 8074.0,
                "559.0": 8211.0,
                "558.0": 8317.0,
                "557.0": 8429.0,
                "556.0": 8553.0,
                "555.0": 8668.0,
                "554.0": 8792.0,
                "553.0": 8909.0,
                "552.0": 9015.0,
                "551.0": 9129.0,
                "550.0": 9266.0,
                "549.0": 9390.0,
                "548.0": 9528.0,
                "547.0": 9649.0,
                "546.0": 9780.0,
                "545.0": 9938.0,
                "544.0": 10037.0,
                "543.0": 10148.0,
                "542.0": 10260.0,
                "541.0": 10377.0,
                "540.0": 10495.0,
                "539.0": 10611.0,
                "538.0": 10739.0,
                "537.0": 10837.0,
                "536.0": 10965.0,
                "535.0": 11083.0,
                "534.0": 11223.0,
                "533.0": 11337.0,
                "532.0": 11493.0,
                "531.0": 11630.0,
                "530.0": 11773.0,
                "529.0": 11910.0,
                "528.0": 12031.0,
                "527.0": 12168.0,
                "526.0": 12309.0,
                "525.0": 12443.0,
                "524.0": 12557.0,
                "523.0": 12683.0,
                "522.0": 12847.0,
                "521.0": 12986.0,
                "520.0": 13110.0,
                "519.0": 13246.0,
                "518.0": 13375.0,
                "517.0": 13534.0,
                "516.0": 13678.0,
                "515.0": 13822.0,
                "514.0": 13945.0,
                "513.0": 14088.0,
                "512.0": 14219.0,
                "511.0": 14365.0,
                "510.0": 14482.0,
                "509.0": 14608.0,
                "508.0": 14761.0,
                "507.0": 14911.0,
                "506.0": 15053.0,
                "505.0": 15187.0,
                "504.0": 15327.0,
                "503.0": 15471.0,
                "502.0": 15616.0,
                "501.0": 15777.0,
                "500.0": 15927.0,
                "499.0": 16078.0,
                "498.0": 16230.0,
                "497.0": 16382.0,
                "496.0": 16527.0,
                "495.0": 16662.0,
                "494.0": 16815.0,
                "493.0": 16968.0,
                "492.0": 17091.0,
                "491.0": 17232.0,
                "490.0": 17395.0,
                "489.0": 17555.0,
                "488.0": 17718.0,
                "487.0": 17880.0,
                "486.0": 18010.0,
                "485.0": 18159.0,
                "484.0": 18308.0,
                "483.0": 18463.0,
                "482.0": 18609.0,
                "481.0": 18772.0,
                "480.0": 18920.0,
                "479.0": 19073.0,
                "478.0": 19216.0,
                "477.0": 19375.0,
                "476.0": 19540.0,
                "475.0": 19687.0,
                "474.0": 19824.0,
                "473.0": 19969.0,
                "472.0": 20128.0,
                "471.0": 20305.0,
                "470.0": 20458.0,
                "469.0": 20624.0,
                "468.0": 20771.0,
                "467.0": 20925.0,
                "466.0": 21066.0,
                "465.0": 21209.0,
                "464.0": 21343.0,
                "463.0": 21468.0,
                "462.0": 21605.0,
                "461.0": 21784.0,
                "460.0": 21911.0,
                "459.0": 22058.0,
                "458.0": 22204.0,
                "457.0": 22365.0,
                "456.0": 22516.0,
                "455.0": 22656.0,
                "454.0": 22805.0,
                "453.0": 22926.0,
                "452.0": 23080.0,
                "451.0": 23228.0,
                "450.0": 23364.0,
                "449.0": 23496.0,
                "448.0": 23633.0,
                "447.0": 23791.0,
                "446.0": 23929.0,
                "445.0": 24062.0,
                "444.0": 24215.0,
                "443.0": 24348.0,
                "442.0": 24491.0,
                "441.0": 24621.0,
                "440.0": 24745.0,
                "439.0": 24892.0,
                "438.0": 25034.0,
                "437.0": 25164.0,
                "436.0": 25307.0,
                "435.0": 25459.0,
                "434.0": 25584.0,
                "433.0": 25728.0,
                "432.0": 25860.0,
                "431.0": 26001.0,
                "430.0": 26143.0,
                "429.0": 26274.0,
                "428.0": 26409.0,
                "427.0": 26535.0,
                "426.0": 26668.0,
                "425.0": 26815.0,
                "424.0": 26958.0,
                "423.0": 27086.0,
                "422.0": 27227.0,
                "421.0": 27371.0,
                "420.0": 27490.0,
                "419.0": 27624.0,
                "418.0": 27734.0,
                "417.0": 27874.0,
                "416.0": 28006.0,
                "415.0": 28144.0,
                "414.0": 28283.0,
                "413.0": 28425.0,
                "412.0": 28561.0,
                "411.0": 28681.0,
                "410.0": 28798.0,
                "409.0": 28926.0,
                "408.0": 29049.0,
                "407.0": 29181.0,
                "406.0": 29307.0,
                "405.0": 29433.0,
                "404.0": 29552.0,
                "403.0": 29685.0,
                "402.0": 29797.0,
                "401.0": 29908.0,
                "400.0": 30013.0,
                "399.0": 30112.0,
                "398.0": 30220.0,
                "397.0": 30311.0,
                "396.0": 30428.0,
                "395.0": 30541.0,
                "394.0": 30672.0,
                "393.0": 30805.0,
                "392.0": 30912.0,
                "391.0": 31034.0,
                "390.0": 31151.0,
                "389.0": 31248.0,
                "388.0": 31374.0,
                "387.0": 31485.0,
                "386.0": 31572.0,
                "385.0": 31665.0,
                "384.0": 31778.0,
                "383.0": 31855.0,
                "382.0": 31957.0,
                "381.0": 32066.0,
                "380.0": 32171.0,
                "379.0": 32281.0,
                "378.0": 32386.0,
                "377.0": 32488.0,
                "376.0": 32570.0,
                "375.0": 32659.0,
                "374.0": 32750.0,
                "373.0": 32817.0,
                "372.0": 32908.0,
                "371.0": 32993.0,
                "370.0": 33088.0,
                "369.0": 33189.0,
                "368.0": 33270.0,
                "367.0": 33350.0,
                "366.0": 33431.0,
                "365.0": 33520.0
            }
        }
    }
}