{
    "2017": {
        "云南": {
            "理科": {
                "700.0": 20.0,
                "695.0": 26.0,
                "690.0": 38.0,
                "685.0": 50.0,
                "680.0": 67.0,
                "675.0": 94.0,
                "670.0": 121.0,
                "665.0": 163.0,
                "660.0": 231.0,
                "655.0": 298.0,
                "650.0": 387.0,
                "645.0": 479.0,
                "640.0": 624.0,
                "635.0": 772.0,
                "630.0": 970.0,
                "625.0": 1197.0,
                "620.0": 1447.0,
                "615.0": 1777.0,
                "610.0": 2128.0,
                "605.0": 2523.0,
                "600.0": 2948.0,
                "595.0": 3486.0,
                "590.0": 4064.0,
                "585.0": 4727.0,
                "580.0": 5476.0,
                "575.0": 6259.0,
                "570.0": 7231.0,
                "565.0": 8270.0,
                "560.0": 9367.0,
                "555.0": 10624.0,
                "550.0": 11910.0,
                "545.0": 13324.0,
                "540.0": 14813.0,
                "535.0": 16460.0,
                "530.0": 18246.0,
                "525.0": 20103.0,
                "520.0": 22011.0,
                "515.0": 24120.0,
                "510.0": 26279.0,
                "505.0": 28492.0,
                "500.0": 30921.0,
                "495.0": 33298.0,
                "490.0": 35861.0,
                "485.0": 38450.0,
                "480.0": 41228.0,
                "475.0": 44045.0,
                "470.0": 46992.0,
                "465.0": 49979.0,
                "460.0": 53077.0,
                "455.0": 56331.0,
                "450.0": 59576.0,
                "445.0": 62902.0,
                "440.0": 66365.0,
                "435.0": 69658.0,
                "430.0": 73111.0,
                "425.0": 76546.0,
                "420.0": 79940.0,
                "415.0": 83238.0,
                "410.0": 86578.0,
                "405.0": 89972.0,
                "400.0": 93314.0,
                "395.0": 96456.0,
                "390.0": 99735.0,
                "385.0": 102898.0,
                "380.0": 105904.0,
                "375.0": 108886.0,
                "370.0": 111816.0,
                "365.0": 114566.0,
                "360.0": 117301.0,
                "355.0": 119895.0,
                "350.0": 122384.0,
                "345.0": 124803.0,
                "340.0": 127130.0,
                "335.0": 129352.0,
                "330.0": 131411.0,
                "325.0": 133476.0,
                "320.0": 135388.0,
                "315.0": 137096.0,
                "310.0": 138795.0,
                "305.0": 140372.0,
                "300.0": 141795.0,
                "295.0": 143090.0,
                "290.0": 144285.0,
                "285.0": 145343.0,
                "280.0": 146303.0,
                "275.0": 147176.0,
                "270.0": 147966.0,
                "265.0": 148651.0,
                "260.0": 149245.0,
                "255.0": 149769.0,
                "250.0": 150212.0,
                "245.0": 150608.0,
                "240.0": 150938.0,
                "235.0": 151221.0,
                "230.0": 151428.0,
                "225.0": 151612.0,
                "220.0": 151762.0,
                "215.0": 151905.0,
                "210.0": 151998.0,
                "205.0": 152076.0,
                "200.0": 152149.0,
                "195.0": 152196.0,
                "190.0": 152230.0,
                "185.0": 152259.0,
                "180.0": 152280.0,
                "175.0": 152308.0,
                "170.0": 152316.0,
                "165.0": 152322.0,
                "160.0": 152333.0,
                "155.0": 152337.0,
                "150.0": 152343.0,
                "145.0": 152345.0,
                "140.0": 152347.0,
                "135.0": 152350.0,
                "130.0": 152355.0,
                "125.0": 152359.0,
                "120.0": 152364.0,
                "115.0": 152368.0,
                "110.0": 152373.0,
                "105.0": 152376.0,
                "100.0": 152379.0,
                "0.0": 158889.0
            }
        }
    }
}