{
    "2017": {
        "山西": {
            "理科": {
                "661.0": 11.0,
                "660.0": 15.0,
                "659.0": 16.0,
                "658.0": 17.0,
                "657.0": 18.0,
                "656.0": 23.0,
                "655.0": 29.0,
                "654.0": 32.0,
                "653.0": 37.0,
                "652.0": 41.0,
                "651.0": 46.0,
                "650.0": 53.0,
                "649.0": 57.0,
                "648.0": 62.0,
                "647.0": 66.0,
                "646.0": 73.0,
                "645.0": 80.0,
                "644.0": 86.0,
                "643.0": 93.0,
                "642.0": 103.0,
                "641.0": 112.0,
                "640.0": 119.0,
                "639.0": 133.0,
                "638.0": 142.0,
                "637.0": 149.0,
                "636.0": 159.0,
                "635.0": 175.0,
                "634.0": 188.0,
                "633.0": 204.0,
                "632.0": 219.0,
                "631.0": 236.0,
                "630.0": 247.0,
                "629.0": 260.0,
                "628.0": 275.0,
                "627.0": 293.0,
                "626.0": 309.0,
                "625.0": 333.0,
                "624.0": 349.0,
                "623.0": 370.0,
                "622.0": 392.0,
                "621.0": 413.0,
                "620.0": 433.0,
                "619.0": 461.0,
                "618.0": 486.0,
                "617.0": 520.0,
                "616.0": 545.0,
                "615.0": 580.0,
                "614.0": 609.0,
                "613.0": 646.0,
                "612.0": 679.0,
                "611.0": 721.0,
                "610.0": 754.0,
                "609.0": 781.0,
                "608.0": 827.0,
                "607.0": 869.0,
                "606.0": 918.0,
                "605.0": 963.0,
                "604.0": 1005.0,
                "603.0": 1037.0,
                "602.0": 1089.0,
                "601.0": 1139.0,
                "600.0": 1189.0,
                "599.0": 1239.0,
                "598.0": 1288.0,
                "597.0": 1343.0,
                "596.0": 1404.0,
                "595.0": 1476.0,
                "594.0": 1533.0,
                "593.0": 1597.0,
                "592.0": 1664.0,
                "591.0": 1729.0,
                "590.0": 1799.0,
                "589.0": 1857.0,
                "588.0": 1923.0,
                "587.0": 1992.0,
                "586.0": 2078.0,
                "585.0": 2152.0,
                "584.0": 2232.0,
                "583.0": 2317.0,
                "582.0": 2380.0,
                "581.0": 2469.0,
                "580.0": 2565.0,
                "579.0": 2647.0,
                "578.0": 2747.0,
                "577.0": 2839.0,
                "576.0": 2962.0,
                "575.0": 3076.0,
                "574.0": 3178.0,
                "573.0": 3281.0,
                "572.0": 3386.0,
                "571.0": 3511.0,
                "570.0": 3628.0,
                "569.0": 3747.0,
                "568.0": 3858.0,
                "567.0": 3995.0,
                "566.0": 4121.0,
                "565.0": 4231.0,
                "564.0": 4379.0,
                "563.0": 4532.0,
                "562.0": 4680.0,
                "561.0": 4836.0,
                "560.0": 4975.0,
                "559.0": 5147.0,
                "558.0": 5323.0,
                "557.0": 5489.0,
                "556.0": 5661.0,
                "555.0": 5816.0,
                "554.0": 5970.0,
                "553.0": 6153.0,
                "552.0": 6330.0,
                "551.0": 6523.0,
                "550.0": 6713.0,
                "549.0": 6905.0,
                "548.0": 7090.0,
                "547.0": 7277.0,
                "546.0": 7468.0,
                "545.0": 7671.0,
                "544.0": 7875.0,
                "543.0": 8072.0,
                "542.0": 8252.0,
                "541.0": 8486.0,
                "540.0": 8709.0,
                "539.0": 8930.0,
                "538.0": 9130.0,
                "537.0": 9348.0,
                "536.0": 9590.0,
                "535.0": 9801.0,
                "534.0": 10057.0,
                "533.0": 10342.0,
                "532.0": 10605.0,
                "531.0": 10870.0,
                "530.0": 11096.0,
                "529.0": 11325.0,
                "528.0": 11585.0,
                "527.0": 11853.0,
                "526.0": 12114.0,
                "525.0": 12436.0,
                "524.0": 12713.0,
                "523.0": 12989.0,
                "522.0": 13264.0,
                "521.0": 13553.0,
                "520.0": 13839.0,
                "519.0": 14135.0,
                "518.0": 14434.0,
                "517.0": 14787.0,
                "516.0": 15088.0,
                "515.0": 15393.0,
                "514.0": 15714.0,
                "513.0": 16060.0,
                "512.0": 16390.0,
                "511.0": 16724.0,
                "510.0": 17070.0,
                "509.0": 17444.0,
                "508.0": 17792.0,
                "507.0": 18150.0,
                "506.0": 18494.0,
                "505.0": 18872.0,
                "504.0": 19268.0,
                "503.0": 19666.0,
                "502.0": 20051.0,
                "501.0": 20458.0,
                "500.0": 20838.0,
                "499.0": 21231.0,
                "498.0": 21646.0,
                "497.0": 22064.0,
                "496.0": 22456.0,
                "495.0": 22838.0,
                "494.0": 23248.0,
                "493.0": 23669.0,
                "492.0": 24054.0,
                "491.0": 24470.0,
                "490.0": 24909.0,
                "489.0": 25328.0,
                "488.0": 25801.0,
                "487.0": 26242.0,
                "486.0": 26734.0,
                "485.0": 27203.0,
                "484.0": 27662.0,
                "483.0": 28137.0,
                "482.0": 28609.0,
                "481.0": 29079.0,
                "480.0": 29604.0,
                "479.0": 30099.0,
                "478.0": 30580.0,
                "477.0": 31086.0,
                "476.0": 31593.0,
                "475.0": 32130.0,
                "474.0": 32639.0,
                "473.0": 33204.0,
                "472.0": 33736.0,
                "471.0": 34279.0,
                "470.0": 34811.0,
                "469.0": 35352.0,
                "468.0": 35924.0,
                "467.0": 36455.0,
                "466.0": 36967.0,
                "465.0": 37506.0,
                "464.0": 38088.0,
                "463.0": 38656.0,
                "462.0": 39261.0,
                "461.0": 39882.0,
                "460.0": 40440.0,
                "459.0": 41026.0,
                "458.0": 41611.0,
                "457.0": 42232.0,
                "456.0": 42841.0,
                "455.0": 43441.0,
                "454.0": 44042.0,
                "453.0": 44652.0,
                "452.0": 45282.0,
                "451.0": 45851.0,
                "450.0": 46440.0,
                "449.0": 47083.0,
                "448.0": 47741.0,
                "447.0": 48427.0,
                "446.0": 49052.0,
                "445.0": 49656.0,
                "444.0": 50276.0,
                "443.0": 50937.0,
                "442.0": 51575.0,
                "441.0": 52260.0,
                "440.0": 52848.0,
                "439.0": 53469.0,
                "438.0": 54075.0,
                "437.0": 54721.0,
                "436.0": 55435.0,
                "435.0": 56127.0,
                "434.0": 56780.0,
                "433.0": 57447.0,
                "432.0": 58121.0,
                "431.0": 58789.0,
                "430.0": 59471.0,
                "429.0": 60174.0,
                "428.0": 60805.0,
                "427.0": 61464.0,
                "426.0": 62137.0,
                "425.0": 62804.0,
                "424.0": 63466.0,
                "423.0": 64132.0,
                "422.0": 64804.0,
                "421.0": 65473.0,
                "420.0": 66151.0,
                "419.0": 66817.0,
                "418.0": 67528.0,
                "417.0": 68213.0,
                "416.0": 68901.0,
                "415.0": 69571.0,
                "414.0": 70261.0,
                "413.0": 70920.0,
                "412.0": 71589.0,
                "411.0": 72262.0,
                "410.0": 72955.0,
                "409.0": 73644.0,
                "408.0": 74297.0,
                "407.0": 74964.0,
                "406.0": 75593.0,
                "405.0": 76312.0,
                "404.0": 77025.0,
                "403.0": 77683.0,
                "402.0": 78314.0,
                "401.0": 78975.0,
                "400.0": 79625.0
            }
        }
    }
}