{
    "2017": {
        "湖南": {
            "文科": {
                "683": 1,
                "682": 1,
                "681": 4,
                "680": 4,
                "679": 4,
                "678": 4,
                "677": 5,
                "676": 7,
                "675": 8,
                "674": 10,
                "673": 14,
                "672": 15,
                "671": 18,
                "670": 19,
                "669": 23,
                "668": 25,
                "667": 26,
                "666": 32,
                "665": 32,
                "664": 33,
                "663": 35,
                "662": 39,
                "661": 42,
                "660": 50,
                "659": 55,
                "658": 64,
                "657": 70,
                "656": 78,
                "655": 84,
                "654": 93,
                "653": 105,
                "652": 116,
                "651": 125,
                "650": 138,
                "649": 149,
                "648": 163,
                "647": 176,
                "646": 191,
                "645": 203,
                "644": 218,
                "643": 231,
                "642": 249,
                "641": 263,
                "640": 280,
                "639": 297,
                "638": 319,
                "637": 347,
                "636": 373,
                "635": 397,
                "634": 416,
                "633": 451,
                "632": 481,
                "631": 511,
                "630": 538,
                "629": 570,
                "628": 599,
                "627": 633,
                "626": 667,
                "625": 707,
                "624": 736,
                "623": 780,
                "622": 824,
                "621": 861,
                "620": 909,
                "619": 948,
                "618": 994,
                "617": 1039,
                "616": 1080,
                "615": 1120,
                "614": 1182,
                "613": 1242,
                "612": 1285,
                "611": 1345,
                "610": 1409,
                "609": 1465,
                "608": 1520,
                "607": 1597,
                "606": 1644,
                "605": 1712,
                "604": 1774,
                "603": 1837,
                "602": 1912,
                "601": 1990,
                "600": 2058,
                "599": 2145,
                "598": 2221,
                "597": 2302,
                "596": 2381,
                "595": 2458,
                "594": 2557,
                "593": 2648,
                "592": 2770,
                "591": 2866,
                "590": 2965,
                "589": 3045,
                "588": 3144,
                "587": 3249,
                "586": 3351,
                "585": 3481,
                "584": 3604,
                "583": 3703,
                "582": 3812,
                "581": 3927,
                "580": 4022,
                "579": 4143,
                "578": 4264,
                "577": 4397,
                "576": 4531,
                "575": 4646,
                "574": 4779,
                "573": 4916,
                "572": 5047,
                "571": 5188,
                "570": 5318,
                "569": 5452,
                "568": 5614,
                "567": 5770,
                "566": 5923,
                "565": 6077,
                "564": 6233,
                "563": 6407,
                "562": 6570,
                "561": 6741,
                "560": 6928,
                "559": 7112,
                "558": 7290,
                "557": 7463,
                "556": 7655,
                "555": 7824,
                "554": 7991,
                "553": 8196,
                "552": 8387,
                "551": 8604,
                "550": 8795,
                "549": 9015,
                "548": 9250,
                "547": 9447,
                "546": 9643,
                "545": 9860,
                "544": 10117,
                "543": 10349,
                "542": 10566,
                "541": 10787,
                "540": 11007,
                "539": 11254,
                "538": 11514,
                "537": 11744,
                "536": 12000,
                "535": 12236,
                "534": 12504,
                "533": 12753,
                "532": 13025,
                "531": 13283,
                "530": 13567,
                "529": 13838,
                "528": 14147,
                "527": 14442,
                "526": 14712,
                "525": 15013,
                "524": 15283,
                "523": 15597,
                "522": 15903,
                "521": 16233,
                "520": 16552,
                "519": 16878,
                "518": 17184,
                "517": 17496,
                "516": 17848,
                "515": 18167,
                "514": 18467,
                "513": 18803,
                "512": 19156,
                "511": 19479,
                "510": 19819,
                "509": 20160,
                "508": 20511,
                "507": 20841,
                "506": 21207,
                "505": 21589,
                "504": 21956,
                "503": 22320,
                "502": 22672,
                "501": 23066,
                "500": 23396,
                "499": 23766,
                "498": 24135,
                "497": 24484,
                "496": 24854,
                "495": 25213,
                "494": 25588,
                "493": 25948,
                "492": 26321,
                "491": 26688,
                "490": 27055,
                "489": 27390,
                "488": 27760,
                "487": 28130,
                "486": 28543,
                "485": 28929,
                "484": 29337,
                "483": 29726,
                "482": 30127,
                "481": 30518,
                "480": 30943,
                "479": 31341,
                "478": 31760,
                "477": 32130,
                "476": 32550,
                "475": 32967,
                "474": 33355,
                "473": 33735,
                "472": 34166,
                "471": 34518,
                "470": 34954,
                "469": 35357,
                "468": 35778,
                "467": 36160,
                "466": 36563,
                "465": 36968,
                "464": 37372,
                "463": 37768,
                "462": 38169,
                "461": 38577,
                "460": 38978,
                "459": 39362,
                "458": 39781,
                "457": 40202,
                "456": 40622,
                "455": 41005,
                "454": 41416,
                "453": 41835,
                "452": 42273,
                "451": 42684,
                "450": 43086,
                "449": 43480,
                "448": 43899,
                "447": 44286,
                "446": 44698,
                "445": 45101,
                "444": 45542,
                "443": 45967,
                "442": 46363,
                "441": 46818,
                "440": 47214,
                "439": 47631,
                "438": 48034,
                "437": 48449,
                "436": 48852,
                "435": 49276,
                "434": 49673,
                "433": 50124,
                "432": 50581,
                "431": 51033,
                "430": 51474,
                "429": 51919,
                "428": 52384,
                "427": 52836,
                "426": 53247,
                "425": 53683,
                "424": 54111,
                "423": 54501,
                "422": 54912,
                "421": 55404,
                "420": 55827,
                "419": 56257,
                "418": 56705,
                "417": 57153,
                "416": 57623,
                "415": 58073,
                "414": 58501,
                "413": 58936,
                "412": 59373,
                "411": 59829,
                "410": 60281,
                "409": 60743,
                "408": 61232,
                "407": 61692,
                "406": 62149,
                "405": 62566,
                "404": 62978,
                "403": 63442,
                "402": 63883,
                "401": 64325,
                "400": 64783,
                "399": 65257,
                "398": 65705,
                "397": 66156,
                "396": 66610,
                "395": 67098,
                "394": 67564,
                "393": 68036,
                "392": 68507,
                "391": 68968,
                "390": 69412,
                "389": 69888,
                "388": 70386,
                "387": 70833,
                "386": 71302,
                "385": 71790,
                "384": 72271,
                "383": 72728,
                "382": 73217,
                "381": 73670,
                "380": 74173,
                "379": 74660,
                "378": 75105,
                "377": 75628,
                "376": 76125,
                "375": 76602,
                "374": 77079,
                "373": 77560,
                "372": 78024,
                "371": 78498,
                "370": 78992,
                "369": 79475,
                "368": 79936,
                "367": 80425,
                "366": 80869,
                "365": 81347,
                "364": 81825,
                "363": 82264,
                "362": 82743,
                "361": 83232,
                "360": 83716,
                "359": 84185,
                "358": 84610,
                "357": 85078,
                "356": 85588,
                "355": 86053,
                "354": 86540,
                "353": 86984,
                "352": 87408,
                "351": 87868,
                "350": 88345,
                "349": 88857,
                "348": 89322,
                "347": 89823,
                "346": 90292,
                "345": 90738,
                "344": 91180,
                "343": 91628,
                "342": 92092,
                "341": 92520,
                "340": 92991,
                "339": 93479,
                "338": 93918,
                "337": 94382,
                "336": 94804,
                "335": 95251,
                "334": 95663,
                "333": 96083,
                "332": 96525,
                "331": 96969,
                "330": 97396,
                "329": 97841,
                "328": 98278,
                "327": 98686,
                "326": 99112,
                "325": 99557,
                "324": 99952,
                "323": 100342,
                "322": 100756,
                "321": 101178,
                "320": 101545,
                "319": 101936,
                "318": 102340,
                "317": 102729,
                "316": 103072,
                "315": 103496,
                "314": 103848,
                "313": 104240,
                "312": 104600,
                "311": 104974,
                "310": 105344,
                "309": 105720,
                "308": 106090,
                "307": 106433,
                "306": 106804,
                "305": 107140,
                "304": 107476,
                "303": 107830,
                "302": 108177,
                "301": 108512,
                "300": 108829,
                "299": 109132,
                "298": 109456,
                "297": 109762,
                "296": 110082,
                "295": 110375,
                "294": 110693,
                "293": 111016,
                "292": 111316,
                "291": 111635,
                "290": 111910,
                "289": 112183,
                "288": 112478,
                "287": 112774,
                "286": 113053,
                "285": 113328,
                "284": 113617,
                "283": 113882,
                "282": 114167,
                "281": 114442,
                "280": 114689,
                "279": 114949,
                "278": 115186,
                "277": 115443,
                "276": 115689,
                "275": 115930,
                "274": 116175,
                "273": 116431,
                "272": 116651,
                "271": 116910,
                "270": 117162,
                "269": 117399,
                "268": 117599,
                "267": 117814,
                "266": 118006,
                "265": 118205,
                "264": 118406,
                "263": 118606,
                "262": 118806,
                "261": 119000,
                "260": 119199,
                "259": 119402,
                "258": 119563,
                "257": 119749,
                "256": 119921,
                "255": 120091,
                "254": 120264,
                "253": 120452,
                "252": 120638,
                "251": 120803,
                "250": 120988,
                "249": 121156,
                "248": 121300,
                "247": 121471,
                "246": 121594,
                "245": 121749,
                "244": 121902,
                "243": 122056,
                "242": 122188,
                "241": 122313,
                "240": 122460,
                "239": 122595,
                "238": 122723,
                "237": 122856,
                "236": 122974,
                "235": 123107,
                "234": 123233,
                "233": 123365,
                "232": 123480,
                "231": 123588,
                "230": 123715,
                "229": 123830,
                "228": 123944,
                "227": 124064,
                "226": 124173,
                "225": 124265,
                "224": 124359,
                "223": 124462,
                "222": 124568,
                "221": 124655,
                "220": 124733,
                "219": 124814,
                "218": 124922,
                "217": 124999,
                "216": 125078,
                "215": 125164,
                "214": 125245,
                "213": 125325,
                "212": 125400,
                "211": 125467,
                "210": 125547,
                "209": 125617,
                "208": 125690,
                "207": 125772,
                "206": 125828,
                "205": 125898,
                "204": 125950,
                "203": 126020,
                "202": 126075,
                "201": 126122,
                "200": 126178,
                "199": 126243,
                "198": 126290,
                "197": 126351,
                "196": 126404,
                "195": 126447,
                "194": 126509,
                "193": 126559,
                "192": 126614,
                "191": 126663,
                "190": 126702,
                "189": 126747,
                "188": 126786,
                "187": 126828,
                "186": 126869,
                "185": 126905,
                "184": 126945,
                "183": 126986,
                "182": 127028,
                "181": 127054,
                "180": 127081,
                "179": 127119,
                "178": 127139,
                "177": 127172,
                "176": 127198,
                "175": 127224,
                "174": 127245,
                "173": 127268,
                "172": 127291,
                "171": 127318,
                "170": 127343,
                "169": 127361,
                "168": 127385,
                "167": 127397,
                "166": 127410,
                "165": 127431,
                "164": 127455,
                "163": 127472,
                "162": 127500,
                "161": 127514,
                "160": 127527,
                "159": 127538,
                "158": 127552,
                "157": 127571,
                "156": 127586,
                "155": 127599,
                "154": 127613,
                "153": 127628,
                "152": 127635,
                "151": 127654,
                "150": 127664,
                "149": 127674,
                "148": 127682,
                "147": 127699,
                "146": 127714,
                "145": 127723,
                "144": 127732,
                "143": 127741,
                "142": 127750,
                "141": 127760,
                "140": 127771,
                "139": 127777,
                "138": 127783,
                "137": 127795,
                "136": 127803,
                "135": 127813,
                "134": 127821,
                "133": 127833,
                "132": 127839,
                "131": 127845,
                "130": 127851,
                "129": 127857,
                "128": 127864,
                "127": 127869,
                "126": 127876,
                "125": 127883,
                "124": 127886,
                "123": 127895,
                "122": 127905,
                "121": 127912,
                "120": 127916,
                "119": 127918,
                "118": 127920,
                "117": 127923,
                "116": 127929,
                "115": 127932,
                "114": 127936,
                "113": 127941,
                "112": 127948,
                "111": 127949,
                "110": 127952,
                "109": 127952,
                "108": 127955,
                "107": 127958,
                "106": 127963,
                "105": 127968,
                "104": 127969,
                "103": 127972,
                "102": 127972,
                "101": 127975,
                "100": 127977,
                "99": 130782,
                "98": 130782,
                "97": 130782,
                "96": 130782,
                "95": 130782,
                "94": 130782,
                "93": 130782,
                "92": 130782,
                "91": 130782,
                "90": 130782,
                "89": 130782,
                "88": 130782,
                "87": 130782,
                "86": 130782,
                "85": 130782,
                "84": 130782,
                "83": 130782,
                "82": 130782,
                "81": 130782,
                "80": 130782,
                "79": 130782,
                "78": 130782,
                "77": 130782,
                "76": 130782,
                "75": 130782,
                "74": 130782,
                "73": 130782,
                "72": 130782,
                "71": 130782,
                "70": 130782,
                "69": 130782,
                "68": 130782,
                "67": 130782,
                "66": 130782,
                "65": 130782,
                "64": 130782,
                "63": 130782,
                "62": 130782,
                "61": 130782,
                "60": 130782,
                "59": 130782,
                "58": 130782,
                "57": 130782,
                "56": 130782,
                "55": 130782,
                "54": 130782,
                "53": 130782,
                "52": 130782,
                "51": 130782,
                "50": 130782,
                "49": 130782,
                "48": 130782,
                "47": 130782,
                "46": 130782,
                "45": 130782,
                "44": 130782,
                "43": 130782,
                "42": 130782,
                "41": 130782,
                "40": 130782,
                "39": 130782,
                "38": 130782,
                "37": 130782,
                "36": 130782,
                "35": 130782,
                "34": 130782,
                "33": 130782,
                "32": 130782,
                "31": 130782,
                "30": 130782,
                "29": 130782,
                "28": 130782,
                "27": 130782,
                "26": 130782,
                "25": 130782,
                "24": 130782,
                "23": 130782,
                "22": 130782,
                "21": 130782,
                "20": 130782,
                "19": 130782,
                "18": 130782,
                "17": 130782,
                "16": 130782,
                "15": 130782,
                "14": 130782,
                "13": 130782,
                "12": 130782,
                "11": 130782,
                "10": 130782,
                "9": 130782,
                "8": 130782,
                "7": 130782,
                "6": 130782,
                "5": 130782,
                "4": 130782,
                "3": 130782,
                "2": 130782,
                "1": 130782,
                "0": 130782
            }
        }
    }
}