{
    "2018": {
        "辽宁": {
            "文科": {
                "652.0": 10.0,
                "651.0": 11.0,
                "650.0": 13.0,
                "649.0": 14.0,
                "648.0": 15.0,
                "647.0": 17.0,
                "646.0": 24.0,
                "645.0": 29.0,
                "644.0": 32.0,
                "643.0": 38.0,
                "642.0": 45.0,
                "641.0": 55.0,
                "640.0": 60.0,
                "639.0": 68.0,
                "638.0": 75.0,
                "637.0": 80.0,
                "636.0": 94.0,
                "635.0": 110.0,
                "634.0": 123.0,
                "633.0": 134.0,
                "632.0": 147.0,
                "631.0": 158.0,
                "630.0": 167.0,
                "629.0": 180.0,
                "628.0": 200.0,
                "627.0": 221.0,
                "626.0": 241.0,
                "625.0": 255.0,
                "624.0": 275.0,
                "623.0": 295.0,
                "622.0": 316.0,
                "621.0": 349.0,
                "620.0": 378.0,
                "619.0": 407.0,
                "618.0": 451.0,
                "617.0": 486.0,
                "616.0": 524.0,
                "615.0": 558.0,
                "614.0": 595.0,
                "613.0": 641.0,
                "612.0": 679.0,
                "611.0": 721.0,
                "610.0": 777.0,
                "609.0": 817.0,
                "608.0": 873.0,
                "607.0": 926.0,
                "606.0": 992.0,
                "605.0": 1045.0,
                "604.0": 1109.0,
                "603.0": 1159.0
            }
        }
    }
}