{
    "2018": {
        "重庆": {
            "理科": {
                "700.0": 10.0,
                "699.0": 15.0,
                "698.0": 21.0,
                "697.0": 22.0,
                "696.0": 26.0,
                "695.0": 33.0,
                "694.0": 39.0,
                "693.0": 44.0,
                "692.0": 54.0,
                "691.0": 58.0,
                "690.0": 70.0,
                "689.0": 79.0,
                "688.0": 89.0,
                "687.0": 101.0,
                "686.0": 112.0,
                "685.0": 129.0,
                "684.0": 154.0,
                "683.0": 169.0,
                "682.0": 186.0,
                "681.0": 206.0,
                "680.0": 224.0,
                "679.0": 247.0,
                "678.0": 263.0,
                "677.0": 288.0,
                "676.0": 324.0,
                "675.0": 367.0,
                "674.0": 410.0,
                "673.0": 452.0,
                "672.0": 497.0,
                "671.0": 546.0,
                "670.0": 593.0,
                "669.0": 632.0,
                "668.0": 677.0,
                "667.0": 750.0,
                "666.0": 807.0,
                "665.0": 864.0,
                "664.0": 936.0,
                "663.0": 1008.0,
                "662.0": 1081.0,
                "661.0": 1152.0,
                "660.0": 1229.0,
                "659.0": 1298.0,
                "658.0": 1387.0,
                "657.0": 1455.0,
                "656.0": 1541.0,
                "655.0": 1624.0,
                "654.0": 1700.0,
                "653.0": 1773.0,
                "652.0": 1876.0,
                "651.0": 1988.0,
                "650.0": 2092.0,
                "649.0": 2195.0,
                "648.0": 2306.0,
                "647.0": 2416.0,
                "646.0": 2530.0,
                "645.0": 2642.0,
                "644.0": 2758.0,
                "643.0": 2878.0,
                "642.0": 3018.0,
                "641.0": 3142.0,
                "640.0": 3251.0,
                "639.0": 3403.0,
                "638.0": 3536.0,
                "637.0": 3674.0,
                "636.0": 3835.0,
                "635.0": 3994.0,
                "634.0": 4130.0,
                "633.0": 4286.0,
                "632.0": 4443.0,
                "631.0": 4600.0,
                "630.0": 4709.0,
                "629.0": 4861.0,
                "628.0": 5036.0
            }
        }
    }
}