{
    "2018": {
        "安徽": {
            "理科": {
                "713": 1,
                "712": 1,
                "711": 1,
                "710": 1,
                "709": 2,
                "708": 3,
                "707": 4,
                "706": 7,
                "705": 7,
                "704": 10,
                "703": 11,
                "702": 13,
                "701": 17,
                "700": 20,
                "699": 22,
                "698": 26,
                "697": 29,
                "696": 36,
                "695": 47,
                "694": 53,
                "693": 65,
                "692": 74,
                "691": 80,
                "690": 91,
                "689": 103,
                "688": 109,
                "687": 122,
                "686": 140,
                "685": 150,
                "684": 165,
                "683": 183,
                "682": 205,
                "681": 229,
                "680": 249,
                "679": 276,
                "678": 306,
                "677": 344,
                "676": 378,
                "675": 431,
                "674": 471,
                "673": 516,
                "672": 565,
                "671": 608,
                "670": 656,
                "669": 714,
                "668": 762,
                "667": 819,
                "666": 871,
                "665": 929,
                "664": 1000,
                "663": 1057,
                "662": 1136,
                "661": 1216,
                "660": 1288,
                "659": 1377,
                "658": 1465,
                "657": 1540,
                "656": 1635,
                "655": 1747,
                "654": 1838,
                "653": 1941,
                "652": 2051,
                "651": 2149,
                "650": 2266,
                "649": 2403,
                "648": 2535,
                "647": 2651,
                "646": 2799,
                "645": 2926,
                "644": 3079,
                "643": 3209,
                "642": 3356,
                "641": 3505,
                "640": 3642,
                "639": 3788,
                "638": 3942,
                "637": 4121,
                "636": 4297,
                "635": 4457,
                "634": 4642,
                "633": 4804,
                "632": 4977,
                "631": 5164,
                "630": 5364,
                "629": 5552,
                "628": 5764,
                "627": 5959,
                "626": 6159,
                "625": 6392,
                "624": 6615,
                "623": 6849,
                "622": 7070,
                "621": 7321,
                "620": 7580,
                "619": 7798,
                "618": 8037,
                "617": 8269,
                "616": 8532,
                "615": 8797,
                "614": 9031,
                "613": 9307,
                "612": 9575,
                "611": 9861,
                "610": 10163,
	"609.0": 10447,
                "608.0": 10738,
                "607.0": 11034,
                "606.0": 11330,
                "605.0": 11658,
                "604.0": 11972,
                "603.0": 12280,
                "602.0": 12605,
                "601.0": 12940,
                "600.0": 13243,
                "599.0": 13587,
                "598.0": 13941,
                "597.0": 14306,
                "596.0": 14678,
                "595.0": 15090,
                "594.0": 15470,
                "593.0": 15837,
                "592.0": 16229,
                "591.0": 16618,
                "590.0": 17029,
                "589.0": 17438,
                "588.0": 17821,
                "587.0": 18221,
                "586.0": 18660,
                "585.0": 19108,
                "584.0": 19542,
                "583.0": 19974,
                "582.0": 20438,
                "581.0": 20893,
                "580.0": 21300,
                "579.0": 21762,
                "578.0": 22236,
                "577.0": 22724,
                "576.0": 23224,
                "575.0": 23745,
                "574.0": 24276,
                "573.0": 24774,
                "572.0": 25316,
                "571.0": 25787,
                "570.0": 26315,
                "569.0": 26845,
                "568.0": 27422,
                "567.0": 27935,
                "566.0": 28486,
                "565.0": 29088,
                "564.0": 29634,
                "563.0": 30250,
                "562.0": 30885,
                "561.0": 31517,
                "560.0": 32120,
                "559.0": 32729,
                "558.0": 33339,
                "557.0": 33952,
                "556.0": 34574,
                "555.0": 35154,
                "554.0": 35772,
                "553.0": 36413,
                "552.0": 37082,
                "551.0": 37728,
                "550.0": 38381,
                "549.0": 39095,
                "548.0": 39819,
                "547.0": 40507,
                "546.0": 41197,
                "545.0": 41877,
                "544.0": 42646,
                "543.0": 43376,
                "542.0": 44117,
                "541.0": 44863,
                "540.0": 45595,
                "539.0": 46292,
                "538.0": 47045,
                "537.0": 47752,
                "536.0": 48515,
                "535.0": 49293,
                "534.0": 50061,
                "533.0": 50820,
                "532.0": 51610,
                "531.0": 52449,
                "530.0": 53235,
                "529.0": 54089,
                "528.0": 54924,
                "527.0": 55752,
                "526.0": 56600,
                "525.0": 57409,
                "524.0": 58283,
                "523.0": 59132,
                "522.0": 59948,
                "521.0": 60790,
                "520.0": 61690,
                "519.0": 62521,
                "518.0": 63438,
                "517.0": 64355,
                "516.0": 65220,
                "515.0": 66153,
                "514.0": 67062,
                "513.0": 67997,
                "512.0": 68899,
                "511.0": 69846,
                "510.0": 70817,
                "509.0": 71718,
                "508.0": 72650,
                "507.0": 73596,
                "506.0": 74552,
                "505.0": 75457
            }
        }
    }
}