{
    "2018": {
        "北京": {
            "文科": {
                "700.0": 6.0,
                "699.0": 7.0,
                "698.0": 10.0,
                "697.0": 11.0,
                "696.0": 12.0,
                "695.0": 13.0,
                "694.0": 15.0,
                "693.0": 16.0,
                "692.0": 20.0,
                "691.0": 21.0,
                "690.0": 24.0,
                "689.0": 29.0,
                "688.0": 32.0,
                "687.0": 41.0,
                "686.0": 47.0,
                "685.0": 51.0,
                "684.0": 56.0,
                "683.0": 61.0,
                "682.0": 65.0,
                "681.0": 72.0,
                "680.0": 78.0,
                "679.0": 85.0,
                "678.0": 94.0,
                "677.0": 106.0,
                "676.0": 118.0,
                "675.0": 128.0,
                "674.0": 141.0,
                "673.0": 153.0,
                "672.0": 166.0,
                "671.0": 179.0,
                "670.0": 194.0,
                "669.0": 211.0,
                "668.0": 227.0,
                "667.0": 240.0,
                "666.0": 261.0,
                "665.0": 288.0,
                "664.0": 308.0,
                "663.0": 336.0,
                "662.0": 358.0,
                "661.0": 382.0,
                "660.0": 412.0,
                "659.0": 435.0,
                "658.0": 454.0,
                "657.0": 480.0,
                "656.0": 511.0,
                "655.0": 531.0,
                "654.0": 559.0,
                "653.0": 583.0,
                "652.0": 611.0,
                "651.0": 639.0,
                "650.0": 686.0,
                "649.0": 719.0,
                "648.0": 745.0,
                "647.0": 783.0,
                "646.0": 830.0,
                "645.0": 868.0,
                "644.0": 904.0,
                "643.0": 953.0,
                "642.0": 995.0,
                "641.0": 1039.0,
                "640.0": 1083.0,
                "639.0": 1120.0,
                "638.0": 1156.0,
                "637.0": 1201.0,
                "636.0": 1237.0,
                "635.0": 1271.0,
                "634.0": 1311.0,
                "633.0": 1360.0,
                "632.0": 1396.0,
                "631.0": 1441.0,
                "630.0": 1485.0,
                "629.0": 1531.0,
                "628.0": 1582.0,
                "627.0": 1630.0,
                "626.0": 1685.0,
                "625.0": 1730.0,
                "624.0": 1781.0,
                "623.0": 1820.0,
                "622.0": 1865.0,
                "621.0": 1915.0,
                "620.0": 1978.0,
                "619.0": 2036.0,
                "618.0": 2098.0,
                "617.0": 2152.0,
                "616.0": 2197.0,
                "615.0": 2251.0,
                "614.0": 2309.0,
                "613.0": 2355.0,
                "612.0": 2402.0,
                "611.0": 2458.0,
                "610.0": 2517.0,
                "609.0": 2570.0,
                "608.0": 2622.0,
                "607.0": 2662.0,
                "606.0": 2727.0,
                "605.0": 2778.0,
                "604.0": 2840.0,
                "603.0": 2911.0,
                "602.0": 2972.0
            }
        }
    }
}