{
    "2018": {
        "辽宁": {
            "理科": {
                "699.0": 9.0,
                "698.0": 14.0,
                "697.0": 16.0,
                "696.0": 17.0,
                "695.0": 19.0,
                "694.0": 22.0,
                "693.0": 28.0,
                "692.0": 35.0,
                "691.0": 44.0,
                "690.0": 52.0,
                "689.0": 63.0,
                "688.0": 74.0,
                "687.0": 82.0,
                "686.0": 94.0,
                "685.0": 109.0,
                "684.0": 118.0,
                "683.0": 135.0,
                "682.0": 159.0,
                "681.0": 186.0,
                "680.0": 207.0,
                "679.0": 232.0,
                "678.0": 263.0,
                "677.0": 296.0,
                "676.0": 324.0,
                "675.0": 370.0,
                "674.0": 408.0,
                "673.0": 455.0,
                "672.0": 492.0,
                "671.0": 532.0,
                "670.0": 586.0,
                "669.0": 640.0,
                "668.0": 701.0,
                "667.0": 758.0,
                "666.0": 801.0,
                "665.0": 857.0,
                "664.0": 912.0,
                "663.0": 968.0,
                "662.0": 1034.0,
                "661.0": 1100.0,
                "660.0": 1159.0,
                "659.0": 1234.0,
                "658.0": 1303.0,
                "657.0": 1394.0,
                "656.0": 1475.0,
                "655.0": 1577.0,
                "654.0": 1678.0,
                "653.0": 1781.0,
                "652.0": 1885.0,
                "651.0": 1998.0,
                "650.0": 2116.0,
                "649.0": 2256.0,
                "648.0": 2381.0,
                "647.0": 2510.0,
                "646.0": 2625.0,
                "645.0": 2768.0,
                "644.0": 2904.0,
                "643.0": 3032.0,
                "642.0": 3175.0,
                "641.0": 3328.0,
                "640.0": 3460.0,
                "639.0": 3599.0,
                "638.0": 3767.0,
                "637.0": 3922.0,
                "636.0": 4090.0,
                "635.0": 4276.0,
                "634.0": 4429.0
            }
        }
    }
}