{
    "2018": {
        "黑龙江": {
            "science": {
                "691.0": 10.0,
                "688.0": 15.0,
                "687.0": 18.0,
                "686.0": 20.0,
                "685.0": 27.0,
                "684.0": 28.0,
                "683.0": 33.0,
                "682.0": 37.0,
                "681.0": 39.0,
                "680.0": 45.0,
                "679.0": 54.0,
                "678.0": 66.0,
                "677.0": 78.0,
                "676.0": 89.0,
                "675.0": 110.0,
                "674.0": 120.0,
                "673.0": 136.0,
                "672.0": 150.0,
                "671.0": 170.0,
                "670.0": 191.0,
                "669.0": 217.0,
                "668.0": 232.0,
                "667.0": 248.0,
                "666.0": 274.0,
                "665.0": 294.0,
                "664.0": 324.0,
                "663.0": 359.0,
                "662.0": 381.0,
                "661.0": 423.0,
                "660.0": 465.0,
                "659.0": 505.0,
                "658.0": 538.0,
                "657.0": 579.0,
                "656.0": 628.0,
                "655.0": 673.0,
                "654.0": 724.0,
                "653.0": 761.0,
                "652.0": 797.0,
                "651.0": 844.0,
                "650.0": 898.0,
                "649.0": 950.0,
                "648.0": 1007.0,
                "647.0": 1063.0,
                "646.0": 1107.0,
                "645.0": 1174.0,
                "644.0": 1240.0,
                "643.0": 1304.0,
                "642.0": 1381.0,
                "641.0": 1444.0,
                "640.0": 1515.0,
                "639.0": 1583.0,
                "638.0": 1649.0,
                "637.0": 1725.0,
                "636.0": 1798.0,
                "635.0": 1882.0,
                "634.0": 1958.0,
                "633.0": 2052.0,
                "632.0": 2142.0,
                "631.0": 2223.0,
                "630.0": 2316.0,
                "629.0": 2410.0,
                "628.0": 2532.0,
                "627.0": 2624.0,
                "626.0": 2722.0,
                "625.0": 2844.0,
                "624.0": 2947.0,
                "623.0": 3046.0,
                "622.0": 3152.0,
                "621.0": 3257.0,
                "620.0": 3378.0,
                "619.0": 3479.0,
                "618.0": 3591.0,
                "617.0": 3712.0,
                "616.0": 3826.0,
                "615.0": 3936.0,
                "614.0": 4048.0,
                "613.0": 4170.0,
                "612.0": 4287.0,
                "611.0": 4428.0,
                "610.0": 4549.0,
                "609.0": 4686.0,
                "608.0": 4838.0,
                "607.0": 4964.0,
                "606.0": 5102.0,
                "605.0": 5218.0,
                "604.0": 5367.0,
                "603.0": 5496.0,
                "602.0": 5624.0,
                "601.0": 5765.0,
                "600.0": 5911.0,
                "599.0": 6048.0,
                "598.0": 6207.0,
                "597.0": 6368.0,
                "596.0": 6521.0,
                "595.0": 6665.0,
                "594.0": 6802.0,
                "593.0": 6960.0,
                "592.0": 7093.0,
                "591.0": 7244.0,
                "590.0": 7382.0,
                "589.0": 7539.0,
                "588.0": 7711.0,
                "587.0": 7872.0,
                "586.0": 8052.0,
                "585.0": 8207.0,
                "584.0": 8388.0,
                "583.0": 8583.0,
                "582.0": 8737.0,
                "581.0": 8918.0,
                "580.0": 9107.0,
                "579.0": 9276.0,
                "578.0": 9456.0,
                "577.0": 9617.0,
                "576.0": 9802.0,
                "575.0": 9979.0,
                "574.0": 10167.0,
                "573.0": 10338.0,
                "572.0": 10544.0,
                "571.0": 10699.0,
                "570.0": 10879.0,
                "569.0": 11064.0,
                "568.0": 11242.0,
                "567.0": 11427.0,
                "566.0": 11603.0,
                "565.0": 11793.0,
                "564.0": 11999.0,
                "563.0": 12208.0,
                "562.0": 12397.0,
                "561.0": 12612.0,
                "560.0": 12824.0,
                "559.0": 12991.0,
                "558.0": 13209.0,
                "557.0": 13416.0,
                "556.0": 13636.0,
                "555.0": 13852.0,
                "554.0": 14050.0,
                "553.0": 14226.0,
                "552.0": 14414.0,
                "551.0": 14626.0,
                "550.0": 14809.0,
                "549.0": 15013.0,
                "548.0": 15250.0,
                "547.0": 15483.0,
                "546.0": 15705.0,
                "545.0": 15913.0,
                "544.0": 16112.0,
                "543.0": 16350.0,
                "542.0": 16548.0,
                "541.0": 16779.0,
                "540.0": 17009.0,
                "539.0": 17232.0,
                "538.0": 17451.0,
                "537.0": 17702.0,
                "536.0": 17918.0,
                "535.0": 18133.0,
                "534.0": 18381.0,
                "533.0": 18625.0,
                "532.0": 18871.0,
                "531.0": 19097.0,
                "530.0": 19310.0,
                "529.0": 19566.0,
                "528.0": 19808.0,
                "527.0": 20057.0,
                "526.0": 20325.0,
                "525.0": 20582.0,
                "524.0": 20813.0,
                "523.0": 21048.0,
                "522.0": 21294.0,
                "521.0": 21548.0,
                "520.0": 21760.0,
                "519.0": 22015.0,
                "518.0": 22274.0,
                "517.0": 22508.0,
                "516.0": 22750.0,
                "515.0": 23028.0,
                "514.0": 23277.0,
                "513.0": 23535.0,
                "512.0": 23799.0,
                "511.0": 24077.0,
                "510.0": 24327.0,
                "509.0": 24578.0,
                "508.0": 24817.0,
                "507.0": 25048.0,
                "506.0": 25303.0,
                "505.0": 25550.0,
                "504.0": 25848.0,
                "503.0": 26123.0,
                "502.0": 26393.0,
                "501.0": 26671.0,
                "500.0": 26939.0,
                "499.0": 27175.0,
                "498.0": 27438.0,
                "497.0": 27687.0,
                "496.0": 27950.0,
                "495.0": 28224.0,
                "494.0": 28466.0,
                "493.0": 28771.0,
                "492.0": 29041.0,
                "491.0": 29313.0,
                "490.0": 29573.0,
                "489.0": 29839.0,
                "488.0": 30099.0,
                "487.0": 30396.0,
                "486.0": 30658.0,
                "485.0": 30940.0,
                "484.0": 31247.0,
                "483.0": 31494.0,
                "482.0": 31757.0,
                "481.0": 32067.0,
                "480.0": 32338.0,
                "479.0": 32628.0,
                "478.0": 32907.0,
                "477.0": 33206.0,
                "476.0": 33475.0,
                "475.0": 33766.0,
                "474.0": 34039.0,
                "473.0": 34304.0,
                "472.0": 34588.0,
                "471.0": 34877.0,
                "470.0": 35195.0,
                "469.0": 35533.0,
                "468.0": 35837.0,
                "467.0": 36137.0,
                "466.0": 36450.0,
                "465.0": 36747.0,
                "464.0": 37017.0,
                "463.0": 37312.0,
                "462.0": 37609.0,
                "461.0": 37912.0,
                "460.0": 38215.0,
                "459.0": 38523.0,
                "458.0": 38839.0,
                "457.0": 39154.0,
                "456.0": 39453.0,
                "455.0": 39758.0,
                "454.0": 40103.0,
                "453.0": 40389.0,
                "452.0": 40686.0,
                "451.0": 40994.0,
                "450.0": 41263.0,
                "449.0": 41599.0,
                "448.0": 41911.0,
                "447.0": 42224.0,
                "446.0": 42506.0,
                "445.0": 42806.0,
                "444.0": 43119.0,
                "443.0": 43431.0,
                "442.0": 43709.0,
                "441.0": 44009.0,
                "440.0": 44267.0,
                "439.0": 44592.0,
                "438.0": 44891.0,
                "437.0": 45222.0,
                "436.0": 45514.0,
                "435.0": 45828.0,
                "434.0": 46138.0,
                "433.0": 46465.0,
                "432.0": 46783.0,
                "431.0": 47093.0,
                "430.0": 47432.0,
                "429.0": 47781.0,
                "428.0": 48099.0,
                "427.0": 48424.0,
                "426.0": 48750.0,
                "425.0": 49055.0,
                "424.0": 49364.0,
                "423.0": 49682.0,
                "422.0": 50024.0,
                "421.0": 50366.0,
                "420.0": 50676.0,
                "419.0": 50994.0,
                "418.0": 51310.0,
                "417.0": 51620.0,
                "416.0": 51924.0,
                "415.0": 52216.0,
                "414.0": 52544.0,
                "413.0": 52861.0,
                "412.0": 53168.0,
                "411.0": 53434.0,
                "410.0": 53739.0,
                "409.0": 54077.0,
                "408.0": 54408.0,
                "407.0": 54725.0,
                "406.0": 55041.0,
                "405.0": 55368.0,
                "404.0": 55666.0,
                "403.0": 55980.0,
                "402.0": 56280.0,
                "401.0": 56572.0,
                "400.0": 56904.0,
                "399.0": 57213.0,
                "398.0": 57525.0,
                "397.0": 57841.0,
                "396.0": 58191.0,
                "395.0": 58500.0,
                "394.0": 58823.0,
                "393.0": 59115.0,
                "392.0": 59420.0,
                "391.0": 59721.0,
                "390.0": 60048.0,
                "389.0": 60354.0,
                "388.0": 60644.0,
                "387.0": 60969.0,
                "386.0": 61278.0,
                "385.0": 61594.0,
                "384.0": 61914.0,
                "383.0": 62215.0,
                "382.0": 62547.0,
                "381.0": 62849.0,
                "380.0": 63136.0,
                "379.0": 63451.0,
                "378.0": 63743.0,
                "377.0": 64060.0,
                "376.0": 64385.0,
                "375.0": 64668.0,
                "374.0": 64994.0,
                "373.0": 65340.0,
                "372.0": 65657.0,
                "371.0": 65971.0,
                "370.0": 66254.0,
                "369.0": 66582.0,
                "368.0": 66875.0,
                "367.0": 67185.0,
                "366.0": 67495.0,
                "365.0": 67784.0,
                "364.0": 68126.0,
                "363.0": 68430.0,
                "362.0": 68722.0,
                "361.0": 69005.0,
                "360.0": 69284.0,
                "359.0": 69561.0,
                "358.0": 69888.0,
                "357.0": 70168.0,
                "356.0": 70459.0,
                "355.0": 70781.0,
                "354.0": 71062.0,
                "353.0": 71354.0,
                "352.0": 71629.0,
                "351.0": 71913.0,
                "350.0": 72187.0,
                "349.0": 72479.0,
                "348.0": 72728.0,
                "347.0": 72994.0,
                "346.0": 73295.0,
                "345.0": 73581.0,
                "344.0": 73842.0,
                "343.0": 74110.0,
                "342.0": 74413.0,
                "341.0": 74706.0,
                "340.0": 74976.0,
                "339.0": 75271.0,
                "338.0": 75530.0,
                "337.0": 75816.0,
                "336.0": 76081.0,
                "335.0": 76322.0,
                "334.0": 76599.0,
                "333.0": 76878.0,
                "332.0": 77148.0,
                "331.0": 77406.0,
                "330.0": 77676.0,
                "329.0": 77926.0,
                "328.0": 78196.0,
                "327.0": 78464.0,
                "326.0": 78715.0,
                "325.0": 78972.0,
                "324.0": 79247.0,
                "323.0": 79516.0,
                "322.0": 79778.0,
                "321.0": 80029.0,
                "320.0": 80296.0,
                "319.0": 80576.0,
                "318.0": 80806.0,
                "317.0": 81042.0,
                "316.0": 81290.0,
                "315.0": 81572.0,
                "314.0": 81838.0,
                "313.0": 82102.0,
                "312.0": 82340.0,
                "311.0": 82587.0,
                "310.0": 82833.0,
                "309.0": 83074.0,
                "308.0": 83306.0,
                "307.0": 83562.0,
                "306.0": 83810.0,
                "305.0": 84049.0,
                "304.0": 84295.0,
                "303.0": 84561.0,
                "302.0": 84797.0,
                "301.0": 85032.0,
                "300.0": 85243.0,
                "299.0": 85470.0,
                "298.0": 85683.0,
                "297.0": 85891.0,
                "296.0": 86118.0,
                "295.0": 86352.0,
                "294.0": 86611.0,
                "293.0": 86834.0,
                "292.0": 87046.0,
                "291.0": 87290.0,
                "290.0": 87516.0,
                "289.0": 87751.0,
                "288.0": 87971.0,
                "287.0": 88222.0,
                "286.0": 88439.0,
                "285.0": 88668.0,
                "284.0": 88899.0,
                "283.0": 89101.0,
                "282.0": 89330.0,
                "281.0": 89549.0,
                "280.0": 89785.0,
                "279.0": 90003.0,
                "278.0": 90221.0,
                "277.0": 90459.0,
                "276.0": 90669.0,
                "275.0": 90876.0,
                "274.0": 91078.0,
                "273.0": 91295.0,
                "272.0": 91470.0,
                "271.0": 91691.0,
                "270.0": 91920.0,
                "269.0": 92137.0,
                "268.0": 92343.0,
                "267.0": 92557.0,
                "266.0": 92746.0,
                "265.0": 92956.0,
                "264.0": 93163.0,
                "263.0": 93356.0,
                "262.0": 93536.0,
                "261.0": 93758.0,
                "260.0": 93962.0,
                "259.0": 94174.0,
                "258.0": 94360.0,
                "257.0": 94582.0,
                "256.0": 94765.0,
                "255.0": 94929.0,
                "254.0": 95108.0,
                "253.0": 95280.0,
                "252.0": 95482.0,
                "251.0": 95681.0,
                "250.0": 95872.0,
                "249.0": 96056.0,
                "248.0": 96238.0,
                "247.0": 96421.0,
                "246.0": 96599.0,
                "245.0": 96788.0,
                "244.0": 96968.0,
                "243.0": 97135.0,
                "242.0": 97317.0,
                "241.0": 97489.0,
                "240.0": 97658.0,
                "239.0": 97816.0,
                "238.0": 97977.0,
                "237.0": 98132.0,
                "236.0": 98272.0,
                "235.0": 98434.0,
                "234.0": 98610.0,
                "233.0": 98749.0,
                "232.0": 98918.0,
                "231.0": 99071.0,
                "230.0": 99224.0,
                "229.0": 99370.0,
                "228.0": 99544.0,
                "227.0": 99690.0,
                "226.0": 99832.0,
                "225.0": 99971.0,
                "224.0": 100122.0,
                "223.0": 100261.0,
                "222.0": 100399.0,
                "221.0": 100554.0,
                "220.0": 100691.0,
                "219.0": 100820.0,
                "218.0": 100956.0,
                "217.0": 101096.0,
                "216.0": 101234.0,
                "215.0": 101357.0,
                "214.0": 101469.0,
                "213.0": 101594.0,
                "212.0": 101719.0,
                "211.0": 101852.0,
                "210.0": 101989.0,
                "209.0": 102099.0,
                "208.0": 102217.0,
                "207.0": 102312.0,
                "206.0": 102417.0,
                "205.0": 102512.0,
                "204.0": 102617.0,
                "203.0": 102734.0,
                "202.0": 102833.0,
                "201.0": 102929.0,
                "200.0": 103053.0,
                "199.0": 103164.0,
                "198.0": 103279.0,
                "197.0": 103381.0,
                "196.0": 103481.0,
                "195.0": 103568.0,
                "194.0": 103653.0,
                "193.0": 103748.0,
                "192.0": 103824.0,
                "191.0": 103926.0,
                "190.0": 104011.0,
                "189.0": 104095.0,
                "188.0": 104169.0,
                "187.0": 104248.0,
                "186.0": 104323.0,
                "185.0": 104396.0,
                "184.0": 104482.0,
                "183.0": 104569.0,
                "182.0": 104651.0,
                "181.0": 104723.0,
                "180.0": 104793.0,
                "179.0": 104856.0,
                "178.0": 104909.0,
                "177.0": 104979.0,
                "176.0": 105055.0,
                "175.0": 105116.0,
                "174.0": 105180.0,
                "173.0": 105236.0,
                "172.0": 105301.0,
                "171.0": 105360.0,
                "170.0": 105411.0,
                "169.0": 105466.0,
                "168.0": 105528.0,
                "167.0": 105582.0,
                "166.0": 105620.0,
                "165.0": 105663.0,
                "164.0": 105707.0,
                "163.0": 105751.0,
                "162.0": 105794.0,
                "161.0": 105836.0,
                "160.0": 105882.0,
                "159.0": 105926.0,
                "158.0": 105975.0,
                "157.0": 106015.0,
                "156.0": 106055.0,
                "155.0": 106084.0,
                "154.0": 106117.0,
                "153.0": 106157.0,
                "152.0": 106194.0,
                "151.0": 106233.0,
                "150.0": 106257.0,
                "149.0": 106301.0,
                "148.0": 106333.0,
                "147.0": 106362.0,
                "146.0": 106387.0,
                "145.0": 106413.0,
                "144.0": 106434.0,
                "143.0": 106470.0,
                "142.0": 106496.0,
                "141.0": 106524.0,
                "140.0": 106545.0,
                "139.0": 106565.0,
                "138.0": 106592.0,
                "137.0": 106610.0,
                "136.0": 106632.0,
                "135.0": 106656.0,
                "134.0": 106677.0,
                "133.0": 106692.0,
                "132.0": 106708.0,
                "131.0": 106725.0,
                "130.0": 106751.0,
                "129.0": 106769.0,
                "128.0": 106781.0,
                "127.0": 106799.0,
                "126.0": 106818.0,
                "125.0": 106830.0,
                "124.0": 106845.0,
                "123.0": 106854.0,
                "122.0": 106862.0,
                "121.0": 106880.0,
                "120.0": 106892.0,
                "119.0": 106906.0,
                "118.0": 106917.0,
                "117.0": 106926.0,
                "116.0": 106936.0,
                "115.0": 106942.0,
                "114.0": 106951.0,
                "113.0": 106957.0,
                "112.0": 106966.0,
                "111.0": 106976.0,
                "110.0": 106980.0,
                "109.0": 106990.0,
                "108.0": 106998.0,
                "107.0": 107005.0,
                "106.0": 107013.0,
                "105.0": 107023.0,
                "104.0": 107028.0,
                "103.0": 107033.0,
                "102.0": 107038.0,
                "101.0": 107045.0,
                "100.0": 107051.0,
                "99.0": 107060.0,
                "98.0": 107065.0,
                "97.0": 107066.0,
                "96.0": 107069.0,
                "95.0": 107072.0,
                "94.0": 107079.0,
                "93.0": 107083.0,
                "92.0": 107084.0,
                "91.0": 107087.0,
                "90.0": 107090.0,
                "89.0": 107092.0,
                "88.0": 107095.0,
                "87.0": 107100.0,
                "86.0": 107103.0,
                "85.0": 107109.0,
                "84.0": 107114.0,
                "83.0": 107116.0,
                "82.0": 107118.0,
                "81.0": 107121.0,
                "80.0": 107124.0,
                "79.0": 107126.0,
                "78.0": 107128.0,
                "77.0": 107129.0,
                "75.0": 107131.0,
                "74.0": 107132.0,
                "73.0": 107134.0,
                "72.0": 107135.0,
                "71.0": 107136.0,
                "70.0": 107137.0,
                "69.0": 107140.0,
                "68.0": 107143.0,
                "66.0": 107145.0,
                "64.0": 107148.0,
                "61.0": 107149.0,
                "60.0": 107151.0,
                "59.0": 107153.0,
                "57.0": 107154.0,
                "56.0": 107155.0,
                "54.0": 107157.0,
                "52.0": 107158.0,
                "51.0": 107159.0,
                "49.0": 107160.0,
                "48.0": 107161.0,
                "46.0": 107162.0,
                "42.0": 107163.0,
                "41.0": 107164.0,
                "40.0": 107165.0,
                "34.0": 107166.0,
                "26.0": 107167.0,
                "25.0": 107168.0,
                "22.0": 107169.0,
                "21.0": 107170.0,
                "19.0": 107172.0,
                "17.0": 107173.0,
                "16.0": 107175.0,
                "14.0": 107176.0,
                "13.0": 107177.0,
                "9.0": 107178.0,
                "6.0": 107179.0,
                "3.0": 107181.0,
                "0.0": 108242.0
            }
        }
    }
}