{
    "2018": {
        "宁夏": {
            "理科": {
                "630.0": 241.0,
                "629.0": 251.0,
                "628.0": 261.0,
                "627.0": 274.0,
                "626.0": 287.0,
                "625.0": 294.0,
                "624.0": 302.0,
                "623.0": 312.0,
                "622.0": 326.0,
                "621.0": 346.0,
                "620.0": 367.0,
                "619.0": 376.0,
                "618.0": 386.0,
                "617.0": 403.0,
                "616.0": 420.0,
                "615.0": 437.0,
                "614.0": 451.0,
                "613.0": 464.0,
                "612.0": 496.0,
                "611.0": 511.0,
                "610.0": 535.0,
                "609.0": 544.0,
                "608.0": 572.0,
                "607.0": 592.0,
                "606.0": 614.0,
                "605.0": 636.0,
                "604.0": 656.0,
                "603.0": 681.0,
                "602.0": 703.0,
                "601.0": 723.0,
                "600.0": 735.0,
                "599.0": 763.0,
                "598.0": 793.0,
                "597.0": 821.0,
                "596.0": 846.0,
                "595.0": 876.0,
                "594.0": 913.0,
                "593.0": 929.0,
                "592.0": 962.0,
                "591.0": 981.0,
                "590.0": 1008.0,
                "589.0": 1031.0,
                "588.0": 1070.0,
                "587.0": 1089.0,
                "586.0": 1115.0,
                "585.0": 1142.0,
                "584.0": 1180.0,
                "583.0": 1213.0,
                "582.0": 1243.0,
                "581.0": 1272.0,
                "580.0": 1310.0,
                "579.0": 1334.0,
                "578.0": 1381.0,
                "577.0": 1421.0,
                "576.0": 1459.0,
                "575.0": 1493.0,
                "574.0": 1531.0,
                "573.0": 1562.0,
                "572.0": 1612.0,
                "571.0": 1635.0,
                "570.0": 1678.0,
                "569.0": 1722.0,
                "568.0": 1767.0,
                "567.0": 1814.0,
                "566.0": 1853.0,
                "565.0": 1884.0,
                "564.0": 1932.0,
                "563.0": 1977.0,
                "562.0": 2020.0,
                "561.0": 2068.0,
                "560.0": 2113.0,
                "559.0": 2161.0,
                "558.0": 2200.0,
                "557.0": 2260.0,
                "556.0": 2313.0,
                "555.0": 2350.0,
                "554.0": 2385.0,
                "553.0": 2429.0,
                "552.0": 2475.0,
                "551.0": 2532.0,
                "550.0": 2585.0,
                "549.0": 2627.0,
                "548.0": 2689.0,
                "547.0": 2749.0,
                "546.0": 2808.0,
                "545.0": 2862.0,
                "544.0": 2918.0,
                "543.0": 2981.0,
                "542.0": 3045.0,
                "541.0": 3107.0,
                "540.0": 3153.0,
                "539.0": 3209.0,
                "538.0": 3271.0,
                "537.0": 3330.0,
                "536.0": 3393.0,
                "535.0": 3447.0,
                "534.0": 3512.0,
                "533.0": 3582.0,
                "532.0": 3639.0,
                "531.0": 3699.0,
                "530.0": 3776.0,
                "529.0": 3856.0,
                "528.0": 3929.0,
                "527.0": 3999.0,
                "526.0": 4060.0,
                "525.0": 4126.0,
                "524.0": 4210.0,
                "523.0": 4283.0,
                "522.0": 4357.0,
                "521.0": 4440.0,
                "520.0": 4510.0,
                "519.0": 4580.0,
                "518.0": 4650.0,
                "517.0": 4733.0,
                "516.0": 4814.0,
                "515.0": 4901.0
            }
        }
    }
}