{
    "2018": {
        "河南": {
            "文科": {
                "688": 3,
                "687": 3,
                "686": 3,
                "685": 7,
                "684": 7,
                "683": 12,
                "682": 12,
                "681": 12,
                "680": 12,
                "679": 18,
                "678": 18,
                "677": 26,
                "676": 36,
                "675": 36,
                "674": 48,
                "673": 64,
                "672": 82,
                "671": 102,
                "670": 125,
                "669": 152,
                "668": 180,
                "667": 218,
                "666": 264,
                "665": 317,
                "664": 383,
                "663": 459,
                "662": 543,
                "661": 647,
                "660": 772,
                "659": 905,
                "658": 1049,
                "657": 1200,
                "656": 1365,
                "655": 1555,
                "654": 1762,
                "653": 1990,
                "652": 2246,
                "651": 2528,
                "650": 2846,
                "649": 3196,
                "648": 3580,
                "647": 4008,
                "646": 4476,
                "645": 4982,
                "644": 5524,
                "643": 6095,
                "642": 6713,
                "641": 7366,
                "640": 8059,
                "639": 8805,
                "638": 9605,
                "637": 10454,
                "636": 11381,
                "635": 12360,
                "634": 13404,
                "633": 14502,
                "632": 15676,
                "631": 16942,
                "630": 18283,
                "629": 19698,
                "628": 21194,
                "627": 22776,
                "626": 24438,
                "625": 26199,
                "624": 28035,
                "623": 29954,
                "622": 31965,
                "621": 34062,
                "620": 36259,
                "619": 38602,
                "618": 41043,
                "617": 43605,
                "616": 46298,
                "615": 49099,
                "614": 52026,
                "613": 55071,
                "612": 58240,
                "611": 61537,
                "610": 64974,
                "609": 68570,
                "608": 72322,
                "607": 76234,
                "606": 80307,
                "605": 84561,
                "604": 88984,
                "603": 93558,
                "602": 98276,
                "601": 103181,
                "600": 108270,
                "599": 113552,
                "598": 119021,
                "597": 124663,
                "596": 130537,
                "595": 136608,
                "594": 142909,
                "593": 149394,
                "592": 156082,
                "591": 162995,
                "590": 170117,
                "589": 177449,
                "588": 185024,
                "587": 192847,
                "586": 200914,
                "585": 209260,
                "584": 217825,
                "583": 226650,
                "582": 235736,
                "581": 245078,
                "580": 254711,
                "579": 264616,
                "578": 274808,
                "577": 285282,
                "576": 296070,
                "575": 307182,
                "574": 318610,
                "573": 330308,
                "572": 342311,
                "571": 354643,
                "570": 367297,
                "569": 380280,
                "568": 393582,
                "567": 407244,
                "566": 421262,
                "565": 435663,
                "564": 450448,
                "563": 465636,
                "562": 481217,
                "561": 497146,
                "560": 513483,
                "559": 530191,
                "558": 547282,
                "557": 564782,
                "556": 582673,
                "555": 600992,
                "554": 619778,
                "553": 638993,
                "552": 658623,
                "551": 678677,
                "550": 699158,
                "549": 720117,
                "548": 741554,
                "547": 763441
            }
        }
    }
}