{
    "2018": {
        "吉林": {
            "理科": {
                "692": 56,
                "691": 66,
                "690": 73,
                "689": 81.0,
                "688": 96.0,
                "687": 103.0,
                "686": 119.0,
                "685": 130.0,
                "684": 150.0,
                "683": 162.0,
                "682": 183.0,
                "681": 201.0,
                "680": 218.0,
                "679": 228.0,
                "678": 241.0,
                "677": 262.0,
                "676": 287.0,
                "675": 309.0,
                "674": 330.0,
                "673": 354.0,
                "672": 381.0,
                "671": 407.0,
                "670": 442.0,
                "669": 476.0,
                "668": 513.0,
                "667": 546.0,
                "666": 584.0,
                "665": 623.0,
                "664": 663.0,
                "663": 705.0,
                "662": 740.0,
                "661": 780.0,
                "660": 817.0,
                "659": 857.0,
                "658": 900.0,
                "657": 940.0,
                "656": 994.0,
                "655": 1048.0,
                "654": 1106.0,
                "653": 1158.0,
                "652": 1207.0,
                "651": 1278.0,
                "650": 1343.0,
                "649": 1405.0,
                "648": 1467.0,
                "647": 1537.0,
                "646": 1609.0,
                "645": 1674.0,
                "644": 1751.0,
                "643": 1811.0,
                "642": 1871.0,
                "641": 1939.0,
                "640": 2012.0,
                "639": 2073.0,
                "638": 2151.0,
                "637": 2236.0,
                "636": 2308.0,
                "635": 2392.0,
                "634": 2462.0,
                "633": 2539.0,
                "632": 2611.0,
                "631": 2691.0,
                "630": 2778.0,
                "629": 2868.0,
                "628": 2948.0,
                "627": 3030.0,
                "626": 3130.0,
                "625": 3236.0,
                "624": 3310.0,
                "623": 3409.0,
                "622": 3489.0,
                "621": 3602.0,
                "620": 3700.0,
                "619": 3820.0,
                "618": 3926.0,
                "617": 4049.0,
                "616": 4146.0,
                "615": 4248.0,
                "614": 4348.0,
                "613": 4457.0,
                "612": 4579.0,
                "611": 4674.0,
                "610": 4795.0,
                "609": 4914.0,
                "608": 5037.0,
                "607": 5165.0,
                "606": 5276.0,
                "605": 5399.0,
                "604": 5518.0,
                "603": 5659.0,
                "602": 5777.0,
                "601": 5914.0,
                "600": 6043.0,
                "599": 6163.0,
                "598": 6299.0,
                "597": 6422.0,
                "596": 6548.0,
                "595": 6679.0,
                "594": 6810.0,
                "593": 6939.0,
                "592": 7082.0,
                "591": 7198.0,
                "590": 7348.0,
                "589": 7483.0,
                "588": 7623.0,
                "587": 7742.0,
                "586": 7869.0,
                "585": 8009.0,
                "584": 8155.0,
                "583": 8306.0,
                "582": 8454.0,
                "581": 8591.0,
                "580": 8758.0,
                "579": 8927.0,
                "578": 9073.0,
                "577": 9220.0,
                "576": 9383.0,
                "575": 9547.0,
                "574": 9682.0,
                "573": 9828.0,
                "572": 10000.0,
                "571": 10158.0,
                "570": 10330.0,
                "569": 10478.0,
                "568": 10641.0,
                "567": 10803.0,
                "566": 10973.0,
                "565": 11137.0,
                "564": 11314.0,
                "563": 11477.0,
                "562": 11636.0,
                "561": 11799.0,
                "560": 11969.0,
                "559": 12102.0,
                "558": 12257.0,
                "557": 12415.0,
                "556": 12559.0,
                "555": 12734.0,
                "554": 12917.0,
                "553": 13116.0,
                "552": 13276.0,
                "551": 13434.0,
                "550": 13606.0,
                "549": 13781.0,
                "548": 13936.0,
                "547": 14117.0,
                "546": 14276.0,
                "545": 14458.0,
                "544": 14661.0,
                "543": 14863.0,
                "542": 15046.0,
                "541": 15196.0,
                "540": 15380.0,
                "539": 15549.0,
                "538": 15725.0,
                "537": 15909.0,
                "536": 16113.0,
                "535": 16312.0,
                "534": 16507.0,
                "533": 16701.0,
                "532": 16904.0,
                "531": 17117.0,
                "530": 17291.0,
                "529": 17509.0,
                "528": 17711.0,
                "527": 17900.0,
                "526": 18104.0,
                "525": 18306.0,
                "524": 18520.0,
                "523": 18717.0,
                "522": 18901.0,
                "521": 19113.0,
                "520": 19323.0,
                "519": 19506.0,
                "518": 19726.0,
                "517": 19944.0,
                "516": 20156.0,
                "515": 20358.0,
                "514": 20558.0,
                "513": 20769.0,
                "512": 20961.0,
                "511": 21169.0,
                "510": 21374.0,
                "509": 21611.0,
                "508": 21836.0,
                "507": 22067.0,
                "506": 22294.0,
                "505": 22494.0,
                "504": 22724.0,
                "503": 22921.0,
                "502": 23143.0,
                "501": 23392.0,
                "500": 23596.0,
                "499": 23805.0,
                "498": 24018.0,
                "497": 24235.0,
                "496": 24434.0,
                "495": 24656.0,
                "494": 24885.0,
                "493": 25119.0,
                "492": 25319.0,
                "491": 25567.0,
                "490": 25791.0,
                "489": 26022.0,
                "488": 26227.0,
                "487": 26466.0,
                "486": 26715.0,
                "485": 26934.0,
                "484": 27169.0,
                "483": 27404.0,
                "482": 27655.0,
                "481": 27879.0,
                "480": 28097.0,
                "479": 28341.0,
                "478": 28586.0,
                "477": 28822.0,
                "476": 29017.0,
                "475": 29228.0,
                "474": 29438.0,
                "473": 29648.0,
                "472": 29908.0,
                "471": 30133.0,
                "470": 30363.0,
                "469": 30619.0,
                "468": 30871.0,
                "467": 31125.0,
                "466": 31369.0,
                "465": 31617.0,
                "464": 31876.0,
                "463": 32136.0,
                "462": 32378.0,
                "461": 32633.0,
                "460": 32892.0,
                "459": 33122.0,
                "458": 33383.0,
                "457": 33637.0,
                "456": 33897.0,
                "455": 34157.0,
                "454": 34428.0,
                "453": 34657.0,
                "452": 34895.0,
                "451": 35138.0,
                "450": 35380.0,
                "449": 35642.0,
                "448": 35883.0,
                "447": 36138.0,
                "446": 36386.0,
                "445": 36652.0,
                "444": 36913.0,
                "443": 37148.0,
                "442": 37387.0,
                "441": 37648.0,
                "440": 37903.0,
                "439": 38143.0,
                "438": 38394.0,
                "437": 38669.0,
                "436": 38922.0,
                "435": 39170.0,
                "434": 39413.0,
                "433": 39686.0,
                "432": 39951.0,
                "431": 40195.0,
                "430": 40447.0,
                "429": 40693.0,
                "428": 40941.0,
                "427": 41202.0,
                "426": 41448.0,
                "425": 41688.0,
                "424": 41954.0,
                "423": 42180.0,
                "422": 42426.0,
                "421": 42656.0,
                "420": 42896.0,
                "419": 43114.0,
                "418": 43352.0,
                "417": 43610.0,
                "416": 43834.0,
                "415": 44095.0,
                "414": 44355.0,
                "413": 44607.0,
                "412": 44829.0,
                "411": 45073.0,
                "410": 45315.0,
                "409": 45556.0,
                "408": 45791.0,
                "407": 46022.0,
                "406": 46273.0,
                "405": 46516.0,
                "404": 46746.0,
                "403": 46953.0,
                "402": 47186.0,
                "401": 47403.0,
                "400": 47637.0,
                "399": 47879.0,
                "398": 48101.0,
                "397": 48319.0,
                "396": 48538.0,
                "395": 48763.0,
                "394": 49006.0,
                "393": 49236.0,
                "392": 49451.0,
                "391": 49689.0,
                "390": 49898.0,
                "389": 50133.0,
                "388": 50330.0,
                "387": 50550.0,
                "386": 50728.0,
                "385": 50917.0,
                "384": 51117.0,
                "383": 51313.0,
                "382": 51535.0,
                "381": 51740.0,
                "380": 51945.0,
                "379": 52164.0,
                "378": 52391.0,
                "377": 52608.0,
                "376": 52820.0,
                "375": 53045.0,
                "374": 53252.0,
                "373": 53466.0,
                "372": 53673.0,
                "371": 53870.0,
                "370": 54078.0,
                "369": 54267.0,
                "368": 54453.0,
                "367": 54635.0,
                "366": 54811.0,
                "365": 55013.0,
                "364": 55222.0,
                "363": 55395.0,
                "362": 55592.0,
                "361": 55784.0,
                "360": 55935.0,
                "359": 56107.0,
                "358": 56281.0,
                "357": 56465.0,
                "356": 56654.0,
                "355": 56828.0,
                "354": 57015.0,
                "353": 57182.0,
                "352": 57361.0,
                "351": 57525.0,
                "350": 57692.0,
                "349": 57882.0,
                "348": 58065.0,
                "347": 58244.0,
                "346": 58421.0,
                "345": 58611.0,
                "344": 58790.0,
                "343": 58931.0,
                "342": 59085.0,
                "341": 59236.0,
                "340": 59382.0,
                "339": 59531.0,
                "338": 59703.0,
                "337": 59847.0,
                "336": 59996.0,
                "335": 60140.0,
                "334": 60308.0,
                "333": 60445.0,
                "332": 60601.0,
                "331": 60749.0,
                "330": 60911.0,
                "329": 61063.0,
                "328": 61187.0,
                "327": 61333.0,
                "326": 61491.0,
                "325": 61616.0,
                "324": 61756.0,
                "323": 61913.0,
                "322": 62034.0,
                "321": 62167.0,
                "320": 62309.0,
                "319": 62463.0,
                "318": 62573.0,
                "317": 62702.0,
                "316": 62834.0,
                "315": 62980.0,
                "314": 63108.0,
                "313": 63225.0,
                "312": 63344.0,
                "311": 63468.0,
                "310": 63595.0,
                "309": 63702.0,
                "308": 63817.0,
                "307": 63951.0,
                "306": 64067.0,
                "305": 64182.0,
                "304": 64288.0,
                "303": 64410.0,
                "302": 64543.0,
                "301": 64667.0,
                "300": 64784.0,
                "299": 64878.0,
                "298": 64980.0,
                "297": 65072.0,
                "296": 65191.0,
                "295": 65282.0,
                "294": 65388.0,
                "293": 65469.0,
                "292": 65566.0,
                "291": 65654.0,
                "290": 65757.0,
                "289": 65856.0,
                "288": 65957.0,
                "287": 66057.0,
                "286": 66143.0,
                "285": 66238.0,
                "284": 66336.0,
                "283": 66430.0,
                "282": 66518.0,
                "281": 66597.0,
                "280": 66691.0,
                "279": 66781.0,
                "278": 66868.0,
                "277": 66959.0,
                "276": 67055.0,
                "275": 67138.0,
                "274": 67211.0,
                "273": 67283.0,
                "272": 67360.0,
                "271": 67436.0,
                "270": 67519.0,
                "269": 67588.0,
                "268": 67673.0,
                "267": 67745.0,
                "266": 67825.0,
                "265": 67897.0,
                "264": 67958.0,
                "263": 68040.0,
                "262": 68114.0,
                "261": 68180.0,
                "260": 68266.0,
                "259": 68332.0,
                "258": 68402.0,
                "257": 68472.0,
                "256": 68542.0,
                "255": 68602.0,
                "254": 68685.0,
                "253": 68753.0,
                "252": 68805.0,
                "251": 68877.0,
                "250": 68952.0,
                "249": 69010.0,
                "248": 69050.0,
                "247": 69110.0,
                "246": 69189.0,
                "245": 69237.0,
                "244": 69296.0,
                "243": 69352.0,
                "242": 69408.0,
                "241": 69469.0,
                "240": 69521.0,
                "239": 69578.0,
                "238": 69635.0,
                "237": 69682.0,
                "236": 69726.0,
                "235": 69786.0,
                "234": 69821.0,
                "233": 69876.0,
                "232": 69924.0,
                "231": 69970.0,
                "230": 70021.0,
                "229": 70073.0,
                "228": 70110.0,
                "227": 70161.0,
                "226": 70208.0,
                "225": 70246.0,
                "224": 70287.0,
                "223": 70334.0,
                "222": 70381.0,
                "221": 70417.0,
                "220": 70467.0,
                "219": 70520.0,
                "218": 70545.0,
                "217": 70610.0,
                "216": 70658.0,
                "215": 70695.0,
                "214": 70731.0,
                "213": 70773.0,
                "212": 70821.0,
                "211": 70848.0,
                "210": 70876.0,
                "209": 70911.0,
                "208": 70944.0,
                "207": 70967.0,
                "206": 70998.0,
                "205": 71027.0,
                "204": 71057.0,
                "203": 71088.0,
                "202": 71115.0,
                "201": 71139.0,
                "200": 71172.0,
                "199": 71207.0,
                "198": 71243.0,
                "197": 71270.0,
                "196": 71293.0,
                "195": 71318.0,
                "194": 71340.0,
                "193": 71357.0,
                "192": 71379.0,
                "191": 71404.0,
                "190": 71431.0,
                "189": 71456.0,
                "188": 71477.0,
                "187": 71507.0,
                "186": 71532.0,
                "185": 71558.0,
                "184": 71567.0,
                "183": 71591.0,
                "182": 71608.0,
                "181": 71627.0,
                "180": 71651.0,
                "179": 71669.0,
                "178": 71687.0,
                "177": 71711.0,
                "176": 71731.0,
                "175": 71746.0,
                "174": 71762.0,
                "173": 71781.0,
                "172": 71796.0,
                "171": 71816.0,
                "170": 71825.0,
                "169": 71835.0,
                "168": 71846.0,
                "167": 71859.0,
                "166": 71873.0,
                "165": 71879.0,
                "164": 71891.0,
                "163": 71907.0,
                "162": 71916.0,
                "161": 71928.0,
                "160": 71935.0,
                "159": 71942.0,
                "158": 71948.0,
                "157": 71962.0,
                "156": 71974.0,
                "155": 71982.0,
                "154": 71992.0,
                "153": 71997.0,
                "152": 72003.0,
                "151": 72009.0,
                "150": 72013.0,
                "149": 72018.0,
                "148": 72024.0,
                "147": 72032.0,
                "146": 72037.0,
                "145": 72040.0,
                "144": 72047.0,
                "143": 72050.0,
                "142": 72054.0,
                "141": 72062.0,
                "140": 72067.0,
                "139": 72076.0,
                "138": 72083.0,
                "137": 72084.0,
                "136": 72090.0,
                "135": 72095.0,
                "134": 72097.0,
                "133": 72100.0,
                "132": 72105.0,
                "131": 72112.0,
                "130": 72118.0,
                "129": 72119.0,
                "128": 72121.0,
                "127": 72123.0,
                "126": 72127.0,
                "125": 72130.0,
                "124": 72134.0,
                "123": 72135.0,
                "122": 72139.0,
                "121": 72142.0,
                "120": 72148.0,
                "119": 72148.0,
                "118": 72150.0,
                "117": 72150.0,
                "116": 72151.0,
                "115": 72152.0,
                "114": 72154.0,
                "113": 72156.0,
                "112": 72161.0,
                "111": 72163.0,
                "110": 72165.0,
                "109": 72166.0,
                "108": 72168.0,
                "107": 72171.0,
                "106": 72171.0,
                "105": 72173.0,
                "104": 72174.0,
                "103": 72174.0,
                "102": 72177.0,
                "101": 72179.0,
                "100": 72180.0
            }
        }
    }
}