{
    "2018": {
        "四川": {
            "文科": {
                "641": 39,
                "640": 48,
                "639": 58,
                "638": 64,
                "637": 69,
                "636": 77,
                "635": 84,
                "634": 94,
                "633": 105,
                "632": 123,
                "631": 142,
                "630": 162,
                "629": 177,
                "628": 198,
                "627": 228,
                "626": 254,
                "625": 283,
                "624": 312,
                "623": 343,
                "622": 378,
                "621": 407,
                "620": 447,
                "619": 492,
                "618": 551,
                "617": 623,
                "616": 676,
                "615": 738,
                "614": 794,
                "613": 854,
                "612": 918,
                "611": 989,
                "610": 1084,
                "609": 1167,
                "608": 1269,
                "607": 1354,
                "606": 1454,
                "605": 1557,
                "604": 1673,
                "603": 1790,
                "602": 1912,
                "601": 2033,
                "600": 2171,
                "599": 2305,
                "598": 2442
            }
        }
    }
}