{
    "2018": {
        "海南": {
            "文科": {
                "935": 1,
                "930": 1,
                "913": 2,
                "902": 3,
                "894": 4,
                "888": 5,
                "885": 6,
                "880": 7,
                "875": 8,
                "873": 9,
                "868": 10,
                "867": 11,
                "863": 12,
                "861": 14,
                "858": 15,
                "856": 17,
                "853": 18,
                "851": 19,
                "850": 20,
                "847": 22,
                "845": 24,
                "843": 26,
                "841": 28,
                "839": 29,
                "838": 30,
                "835": 32,
                "834": 33,
                "833": 35,
                "831": 37,
                "830": 39,
                "829": 40,
                "827": 42,
                "826": 44,
                "825": 45,
                "823": 47,
                "822": 48,
                "821": 50,
                "820": 51,
                "819": 53,
                "818": 56,
                "817": 58,
                "816": 61,
                "815": 62,
                "814": 67,
                "813": 70,
                "812": 71,
                "810": 73,
                "809": 77,
                "808": 79,
                "807": 81,
                "806": 84,
                "805": 88,
                "804": 89,
                "803": 91,
                "802": 93,
                "801": 97,
                "800": 98,
                "799": 100,
                "798": 104,
                "797": 108,
                "796": 110,
                "795": 115,
                "794": 116,
                "793": 119,
                "792": 123,
                "791": 129,
                "790": 133,
                "789": 135,
                "788": 139,
                "787": 141,
                "786": 144,
                "785": 149,
                "784": 152,
                "783": 154,
                "782": 162,
                "781": 163,
                "780": 167,
                "779": 174,
                "778": 177,
                "777": 185,
                "776": 192,
                "775": 196,
                "774": 202,
                "773": 206,
                "772": 214,
                "771": 218,
                "770": 222,
                "769": 228,
                "768": 232,
                "767": 237,
                "766": 249,
                "765": 251,
                "764": 256,
                "763": 263,
                "762": 268,
                "761": 273,
                "760": 282,
                "759": 294,
                "758": 302,
                "757": 309,
                "756": 318,
                "755": 324,
                "754": 331,
                "753": 340,
                "752": 346,
                "751": 357,
                "750": 365,
                "749": 371,
                "748": 382,
                "747": 393,
                "746": 400,
                "745": 411,
                "744": 421,
                "743": 437,
                "742": 448,
                "741": 465,
                "740": 470,
                "739": 482,
                "738": 497,
                "737": 509,
                "736": 520,
                "735": 541,
                "734": 555,
                "733": 565,
                "732": 577,
                "731": 589,
                "730": 602,
                "729": 614,
                "728": 627,
                "727": 638,
                "726": 651,
                "725": 668,
                "724": 684,
                "723": 694,
                "722": 716,
                "721": 729,
                "720": 749,
                "719": 767,
                "718": 781,
                "717": 798,
                "716": 816,
                "715": 833,
                "714": 845,
                "713": 864,
                "712": 879,
                "711": 897,
                "710": 918,
                "709": 938,
                "708": 966,
                "707": 984,
                "706": 1008,
                "705": 1024,
                "704": 1054,
                "703": 1081,
                "702": 1099,
                "701": 1117,
                "700": 1140,
                "699": 1163,
                "698": 1183,
                "697": 1206,
                "696": 1227,
                "695": 1256,
                "694": 1281,
                "693": 1305,
                "692": 1340,
                "691": 1360,
                "690": 1387,
                "689": 1420,
                "688": 1444,
                "687": 1470,
                "686": 1496,
                "685": 1523,
                "684": 1552,
                "683": 1580,
                "682": 1603,
                "681": 1628,
                "680": 1662,
                "679": 1691,
                "678": 1722,
                "677": 1751,
                "676": 1780,
                "675": 1826,
                "674": 1863,
                "673": 1884,
                "672": 1923,
                "671": 1961,
                "670": 2002,
                "669": 2040,
                "668": 2060,
                "667": 2086,
                "666": 2125,
                "665": 2163,
                "664": 2196,
                "663": 2238,
                "662": 2284,
                "661": 2319,
                "660": 2359,
                "659": 2396,
                "658": 2438,
                "657": 2476,
                "656": 2523,
                "655": 2566,
                "654": 2599,
                "653": 2633,
                "652": 2680,
                "651": 2712,
                "650": 2749,
                "649": 2804,
                "648": 2867,
                "647": 2906,
                "646": 2947,
                "645": 2988,
                "644": 3029,
                "643": 3080,
                "642": 3115,
                "641": 3172,
                "640": 3216,
                "639": 3260,
                "638": 3302,
                "637": 3350,
                "636": 3399,
                "635": 3447,
                "634": 3501,
                "633": 3566,
                "632": 3608,
                "631": 3666,
                "630": 3728,
                "629": 3782,
                "628": 3832,
                "627": 3887,
                "626": 3934,
                "625": 3993,
                "624": 4056,
                "623": 4107,
                "622": 4165,
                "621": 4213,
                "620": 4270,
                "619": 4327,
                "618": 4385,
                "617": 4446,
                "616": 4503,
                "615": 4564,
                "614": 4620,
                "613": 4683,
                "612": 4741,
                "611": 4795,
                "610": 4852,
                "609": 4918,
                "608": 4979,
                "607": 5041,
                "606": 5095,
                "605": 5160,
                "604": 5215,
                "603": 5289,
                "602": 5362,
                "601": 5425,
                "600": 5488,
                "599": 5560,
                "598": 5638,
                "597": 5705,
                "596": 5763,
                "595": 5822,
                "594": 5877,
                "593": 5943,
                "592": 6014,
                "591": 6085,
                "590": 6160,
                "589": 6232,
                "588": 6309,
                "587": 6369,
                "586": 6436,
                "585": 6501,
                "584": 6571,
                "583": 6650,
                "582": 6728,
                "581": 6793,
                "580": 6868,
                "579": 6934
            }
        }
    }
}