{
  "2018": {
    "山东省": {
      "文科": {
        "663.0": 24,
        "662.0": 29,
        "661.0": 37,
        "660.0": 45,
        "659.0": 54,
        "658.0": 65,
        "657.0": 76,
        "656.0": 89,
        "655.0": 106,
        "654.0": 118,
        "653.0": 133,
        "652.0": 151,
        "651.0": 172,
        "650.0": 190,
        "649.0": 218,
        "648.0": 239,
        "647.0": 265,
        "646.0": 289,
        "645.0": 314,
        "644.0": 357,
        "643.0": 389,
        "642.0": 432,
        "641.0": 474,
        "640.0": 514,
        "639.0": 561,
        "638.0": 606,
        "637.0": 658,
        "636.0": 704,
        "635.0": 757,
        "634.0": 811,
        "633.0": 875,
        "632.0": 943,
        "631.0": 1010,
        "630.0": 1075,
        "629.0": 1158,
        "628.0": 1231,
        "627.0": 1313,
        "626.0": 1405,
        "625.0": 1491,
        "624.0": 1581,
        "623.0": 1680,
        "622.0": 1791,
        "621.0": 1894,
        "620.0": 1999,
        "619.0": 2122,
        "618.0": 2232,
        "617.0": 2358,
        "616.0": 2484,
        "615.0": 2640,
        "614.0": 2780,
        "613.0": 2936,
        "612.0": 3095,
        "611.0": 3247,
        "610.0": 3402,
        "609.0": 3571,
        "608.0": 3734,
        "607.0": 3903,
        "606.0": 4088,
        "605.0": 4263,
        "604.0": 4462,
        "603.0": 4657,
        "602.0": 4859,
        "601.0": 5068,
        "600.0": 5255,
        "599.0": 5471,
        "598.0": 5682,
        "597.0": 5900,
        "596.0": 6154,
    "589": "8013",
    "588": "8327",
    "587": "8633",
    "586": "8924",
    "585": "9235",
    "584": "9546",
    "583": "9839",
    "582": "10150",
    "581": "10506",
    "580": "10827",
    "579": "11158",
    "578": "11519",
    "577": "11873",
    "576": "12249",
    "575": "12580",
    "574": "12970",
    "573": "13386",
    "572": "13742",
    "571": "14130",
    "570": "14568",
    "569": "14979",
    "568": "15415",
    "567": "15853",
    "566": "16307",
    "565": "16773",
    "564": "17218",
    "563": "17682",
    "562": "18150",
    "561": "18611",
    "560": "19067",
    "559": "19553",
    "558": "20027",
    "557": "20495",
    "556": "20976",
    "555": "21502",
    "554": "21999",
    "553": "22504",
    "552": "22998",
    "551": "23531",
    "550": "24052",
    "549": "24582",
    "548": "25110",
    "547": "25707",
    "546": "26274",
    "545": "26771",
    "544": "27377",
    "543": "27930",
    "542": "28497",
    "541": "29058",
    "540": "29636",
    "539": "30264",
    "538": "30850",
    "537": "31412",
    "536": "31996",
    "535": "32548",
    "534": "33163",
    "533": "33754",
    "532": "34322",
    "531": "34926",
    "530": "35531",
    "529": "36114",
    "528": "36759",
    "527": "37341",
    "526": "38013",
    "525": "38633",
    "524": "39281",
    "523": "39893",
    "522": "40495",
    "521": "41107",
    "520": "41728",
    "519": "42331",
    "518": "42912",
    "517": "43531",
    "516": "44127",
    "515": "44708",
    "514": "45357",
    "513": "45955",
    "512": "46582",
    "511": "47191",
    "510": "47778",
    "509": "48373",
    "508": "48962",
    "507": "49586",
    "506": "50171",
    "505": "50734"
      }
    }
  }
}