{
    "2018": {
        "山东": {
            "理科": {
	"694": 52,
                "693": 60,
                "692": 75,
                "691": 84,
                "690": 102,
                "689": 114,
                "688": 134,
                "687": 151,
                "686": 173,
                "685": 202,
                "684": 228,
                "683": 249,
                "682": 277,
                "681": 319,
                "680": 359,
                "679": 394,
                "678": 431,
                "677": 479,
                "676": 520,
                "675": 574,
                "674": 618,
                "673": 684,
                "672": 730,
                "671": 789,
                "670": 860,
                "669": 928,
                "668": 1008,
                "667": 1078,
                "666": 1175,
                "665": 1264,
                "664": 1354,
                "663": 1447,
                "662": 1550,
                "661": 1661,
                "660": 1768,
                "659": 1884,
                "658": 2000,
                "657": 2124,
                "656": 2266,
                "655": 2407,
                "654": 2545,
                "653": 2689,
                "652": 2844,
                "651": 3032,
                "650": 3199,
                "649": 3342,
                "648": 3494,
                "647": 3672,
                "646": 3839,
                "645": 4024,
                "644": 4226,
                "643": 4445,
                "642": 4627,
                "641": 4868,
                "640": 5096,
                "639": 5341,
                "638": 5607,
                "637": 5851,
                "636": 6089,
                "635": 6358,
                "634": 6603,
                "633": 6872,
                "632": 7169,
                "631": 7433,
                "630": 7735,
                "629": 8054,
                "628": 8355,
                "627": 8686,
                "626": 9012,
                "625": 9376,
                "624": 9717,
                "623": 10060,
                "622": 10426,
                "621": 10803,
                "620": 11166,
                "619": 11553,
                "618": 11945,
                "617": 12340,
                "616": 12722,
                "615": 13093,
                "614": 13489,
                "613": 13894,
                "612": 14389,
                "611": 14856,
                "610": 15313,
	"609": "15789",
        	"608": "16278",
        	"607": "16761",
        	"606": "17241",
        	"605": "17717",
        	"604": "18209",
        	"603": "18709",
        	"602": "19264",
        	"601": "19801",
        	"600": "20350",
        	"599": "20906",
        	"598": "21514",
        	"597": "22094",
        	"596": "22663",
        	"595": "23217",
        	"594": "23810",
        	"593": "24423",
        	"592": "25074",
        	"591": "25705",
        	"590": "26343",
        	"589": "26989",
        	"588": "27639",
        	"587": "28311",
        	"586": "29000",
        	"585": "29693",
        	"584": "30384",
        	"583": "31119",
        	"582": "31830",
        	"581": "32527",
        	"580": "33243",
        	"579": "33975",
        	"578": "34662",
        	"577": "35408",
        	"576": "36159",
        	"575": "36925",
        	"574": "37653",
        	"573": "38442",
        	"572": "39323",
        	"571": "40127",
        	"570": "40924",
        	"569": "41747",
        	"568": "42578",
        	"567": "43443",
        	"566": "44250",
        	"565": "45127",
        	"564": "45929",
        	"563": "46793",
        	"562": "47602",
        	"561": "48495",
        	"560": "49398",
        	"559": "50248",
        	"558": "51118",
        	"557": "52055",
        	"556": "53008",
        	"555": "53982",
        	"554": "54912",
        	"553": "55875",
        	"552": "56812",
        	"551": "57740",
        	"550": "58686",
        	"549": "59664",
        	"548": "60579",
        	"547": "61574",
        	"546": "62505",
        	"545": "63441",
        	"544": "64446",
        	"543": "65439",
        	"542": "66427",
        	"541": "67468",
        	"540": "68460",
        	"539": "69453",
        	"538": "70486",
        	"537": "71548",
        	"536": "72547",
        	"535": "73569",
        	"534": "74659",
        	"533": "75721",
        	"532": "76736",
        	"531": "77759",
        	"530": "78807",
        	"529": "79899",
       	"528": "80925",
        	"527": "82025",
        	"526": "83073",
        	"525": "84089",
        	"524": "85149",
        	"523": "86224",
        	"522": "87291",
        	"521": "88344",
        	"520": "89466",
                "519": 90572,
                "518": 91682,
                "517": 92749,
                "516": 93804,
                "515": 94878,
                "514": 95958,
                "513": 97033,
                "512": 98168,
                "511": 99252,
                "510": 100366,
                "509": 101438,
                "508": 102549,
                "507": 103669,
                "506": 104777,
                "505": 105914,
                "504": 106976,
                "503": 108125,
                "502": 109175,
                "501": 110256,
                "500": 111339,
                "499": 112514,
                "498": 113654,
                "497": 114785,
                "496": 115897,
                "495": 116989,
                "494": 118134,
                "493": 119252,
                "492": 120353,
                "491": 121473,
                "490": 122641,
                "489": 123773,
                "488": 124901,
                "487": 126005,
                "486": 127124,
                "485": 128222,
                "484": 129351,
                "483": 130505,
                "482": 131591,
                "481": 132745,
                "480": 133895,
                "479": 135042,
                "478": 136147,
                "477": 137254,
                "476": 138322,
                "475": 139418,
                "474": 140604,
                "473": 141708,
                "472": 142841,
                "471": 143861,
                "470": 145005,
                "469": 146130,
                "468": 147198,
                "467": 148308,
                "466": 149432,
                "465": 150564,
                "464": 151641,
                "463": 152643,
                "462": 153700,
                "461": 154721,
                "460": 155759,
                "459": 156813,
                "458": 157819,
                "457": 158855,
                "456": 159864,
                "455": 160928,
                "454": 161912,
                "453": 162926,
                "452": 163973,
                "451": 165006,
                "450": 165985,
                "449": 166953,
                "448": 167954,
                "447": 168925,
                "446": 169852,
                "445": 170807,
                "444": 171794,
                "443": 172780,
                "442": 173705,
                "441": 174655,
                "440": 175562,
                "439": 176508,
                "438": 177494,
                "437": 178433,
                "436": 179350,
                "435": 180268
            }
        }
    }
}
