{
    "2018": {
        "青海": {
            "理科": {
                "682.0": 1.0,
                "681.0": 1.0,
                "680.0": 1.0,
                "679.0": 1.0,
                "678.0": 1.0,
                "677.0": 1.0,
                "676.0": 1.0,
                "675.0": 1.0,
                "674.0": 1.0,
                "673.0": 1.0,
                "672.0": 2.0,
                "671.0": 2.0,
                "670.0": 2.0,
                "669.0": 2.0,
                "668.0": 4.0,
                "667.0": 5.0,
                "666.0": 5.0,
                "665.0": 6.0,
                "664.0": 6.0,
                "663.0": 7.0,
                "662.0": 7.0,
                "661.0": 8.0,
                "660.0": 8.0,
                "659.0": 8.0,
                "658.0": 8.0,
                "657.0": 9.0,
                "656.0": 10.0,
                "655.0": 10.0,
                "654.0": 10.0,
                "653.0": 10.0,
                "652.0": 13.0,
                "651.0": 14.0,
                "650.0": 14.0,
                "649.0": 15.0,
                "648.0": 16.0,
                "647.0": 17.0,
                "646.0": 17.0,
                "645.0": 18.0,
                "644.0": 20.0,
                "643.0": 20.0,
                "642.0": 21.0,
                "641.0": 21.0,
                "640.0": 24.0,
                "639.0": 24.0,
                "638.0": 24.0,
                "637.0": 25.0,
                "636.0": 27.0,
                "635.0": 28.0,
                "634.0": 29.0,
                "633.0": 33.0,
                "632.0": 35.0,
                "631.0": 38.0,
                "630.0": 41.0,
                "629.0": 41.0,
                "628.0": 42.0,
                "627.0": 43.0,
                "626.0": 44.0,
                "625.0": 47.0,
                "624.0": 47.0,
                "623.0": 51.0,
                "622.0": 55.0,
                "621.0": 58.0,
                "620.0": 62.0,
                "619.0": 65.0,
                "618.0": 73.0,
                "617.0": 77.0,
                "616.0": 80.0,
                "615.0": 81.0,
                "614.0": 84.0,
                "613.0": 89.0,
                "612.0": 93.0,
                "611.0": 96.0,
                "610.0": 102.0,
                "609.0": 107.0,
                "608.0": 116.0,
                "607.0": 120.0,
                "606.0": 126.0,
                "605.0": 134.0,
                "604.0": 138.0,
                "603.0": 143.0,
                "602.0": 151.0,
                "601.0": 156.0,
                "600.0": 166.0,
                "599.0": 177.0,
                "598.0": 182.0,
                "597.0": 191.0,
                "596.0": 200.0,
                "595.0": 211.0,
                "594.0": 225.0,
                "593.0": 230.0,
                "592.0": 235.0,
                "591.0": 244.0,
                "590.0": 251.0,
                "589.0": 262.0,
                "588.0": 274.0,
                "587.0": 287.0,
                "586.0": 299.0,
                "585.0": 307.0,
                "584.0": 324.0,
                "583.0": 327.0,
                "582.0": 341.0,
                "581.0": 349.0,
                "580.0": 364.0,
	"579": 373,
                "578": 388,
                "577": 395,
                "576": 403,
                "575": 413,
                "574": 423,
                "573": 443,
                "572": 455,
                "571": 469,
                "570": 483,
                "569": 500,
                "568": 512,
                "567": 527,
                "566": 540,
                "565": 557,
                "564": 578,
                "563": 594,
                "562": 603,
                "561": 618,
                "560": 639,
                "559": 659,
                "558": 673,
                "557": 694,
                "556": 710,
                "555": 727,
                "554": 752,
                "553": 770,
                "552": 784,
                "551": 806,
                "550": 818,
                "549": 835,
                "548": 856,
                "547": 874,
                "546": 901,
                "545": 924,
                "544": 939,
                "543": 960,
                "542": 988,
                "541": 998,
                "540": 1025,
                "539": 1051,
                "538": 1069,
                "537": 1088,
                "536": 1127,
                "535": 1151,
                "534": 1181,
                "533": 1209,
                "532": 1238,
                "531": 1263,
                "530": 1283,
                "529": 1311,
                "528": 1339,
                "527": 1361,
                "526": 1381,
                "525": 1412,
                "524": 1445,
                "523": 1475,
                "522": 1513,
                "521": 1542,
                "520": 1571,
                "519": 1596,
                "518": 1627,
                "517": 1662,
                "516": 1695,
                "515": 1721,
                "514": 1756,
                "513": 1789,
                "512": 1818,
                "511": 1854,
                "510": 1890,
                "509": 1909,
                "508": 1935,
                "507": 1967,
                "506": 2006,
                "505": 2024,
                "504": 2049,
                "503": 2098,
                "502": 2143,
                "501": 2181,
                "500": 2220,
                "499": 2248,
                "498": 2280,
                "497": 2321,
                "496": 2358,
                "495": 2399,
                "494": 2434,
                "493": 2473,
                "492": 2520,
                "491": 2556,
                "490": 2604,
                "489": 2638,
                "488": 2680,
                "487": 2735,
                "486": 2775,
                "485": 2824,
                "484": 2873,
                "483": 2917,
                "482": 2973,
                "481": 3015,
                "480": 3052,
                "479": 3098,
                "478": 3126,
                "477": 3186,
                "476": 3240,
                "475": 3286,
                "474": 3337,
                "473": 3392,
                "472": 3439,
                "471": 3508,
                "470": 3563
            }
        }
    }
}