{
    "2018": {
        "天津": {
            "理科": {
                "698.0": 24.0,
                "697.0": 29.0,
                "696.0": 36.0,
                "695.0": 41.0,
                "694.0": 43.0,
                "693.0": 53.0,
                "692.0": 58.0,
                "691.0": 70.0,
                "690.0": 87.0,
                "689.0": 104.0,
                "688.0": 115.0,
                "687.0": 135.0,
                "686.0": 150.0,
                "685.0": 163.0,
                "684.0": 184.0,
                "683.0": 206.0,
                "682.0": 218.0,
                "681.0": 237.0,
                "680.0": 261.0,
                "679.0": 296.0,
                "678.0": 330.0,
                "677.0": 363.0,
                "676.0": 391.0,
                "675.0": 418.0,
                "674.0": 442.0,
                "673.0": 482.0,
                "672.0": 517.0,
                "671.0": 558.0,
                "670.0": 602.0,
                "669.0": 639.0,
                "668.0": 683.0,
                "667.0": 731.0,
                "666.0": 783.0,
                "665.0": 823.0,
                "664.0": 859.0,
                "663.0": 914.0,
                "662.0": 969.0,
                "661.0": 1014.0,
                "660.0": 1070.0,
                "659.0": 1126.0,
                "658.0": 1180.0,
                "657.0": 1238.0,
                "656.0": 1294.0,
                "655.0": 1347.0,
                "654.0": 1395.0,
                "653.0": 1441.0,
                "652.0": 1496.0,
                "651.0": 1552.0,
                "650.0": 1619.0,
                "649.0": 1685.0,
                "648.0": 1751.0,
                "647.0": 1821.0,
                "646.0": 1902.0,
                "645.0": 1990.0,
                "644.0": 2080.0,
                "643.0": 2144.0,
                "642.0": 2209.0,
                "641.0": 2285.0,
                "640.0": 2359.0,
                "639.0": 2442.0,
                "638.0": 2520.0,
                "637.0": 2600.0,
                "636.0": 2676.0,
                "635.0": 2771.0,
                "634.0": 2845.0,
                "633.0": 2952.0,
                "632.0": 3029.0,
                "631.0": 3113.0,
                "630.0": 3200.0,
                "629.0": 3266.0,
                "628.0": 3359.0,
                "627.0": 3447.0,
                "626.0": 3529.0,
                "625.0": 3624.0,
                "624.0": 3704.0,
                "623.0": 3803.0,
                "622.0": 3893.0,
                "621.0": 3975.0,
                "620.0": 4067.0,
                "619.0": 4163.0,
                "618.0": 4252.0,
                "617.0": 4349.0,
                "616.0": 4432.0,
                "615.0": 4532.0,
                "614.0": 4647.0,
                "613.0": 4739.0,
                "612.0": 4811.0,
                "611.0": 4914.0,
                "610.0": 5031.0,
                "609.0": 5148.0,
                "608.0": 5259.0,
                "607.0": 5359.0,
                "606.0": 5447.0,
                "605.0": 5549.0,
                "604.0": 5672.0,
                "603.0": 5771.0,
                "602.0": 5877.0,
                "601.0": 5991.0,
                "600.0": 6086.0,
                "599.0": 6178.0,
                "598.0": 6291.0,
                "597.0": 6425.0
            }
        }
    }
}