{
    "2018": {
        "云南": {
            "文科": {
                "671.0": 50.0,
                "670.0": 55.0,
                "669.0": 62.0,
                "668.0": 66.0,
                "667.0": 68.0,
                "666.0": 76.0,
                "665.0": 86.0,
                "664.0": 93.0,
                "663.0": 103.0,
                "662.0": 113.0,
                "661.0": 121.0,
                "660.0": 133.0,
                "659.0": 150.0,
                "658.0": 164.0,
                "657.0": 176.0,
                "656.0": 187.0,
                "655.0": 209.0,
                "654.0": 226.0,
                "653.0": 247.0,
                "652.0": 273.0,
                "651.0": 297.0,
                "650.0": 329.0,
                "649.0": 358.0,
                "648.0": 376.0,
                "647.0": 403.0,
                "646.0": 432.0,
                "645.0": 461.0,
                "644.0": 496.0,
                "643.0": 542.0,
                "642.0": 586.0,
                "641.0": 620.0,
                "640.0": 678.0,
                "639.0": 716.0,
                "638.0": 761.0,
                "637.0": 797.0,
                "636.0": 853.0,
                "635.0": 908.0,
                "634.0": 953.0,
                "633.0": 999.0,
                "632.0": 1043.0,
                "631.0": 1086.0,
                "630.0": 1133.0,
                "629.0": 1196.0,
                "628.0": 1270.0,
                "627.0": 1346.0,
                "626.0": 1417.0,
                "625.0": 1489.0,
                "624.0": 1554.0,
                "623.0": 1644.0,
                "622.0": 1721.0,
                "621.0": 1813.0,
                "620.0": 1906.0,
                "619.0": 2003.0,
                "618.0": 2103.0,
                "617.0": 2206.0,
                "616.0": 2307.0,
                "615.0": 2400.0,
                "614.0": 2485.0,
                "613.0": 2592.0,
                "612.0": 2707.0,
                "611.0": 2831.0,
                "610.0": 2950.0,
                "609.0": 3061.0,
                "608.0": 3202.0,
                "607.0": 3308.0,
                "606.0": 3443.0,
                "605.0": 3588.0,
                "604.0": 3732.0,
                "603.0": 3880.0,
                "602.0": 4013.0,
                "601.0": 4155.0,
                "600.0": 4285.0,
                "599.0": 4428.0,
                "598.0": 4570.0,
                "597.0": 4730.0,
                "596.0": 4889.0,
                "595.0": 5051.0,
                "594.0": 5263.0,
                "593.0": 5448.0,
                "592.0": 5612.0,
                "591.0": 5807.0,
                "590.0": 5988.0,
                "589.0": 6184.0,
                "588.0": 6355.0,
                "587.0": 6558.0,
                "586.0": 6772.0,
                "585.0": 6961.0,
                "584.0": 7175.0,
                "583.0": 7404.0,
                "582.0": 7624.0,
                "581.0": 7853.0,
                "580.0": 8096.0,
                "579.0": 8326.0,
                "578.0": 8549.0,
                "577.0": 8750.0,
                "576.0": 8966.0,
                "575.0": 9215.0
            }
        }
    }
}