{
    "2018": {
        "上海": {
            "all": {
                "611.0": 52.0,
                "610.0": 62.0,
                "609.0": 74.0,
                "608.0": 83.0,
                "607.0": 105.0,
                "606.0": 120.0,
                "605.0": 133.0,
                "604.0": 149.0,
                "603.0": 168.0,
                "602.0": 186.0,
                "601.0": 209.0,
                "600.0": 235.0,
                "599.0": 275.0,
                "598.0": 294.0,
                "597.0": 335.0,
                "596.0": 376.0,
                "595.0": 408.0,
                "594.0": 446.0,
                "593.0": 481.0,
                "592.0": 522.0,
                "591.0": 567.0,
                "590.0": 613.0,
                "589.0": 660.0,
                "588.0": 718.0,
                "587.0": 782.0,
                "586.0": 845.0,
                "585.0": 908.0,
                "584.0": 977.0,
                "583.0": 1056.0,
                "582.0": 1110.0,
                "581.0": 1200.0,
                "580.0": 1273.0,
                "579.0": 1345.0,
                "578.0": 1432.0,
                "577.0": 1510.0,
                "576.0": 1592.0,
                "575.0": 1685.0,
                "574.0": 1766.0,
                "573.0": 1862.0,
                "572.0": 1957.0,
                "571.0": 2061.0,
                "570.0": 2159.0,
                "569.0": 2243.0,
                "568.0": 2349.0,
                "567.0": 2462.0,
                "566.0": 2573.0,
                "565.0": 2677.0,
                "564.0": 2817.0,
                "563.0": 2939.0,
                "562.0": 3052.0,
                "561.0": 3180.0,
                "560.0": 3320.0,
                "559.0": 3463.0,
                "558.0": 3607.0,
                "557.0": 3738.0,
                "556.0": 3883.0,
                "555.0": 4039.0,
                "554.0": 4200.0,
                "553.0": 4360.0,
                "552.0": 4508.0,
                "551.0": 4673.0,
                "550.0": 4834.0,
                "549.0": 5004.0,
                "548.0": 5166.0,
                "547.0": 5320.0,
                "546.0": 5484.0,
                "545.0": 5654.0,
                "544.0": 5832.0,
                "543.0": 6020.0,
                "542.0": 6207.0,
                "541.0": 6388.0,
                "540.0": 6559.0,
                "539.0": 6731.0,
                "538.0": 6919.0,
                "537.0": 7103.0,
                "536.0": 7289.0,
                "535.0": 7464.0,
                "534.0": 7643.0,
                "533.0": 7847.0,
                "532.0": 8018.0,
                "531.0": 8216.0,
                "530.0": 8406.0
            }
        }
    }
}