{
    "2018": {
        "内蒙古": {
            "理科": {
                "675.0": 130.0,
                "674.0": 141.0,
                "673.0": 160.0,
                "672.0": 177.0,
                "671.0": 190.0,
                "670.0": 207.0,
                "669.0": 219.0,
                "668.0": 230.0,
                "667.0": 242.0,
                "666.0": 260.0,
                "665.0": 288.0,
                "664.0": 312.0,
                "663.0": 337.0,
                "662.0": 359.0,
                "661.0": 389.0,
                "660.0": 419.0,
                "659.0": 454.0,
                "658.0": 484.0,
                "657.0": 521.0,
                "656.0": 548.0,
                "655.0": 580.0,
                "654.0": 611.0,
                "653.0": 645.0,
                "652.0": 675.0,
                "651.0": 711.0,
                "650.0": 746.0,
                "649.0": 783.0,
                "648.0": 841.0,
                "647.0": 886.0,
                "646.0": 927.0,
                "645.0": 975.0,
                "644.0": 1013.0,
                "643.0": 1068.0,
                "642.0": 1121.0,
                "641.0": 1171.0,
                "640.0": 1220.0,
                "639.0": 1262.0,
                "638.0": 1310.0,
                "637.0": 1378.0,
                "636.0": 1437.0,
                "635.0": 1479.0,
                "634.0": 1534.0,
                "633.0": 1598.0,
                "632.0": 1649.0,
                "631.0": 1710.0,
                "630.0": 1767.0,
                "629.0": 1830.0,
                "628.0": 1890.0,
                "627.0": 1960.0,
                "626.0": 2041.0,
                "625.0": 2119.0,
                "624.0": 2189.0,
                "623.0": 2268.0,
                "622.0": 2341.0,
                "621.0": 2420.0,
                "620.0": 2489.0,
                "619.0": 2559.0,
                "618.0": 2631.0,
                "617.0": 2717.0,
                "616.0": 2790.0,
                "615.0": 2862.0,
                "614.0": 2958.0,
                "613.0": 3051.0,
                "612.0": 3133.0,
                "611.0": 3214.0,
                "610.0": 3297.0,
                "609.0": 3381.0,
                "608.0": 3475.0
            }
        }
    }
}