{
    "2018": {
        "广东": {
            "理科": {
                "690": 20,
                "689": 26,
                "688": 32,
                "687": 37,
                "686": 42,
                "685": 47,
                "684": 53,
                "683": 60,
                "682": 66,
                "681": 73,
                "680": 84,
                "679": 100,
                "678": 119,
                "677": 141,
                "676": 158,
                "675": 176,
                "674": 189,
                "673": 211,
                "672": 232,
                "671": 261,
                "670": 279,
                "669": 300,
                "668": 335,
                "667": 366,
                "666": 394,
                "665": 425,
                "664": 461,
                "663": 504,
                "662": 533,
                "661": 579,
                "660": 622,
                "659": 660,
                "658": 707,
                "657": 764,
                "656": 815,
                "655": 865,
                "654": 917,
                "653": 965,
                "652": 1034,
                "651": 1099,
                "650": 1162,
                "649": 1230,
                "648": 1295,
                "647": 1357,
                "646": 1421,
                "645": 1508,
                "644": 1581,
                "643": 1652,
                "642": 1745,
                "641": 1829,
                "640": 1918,
                "639": 2022,
                "638": 2109,
                "637": 2194,
                "636": 2299,
                "635": 2415,
                "634": 2519,
                "633": 2658,
                "632": 2765,
                "631": 2870,
                "630": 2992,
                "629": 3122,
                "628": 3263,
                "627": 3393,
                "626": 3535,
                "625": 3680,
                "624": 3824,
                "623": 3969
            }
        }
    }
}