{
    "2018": {
        "黑龙江": {
            "art": {
                "636.0": 10.0,
                "635.0": 11.0,
                "634.0": 14.0,
                "633.0": 15.0,
                "632.0": 17.0,
                "630.0": 18.0,
                "629.0": 19.0,
                "628.0": 21.0,
                "627.0": 24.0,
                "626.0": 26.0,
                "625.0": 29.0,
                "624.0": 30.0,
                "623.0": 33.0,
                "622.0": 37.0,
                "621.0": 40.0,
                "620.0": 42.0,
                "619.0": 46.0,
                "618.0": 47.0,
                "617.0": 53.0,
                "616.0": 59.0,
                "615.0": 65.0,
                "614.0": 81.0,
                "613.0": 89.0,
                "612.0": 94.0,
                "611.0": 102.0,
                "610.0": 106.0,
                "609.0": 115.0,
                "608.0": 126.0,
                "607.0": 133.0,
                "606.0": 142.0,
                "605.0": 153.0,
                "604.0": 165.0,
                "603.0": 177.0,
                "602.0": 187.0,
                "601.0": 199.0,
                "600.0": 215.0,
                "599.0": 222.0,
                "598.0": 237.0,
                "597.0": 256.0,
                "596.0": 279.0,
                "595.0": 294.0,
                "594.0": 309.0,
                "593.0": 326.0,
                "592.0": 340.0,
                "591.0": 355.0,
                "590.0": 379.0,
                "589.0": 396.0,
                "588.0": 410.0,
                "587.0": 433.0,
                "586.0": 453.0,
                "585.0": 476.0,
                "584.0": 499.0,
                "583.0": 521.0,
                "582.0": 543.0,
                "581.0": 557.0,
                "580.0": 589.0,
                "579.0": 615.0,
                "578.0": 644.0,
                "577.0": 675.0,
                "576.0": 705.0,
                "575.0": 742.0,
                "574.0": 765.0,
                "573.0": 795.0,
                "572.0": 831.0,
                "571.0": 868.0,
                "570.0": 904.0,
                "569.0": 941.0,
                "568.0": 982.0,
                "567.0": 1017.0,
                "566.0": 1056.0,
                "565.0": 1098.0,
                "564.0": 1143.0,
                "563.0": 1196.0,
                "562.0": 1242.0,
                "561.0": 1283.0,
                "560.0": 1326.0,
                "559.0": 1376.0,
                "558.0": 1425.0,
                "557.0": 1467.0,
                "556.0": 1534.0,
                "555.0": 1587.0,
                "554.0": 1637.0,
                "553.0": 1685.0,
                "552.0": 1736.0,
                "551.0": 1778.0,
                "550.0": 1840.0,
                "549.0": 1889.0,
                "548.0": 1951.0,
                "547.0": 2015.0,
                "546.0": 2088.0,
                "545.0": 2154.0,
                "544.0": 2229.0,
                "543.0": 2313.0,
                "542.0": 2361.0,
                "541.0": 2423.0,
                "540.0": 2497.0,
                "539.0": 2562.0,
                "538.0": 2628.0,
                "537.0": 2701.0,
                "536.0": 2758.0,
                "535.0": 2827.0,
                "534.0": 2899.0,
                "533.0": 2964.0,
                "532.0": 3052.0,
                "531.0": 3128.0,
                "530.0": 3213.0,
                "529.0": 3272.0,
                "528.0": 3344.0,
                "527.0": 3416.0,
                "526.0": 3492.0,
                "525.0": 3582.0,
                "524.0": 3666.0,
                "523.0": 3748.0,
                "522.0": 3818.0,
                "521.0": 3904.0,
                "520.0": 3997.0,
                "519.0": 4095.0,
                "518.0": 4181.0,
                "517.0": 4285.0,
                "516.0": 4370.0,
                "515.0": 4459.0,
                "514.0": 4556.0,
                "513.0": 4646.0,
                "512.0": 4747.0,
                "511.0": 4843.0,
                "510.0": 4958.0,
                "509.0": 5066.0,
                "508.0": 5186.0,
                "507.0": 5295.0,
                "506.0": 5385.0,
                "505.0": 5490.0,
                "504.0": 5591.0,
                "503.0": 5708.0,
                "502.0": 5813.0,
                "501.0": 5889.0,
                "500.0": 6011.0,
                "499.0": 6129.0,
                "498.0": 6240.0,
                "497.0": 6337.0,
                "496.0": 6450.0,
                "495.0": 6557.0,
                "494.0": 6676.0,
                "493.0": 6796.0,
                "492.0": 6914.0,
                "491.0": 7018.0,
                "490.0": 7132.0,
                "489.0": 7237.0,
                "488.0": 7345.0,
                "487.0": 7461.0,
                "486.0": 7591.0,
                "485.0": 7681.0,
                "484.0": 7807.0,
                "483.0": 7920.0,
                "482.0": 8027.0,
                "481.0": 8136.0,
                "480.0": 8246.0,
                "479.0": 8400.0,
                "478.0": 8514.0,
                "477.0": 8636.0,
                "476.0": 8754.0,
                "475.0": 8874.0,
                "474.0": 8988.0,
                "473.0": 9114.0,
                "472.0": 9266.0,
                "471.0": 9403.0,
                "470.0": 9524.0,
                "469.0": 9650.0,
                "468.0": 9778.0,
                "467.0": 9911.0,
                "466.0": 10049.0,
                "465.0": 10181.0,
                "464.0": 10304.0,
                "463.0": 10424.0,
                "462.0": 10551.0,
                "461.0": 10689.0,
                "460.0": 10828.0,
                "459.0": 10962.0,
                "458.0": 11108.0,
                "457.0": 11214.0,
                "456.0": 11379.0,
                "455.0": 11509.0,
                "454.0": 11654.0,
                "453.0": 11795.0,
                "452.0": 11944.0,
                "451.0": 12083.0,
                "450.0": 12222.0,
                "449.0": 12364.0,
                "448.0": 12517.0,
                "447.0": 12663.0,
                "446.0": 12798.0,
                "445.0": 12948.0,
                "444.0": 13099.0,
                "443.0": 13256.0,
                "442.0": 13415.0,
                "441.0": 13555.0,
                "440.0": 13717.0,
                "439.0": 13867.0,
                "438.0": 14031.0,
                "437.0": 14172.0,
                "436.0": 14298.0,
                "435.0": 14459.0,
                "434.0": 14618.0,
                "433.0": 14771.0,
                "432.0": 14918.0,
                "431.0": 15083.0,
                "430.0": 15245.0,
                "429.0": 15395.0,
                "428.0": 15554.0,
                "427.0": 15694.0,
                "426.0": 15845.0,
                "425.0": 16018.0,
                "424.0": 16181.0,
                "423.0": 16357.0,
                "422.0": 16520.0,
                "421.0": 16689.0,
                "420.0": 16862.0,
                "419.0": 17030.0,
                "418.0": 17178.0,
                "417.0": 17365.0,
                "416.0": 17521.0,
                "415.0": 17677.0,
                "414.0": 17828.0,
                "413.0": 17985.0,
                "412.0": 18143.0,
                "411.0": 18301.0,
                "410.0": 18483.0,
                "409.0": 18647.0,
                "408.0": 18804.0,
                "407.0": 18966.0,
                "406.0": 19141.0,
                "405.0": 19308.0,
                "404.0": 19452.0,
                "403.0": 19593.0,
                "402.0": 19761.0,
                "401.0": 19923.0,
                "400.0": 20082.0,
                "399.0": 20232.0,
                "398.0": 20393.0,
                "397.0": 20562.0,
                "396.0": 20722.0,
                "395.0": 20891.0,
                "394.0": 21059.0,
                "393.0": 21231.0,
                "392.0": 21406.0,
                "391.0": 21574.0,
                "390.0": 21743.0,
                "389.0": 21919.0,
                "388.0": 22094.0,
                "387.0": 22239.0,
                "386.0": 22385.0,
                "385.0": 22535.0,
                "384.0": 22710.0,
                "383.0": 22892.0,
                "382.0": 23072.0,
                "381.0": 23253.0,
                "380.0": 23435.0,
                "379.0": 23593.0,
                "378.0": 23766.0,
                "377.0": 23946.0,
                "376.0": 24152.0,
                "375.0": 24305.0,
                "374.0": 24469.0,
                "373.0": 24653.0,
                "372.0": 24839.0,
                "371.0": 25029.0,
                "370.0": 25199.0,
                "369.0": 25380.0,
                "368.0": 25570.0,
                "367.0": 25753.0,
                "366.0": 25916.0,
                "365.0": 26104.0,
                "364.0": 26277.0,
                "363.0": 26464.0,
                "362.0": 26641.0,
                "361.0": 26840.0,
                "360.0": 27019.0,
                "359.0": 27201.0,
                "358.0": 27418.0,
                "357.0": 27608.0,
                "356.0": 27794.0,
                "355.0": 27949.0,
                "354.0": 28109.0,
                "353.0": 28321.0,
                "352.0": 28530.0,
                "351.0": 28724.0,
                "350.0": 28943.0,
                "349.0": 29135.0,
                "348.0": 29340.0,
                "347.0": 29527.0,
                "346.0": 29725.0,
                "345.0": 29913.0,
                "344.0": 30093.0,
                "343.0": 30285.0,
                "342.0": 30476.0,
                "341.0": 30667.0,
                "340.0": 30891.0,
                "339.0": 31080.0,
                "338.0": 31295.0,
                "337.0": 31505.0,
                "336.0": 31691.0,
                "335.0": 31910.0,
                "334.0": 32101.0,
                "333.0": 32314.0,
                "332.0": 32527.0,
                "331.0": 32734.0,
                "330.0": 32918.0,
                "329.0": 33126.0,
                "328.0": 33324.0,
                "327.0": 33552.0,
                "326.0": 33756.0,
                "325.0": 33962.0,
                "324.0": 34176.0,
                "323.0": 34365.0,
                "322.0": 34568.0,
                "321.0": 34806.0,
                "320.0": 35035.0,
                "319.0": 35281.0,
                "318.0": 35513.0,
                "317.0": 35727.0,
                "316.0": 35987.0,
                "315.0": 36228.0,
                "314.0": 36447.0,
                "313.0": 36671.0,
                "312.0": 36867.0,
                "311.0": 37088.0,
                "310.0": 37307.0,
                "309.0": 37539.0,
                "308.0": 37757.0,
                "307.0": 38008.0,
                "306.0": 38226.0,
                "305.0": 38447.0,
                "304.0": 38705.0,
                "303.0": 38925.0,
                "302.0": 39135.0,
                "301.0": 39353.0,
                "300.0": 39565.0,
                "299.0": 39780.0,
                "298.0": 39979.0,
                "297.0": 40210.0,
                "296.0": 40448.0,
                "295.0": 40699.0,
                "294.0": 40913.0,
                "293.0": 41111.0,
                "292.0": 41354.0,
                "291.0": 41569.0,
                "290.0": 41802.0,
                "289.0": 42010.0,
                "288.0": 42225.0,
                "287.0": 42431.0,
                "286.0": 42648.0,
                "285.0": 42881.0,
                "284.0": 43089.0,
                "283.0": 43305.0,
                "282.0": 43545.0,
                "281.0": 43743.0,
                "280.0": 43944.0,
                "279.0": 44148.0,
                "278.0": 44346.0,
                "277.0": 44570.0,
                "276.0": 44794.0,
                "275.0": 45010.0,
                "274.0": 45232.0,
                "273.0": 45458.0,
                "272.0": 45638.0,
                "271.0": 45842.0,
                "270.0": 46064.0,
                "269.0": 46278.0,
                "268.0": 46480.0,
                "267.0": 46708.0,
                "266.0": 46916.0,
                "265.0": 47116.0,
                "264.0": 47328.0,
                "263.0": 47525.0,
                "262.0": 47730.0,
                "261.0": 47955.0,
                "260.0": 48171.0,
                "259.0": 48374.0,
                "258.0": 48555.0,
                "257.0": 48733.0,
                "256.0": 48928.0,
                "255.0": 49142.0,
                "254.0": 49332.0,
                "253.0": 49485.0,
                "252.0": 49667.0,
                "251.0": 49852.0,
                "250.0": 50014.0,
                "249.0": 50214.0,
                "248.0": 50392.0,
                "247.0": 50561.0,
                "246.0": 50719.0,
                "245.0": 50890.0,
                "244.0": 51063.0,
                "243.0": 51221.0,
                "242.0": 51400.0,
                "241.0": 51549.0,
                "240.0": 51708.0,
                "239.0": 51855.0,
                "238.0": 52017.0,
                "237.0": 52167.0,
                "236.0": 52308.0,
                "235.0": 52449.0,
                "234.0": 52616.0,
                "233.0": 52757.0,
                "232.0": 52898.0,
                "231.0": 53060.0,
                "230.0": 53208.0,
                "229.0": 53341.0,
                "228.0": 53465.0,
                "227.0": 53612.0,
                "226.0": 53733.0,
                "225.0": 53872.0,
                "224.0": 53982.0,
                "223.0": 54100.0,
                "222.0": 54228.0,
                "221.0": 54357.0,
                "220.0": 54473.0,
                "219.0": 54606.0,
                "218.0": 54721.0,
                "217.0": 54842.0,
                "216.0": 54954.0,
                "215.0": 55066.0,
                "214.0": 55179.0,
                "213.0": 55296.0,
                "212.0": 55416.0,
                "211.0": 55509.0,
                "210.0": 55624.0,
                "209.0": 55713.0,
                "208.0": 55802.0,
                "207.0": 55912.0,
                "206.0": 55995.0,
                "205.0": 56080.0,
                "204.0": 56189.0,
                "203.0": 56273.0,
                "202.0": 56357.0,
                "201.0": 56442.0,
                "200.0": 56532.0,
                "199.0": 56626.0,
                "198.0": 56722.0,
                "197.0": 56803.0,
                "196.0": 56883.0,
                "195.0": 56943.0,
                "194.0": 57026.0,
                "193.0": 57090.0,
                "192.0": 57153.0,
                "191.0": 57230.0,
                "190.0": 57284.0,
                "189.0": 57354.0,
                "188.0": 57419.0,
                "187.0": 57472.0,
                "186.0": 57529.0,
                "185.0": 57581.0,
                "184.0": 57646.0,
                "183.0": 57711.0,
                "182.0": 57769.0,
                "181.0": 57832.0,
                "180.0": 57880.0,
                "179.0": 57941.0,
                "178.0": 57985.0,
                "177.0": 58033.0,
                "176.0": 58079.0,
                "175.0": 58122.0,
                "174.0": 58176.0,
                "173.0": 58221.0,
                "172.0": 58271.0,
                "171.0": 58323.0,
                "170.0": 58360.0,
                "169.0": 58409.0,
                "168.0": 58437.0,
                "167.0": 58468.0,
                "166.0": 58506.0,
                "165.0": 58545.0,
                "164.0": 58577.0,
                "163.0": 58615.0,
                "162.0": 58646.0,
                "161.0": 58680.0,
                "160.0": 58705.0,
                "159.0": 58721.0,
                "158.0": 58752.0,
                "157.0": 58778.0,
                "156.0": 58801.0,
                "155.0": 58824.0,
                "154.0": 58837.0,
                "153.0": 58858.0,
                "152.0": 58888.0,
                "151.0": 58913.0,
                "150.0": 58932.0,
                "149.0": 58950.0,
                "148.0": 58978.0,
                "147.0": 58998.0,
                "146.0": 59023.0,
                "145.0": 59038.0,
                "144.0": 59068.0,
                "143.0": 59087.0,
                "142.0": 59114.0,
                "141.0": 59133.0,
                "140.0": 59150.0,
                "139.0": 59168.0,
                "138.0": 59179.0,
                "137.0": 59192.0,
                "136.0": 59206.0,
                "135.0": 59222.0,
                "134.0": 59237.0,
                "133.0": 59247.0,
                "132.0": 59254.0,
                "131.0": 59262.0,
                "130.0": 59273.0,
                "129.0": 59283.0,
                "128.0": 59296.0,
                "127.0": 59306.0,
                "126.0": 59322.0,
                "125.0": 59336.0,
                "124.0": 59344.0,
                "123.0": 59352.0,
                "122.0": 59358.0,
                "121.0": 59362.0,
                "120.0": 59372.0,
                "119.0": 59383.0,
                "118.0": 59392.0,
                "117.0": 59401.0,
                "116.0": 59408.0,
                "115.0": 59418.0,
                "114.0": 59429.0,
                "113.0": 59438.0,
                "112.0": 59444.0,
                "111.0": 59456.0,
                "110.0": 59462.0,
                "109.0": 59472.0,
                "108.0": 59475.0,
                "107.0": 59484.0,
                "106.0": 59494.0,
                "105.0": 59500.0,
                "104.0": 59509.0,
                "103.0": 59510.0,
                "102.0": 59515.0,
                "101.0": 59521.0,
                "100.0": 59522.0,
                "99.0": 59526.0,
                "98.0": 59531.0,
                "97.0": 59532.0,
                "96.0": 59533.0,
                "95.0": 59538.0,
                "94.0": 59539.0,
                "93.0": 59542.0,
                "92.0": 59546.0,
                "91.0": 59549.0,
                "90.0": 59553.0,
                "89.0": 59561.0,
                "88.0": 59564.0,
                "87.0": 59567.0,
                "86.0": 59572.0,
                "85.0": 59576.0,
                "84.0": 59579.0,
                "83.0": 59581.0,
                "81.0": 59582.0,
                "79.0": 59584.0,
                "78.0": 59586.0,
                "77.0": 59587.0,
                "76.0": 59588.0,
                "75.0": 59589.0,
                "74.0": 59590.0,
                "73.0": 59594.0,
                "72.0": 59598.0,
                "71.0": 59600.0,
                "70.0": 59602.0,
                "68.0": 59604.0,
                "67.0": 59606.0,
                "66.0": 59607.0,
                "64.0": 59608.0,
                "63.0": 59609.0,
                "62.0": 59610.0,
                "61.0": 59612.0,
                "60.0": 59614.0,
                "59.0": 59615.0,
                "58.0": 59617.0,
                "56.0": 59618.0,
                "55.0": 59619.0,
                "54.0": 59620.0,
                "52.0": 59621.0,
                "51.0": 59623.0,
                "45.0": 59625.0,
                "44.0": 59629.0,
                "43.0": 59631.0,
                "42.0": 59632.0,
                "34.0": 59633.0,
                "33.0": 59634.0,
                "32.0": 59635.0,
                "31.0": 59636.0,
                "29.0": 59637.0,
                "28.0": 59639.0,
                "27.0": 59640.0,
                "26.0": 59641.0,
                "25.0": 59642.0,
                "21.0": 59644.0,
                "18.0": 59645.0,
                "17.0": 59647.0,
                "16.0": 59649.0,
                "15.0": 59650.0,
                "14.0": 59651.0,
                "12.0": 59653.0,
                "10.0": 59655.0,
                "9.0": 59656.0,
                "8.0": 59658.0,
                "7.0": 59659.0,
                "6.0": 59660.0,
                "4.0": 59661.0,
                "1.0": 59662.0,
                "0.0": 61243.0
            }
        }
    }
}