{
    "2018": {
        "山西": {
            "文科": {
                "649": 10,
                "648": 14,
                "647": 16,
                "646": 18,
                "645": 25,
                "644": 28,
                "643": 29,
                "642": 31,
                "641": 36,
                "640": 43,
                "639": 47,
                "638": 50,
                "637": 60,
                "636": 66,
                "635": 75,
                "634": 81,
                "633": 87,
                "632": 96,
                "631": 101,
                "630": 107,
                "629": 114,
                "628": 124,
                "627": 131,
                "626": 142,
                "625": 160,
                "624": 177,
                "623": 188,
                "622": 199,
                "621": 218,
                "620": 234,
                "619": 254,
                "618": 267,
                "617": 284,
                "616": 311,
                "615": 327,
                "614": 346,
                "613": 371,
                "612": 402,
                "611": 425,
                "610": 453,
                "609": 486,
                "608": 517,
                "607": 544,
                "606": 576,
                "605": 607,
                "604": 639,
                "603": 679,
                "602": 721,
                "601": 755,
                "600": 785,
                "599": 831,
                "598": 859,
                "597": 913,
                "596": 952,
                "595": 990,
                "594": 1042,
                "593": 1116,
                "592": 1173,
                "591": 1223,
                "590": 1278,
                "589": 1339,
                "588": 1396,
                "587": 1441,
                "586": 1498,
                "585": 1550,
                "584": 1624,
                "583": 1690,
                "582": 1775,
                "581": 1841,
                "580": 1921,
                "579": 1990,
                "578": 2067,
                "577": 2131,
                "576": 2227,
                "575": 2305,
                "574": 2387,
                "573": 2475,
                "572": 2572,
                "571": 2667,
                "570": 2774,
                "569": 2869,
                "568": 2967,
                "567": 3063,
                "566": 3185,
                "565": 3273,
                "564": 3386,
                "563": 3489,
                "562": 3580,
                "561": 3707,
                "560": 3827,
                "559": 3934,
                "558": 4065,
                "557": 4199,
                "556": 4342,
                "555": 4466,
                "554": 4603,
                "553": 4734,
                "552": 4880,
                "551": 5052,
                "550": 5219,
                "549": 5370,
                "548": 5500,
                "547": 5648,
                "546": 5818,
                "545": 5966,
                "544": 6128,
                "543": 6293,
                "542": 6463,
                "541": 6622,
                "540": 6817,
                "539": 7010,
                "538": 7190,
                "537": 7393,
                "536": 7593,
                "535": 7818,
                "534": 8035,
                "533": 8242,
                "532": 8450,
                "531": 8652,
                "530": 8859,
                "529": 9100,
                "528": 9336,
                "527": 9576,
                "526": 9807,
                "525": 10020,
                "524": 10258,
                "523": 10496,
                "522": 10739,
                "521": 10986,
                "520": 11266,
                "519": 11528,
                "518": 11802,
                "517": 12050,
                "516": 12326,
                "515": 12587,
                "514": 12837,
                "513": 13121,
                "512": 13413,
                "511": 13658,
                "510": 13880,
                "509": 14160,
                "508": 14445,
                "507": 14734,
                "506": 15004,
                "505": 15268,
                "504": 15576,
                "503": 15878,
                "502": 16193,
                "501": 16495,
                "500": 16811,
                "499": 17137,
                "498": 17446,
                "497": 17773,
                "496": 18077,
                "495": 18383,
                "494": 18689,
                "493": 18976,
                "492": 19276,
                "491": 19583,
                "490": 19924,
                "489": 20255,
                "488": 20583,
                "487": 20909,
                "486": 21198,
                "485": 21482,
                "484": 21779,
                "483": 22087,
                "482": 22443,
                "481": 22793,
                "480": 23122,
                "479": 23438,
                "478": 23761,
                "477": 24068,
                "476": 24416
            }
        }
    }
}