{
    "2018": {
        "浙江": {
            "all": {
                "688": 325,
                "687": 367,
                "686": 416,
                "685": 470,
                "684": 527,
                "683": 574,
                "682": 625,
                "681": 693,
                "680": 774,
                "679": 847,
                "678": 947,
                "677": 1028,
                "676": 1132,
                "675": 1229,
                "674": 1327,
                "673": 1450,
                "672": 1590,
                "671": 1720,
                "670": 1885,
                "669": 2047,
                "668": 2212,
                "667": 2369,
                "666": 2527,
                "665": 2715,
                "664": 2917,
                "663": 3146,
                "662": 3374,
                "661": 3629,
                "660": 3861,
                "659": 4095,
                "658": 4345,
                "657": 4620,
                "656": 4911,
                "655": 5226,
                "654": 5525,
                "653": 5838,
                "652": 6165,
                "651": 6504,
                "650": 6869,
                "649": 7217,
                "648": 7589,
                "647": 7951,
                "646": 8376,
                "645": 8814,
                "644": 9245,
                "643": 9687,
                "642": 10163,
                "641": 10651,
                "640": 11121
            }
        }
    }
}