{
    "2018": {
        "福建": {
            "理科": {
                "708": 1,
                "707": 2,
                "706": 3,
                "705": 4,
                "704": 5,
                "703": 6,
                "702": 7,
                "701": 7,
                "700": 7,
                "699": 9,
                "698": 11,
                "697": 14,
                "696": 18,
                "695": 21,
                "694": 26,
                "693": 33,
                "692": 37,
                "691": 39,
                "690": 45,
                "689": 50,
                "688": 53,
                "687": 58,
                "686": 69,
                "685": 79,
                "684": 84,
                "683": 90,
                "682": 98,
                "681": 105,
                "680": 112,
                "679": 120,
                "678": 133,
                "677": 143,
                "676": 162,
                "675": 173,
                "674": 193,
                "673": 208,
                "672": 231,
                "671": 252,
                "670": 272,
                "669": 283,
                "668": 302,
                "667": 326,
                "666": 343,
                "665": 371,
                "664": 399,
                "663": 429,
                "662": 457,
                "661": 484,
                "660": 507,
                "659": 543,
                "658": 573,
                "657": 601,
                "656": 628,
                "655": 660,
                "654": 706,
                "653": 748,
                "652": 783,
                "651": 821,
                "650": 872,
                "649": 913,
                "648": 956,
                "647": 1006,
                "646": 1044,
                "645": 1106,
                "644": 1162,
                "643": 1202,
                "642": 1255,
                "641": 1309,
                "640": 1365,
                "639": 1441,
                "638": 1506,
                "637": 1558,
                "636": 1627,
                "635": 1700,
                "634": 1768,
                "633": 1835,
                "632": 1899,
                "631": 1978,
                "630": 2050,
                "629": 2126,
                "628": 2195,
                "627": 2273,
                "626": 2356,
                "625": 2437,
                "624": 2535,
                "623": 2617,
                "622": 2696,
                "621": 2779,
                "620": 2870,
                "619": 2958,
                "618": 3039,
                "617": 3135,
                "616": 3253,
                "615": 3351,
                "614": 3456,
                "613": 3556,
                "612": 3664,
                "611": 3772,
                "610": 3891,
                "609": 4023,
                "608": 4133,
                "607": 4259,
                "606": 4367,
                "605": 4487,
                "604": 4609,
                "603": 4741,
                "602": 4869,
                "601": 5003,
                "600": 5127,
	"599": 5288,
                "598": 5440,
                "597": 5582,
                "596": 5716,
                "595": 5853,
                "594": 5996,
                "593": 6165,
                "592": 6334,
                "591": 6484,
                "590": 6634,
                "589": 6796,
                "588": 6965,
                "587": 7126,
                "586": 7304,
                "585": 7470,
                "584": 7641,
                "583": 7832,
                "582": 8005,
                "581": 8194,
                "580": 8359,
                "579": 8558,
                "578": 8754,
                "577": 8923,
                "576": 9111,
                "575": 9310,
                "574": 9522,
                "573": 9708,
                "572": 9917,
                "571": 10135,
                "570": 10331,
                "569": 10552,
                "568": 10775,
                "567": 10987,
                "566": 11212,
                "565": 11423,
                "564": 11651,
                "563": 11897,
                "562": 12100,
                "561": 12313,
                "560": 12567,
                "559": 12776,
                "558": 12995,
                "557": 13230,
                "556": 13451,
                "555": 13704,
                "554": 13956,
                "553": 14226,
                "552": 14455,
                "551": 14710,
                "550": 14951,
                "549": 15230,
                "548": 15481,
                "547": 15733,
                "546": 16031,
                "545": 16297,
                "544": 16559,
                "543": 16861,
                "542": 17186,
                "541": 17467,
                "540": 17750,
                "539": 18031,
                "538": 18324,
                "537": 18631,
                "536": 18923,
                "535": 19227,
                "534": 19526,
                "533": 19809,
                "532": 20091,
                "531": 20401,
                "530": 20718,
                "529": 21014,
                "528": 21324,
                "527": 21643,
                "526": 21926,
                "525": 22231,
                "524": 22606,
                "523": 22928,
                "522": 23276,
                "521": 23618,
                "520": 23927,
                "519": 24229,
                "518": 24607,
                "517": 24944,
                "516": 25259,
                "515": 25577,
                "514": 25917,
                "513": 26253,
                "512": 26588,
                "511": 26911,
                "510": 27295,
                "509": 27653,
                "508": 28004,
                "507": 28388,
                "506": 28726,
                "505": 29061,
                "504": 29382,
                "503": 29711,
                "502": 30070,
                "501": 30438,
                "500": 30743,
                "499": 31128,
                "498": 31502,
                "497": 31890,
                "496": 32260,
                "495": 32626,
                "494": 33036,
                "493": 33404,
                "492": 33792,
                "491": 34156,
                "490": 34535
            }
        }
    }
}