{
    "2018": {
        "宁夏": {
            "文科": {
                "600.0": 327.0,
                "599.0": 338.0,
                "598.0": 357.0,
                "597.0": 373.0,
                "596.0": 392.0,
                "595.0": 405.0,
                "594.0": 420.0,
                "593.0": 437.0,
                "592.0": 454.0,
                "591.0": 477.0,
                "590.0": 495.0,
                "589.0": 510.0,
                "588.0": 530.0,
                "587.0": 552.0,
                "586.0": 571.0,
                "585.0": 596.0,
                "584.0": 614.0,
                "583.0": 631.0,
                "582.0": 650.0,
                "581.0": 673.0,
                "580.0": 692.0,
                "579.0": 707.0,
                "578.0": 726.0,
                "577.0": 753.0,
                "576.0": 784.0,
                "575.0": 809.0,
                "574.0": 838.0,
                "573.0": 860.0,
                "572.0": 882.0,
                "571.0": 904.0,
                "570.0": 933.0,
                "569.0": 964.0,
                "568.0": 996.0,
                "567.0": 1025.0,
                "566.0": 1064.0,
                "565.0": 1091.0,
                "564.0": 1116.0,
                "563.0": 1144.0,
                "562.0": 1172.0,
                "561.0": 1203.0,
                "560.0": 1236.0,
                "559.0": 1265.0,
                "558.0": 1295.0,
                "557.0": 1324.0,
                "556.0": 1361.0,
                "555.0": 1401.0,
                "554.0": 1428.0,
                "553.0": 1477.0,
                "552.0": 1520.0,
                "551.0": 1551.0,
                "550.0": 1602.0,
                "549.0": 1642.0,
                "548.0": 1694.0,
                "547.0": 1748.0,
                "546.0": 1794.0,
                "545.0": 1848.0,
                "544.0": 1889.0,
                "543.0": 1933.0,
                "542.0": 1978.0,
                "541.0": 2024.0,
                "540.0": 2062.0,
                "539.0": 2128.0,
                "538.0": 2176.0,
                "537.0": 2232.0,
                "536.0": 2278.0,
                "535.0": 2339.0,
                "534.0": 2394.0,
                "533.0": 2446.0,
                "532.0": 2501.0,
                "531.0": 2554.0,
                "530.0": 2612.0,
                "529.0": 2673.0,
                "528.0": 2725.0,
                "527.0": 2783.0,
                "526.0": 2842.0,
                "525.0": 2910.0,
                "524.0": 2974.0,
                "523.0": 3032.0,
                "522.0": 3096.0,
                "521.0": 3177.0,
                "520.0": 3253.0,
                "519.0": 3321.0,
                "518.0": 3386.0,
                "517.0": 3466.0,
                "516.0": 3558.0,
                "515.0": 3625.0,
                "514.0": 3704.0,
                "513.0": 3775.0,
                "512.0": 3852.0,
                "511.0": 3932.0,
                "510.0": 4011.0,
                "509.0": 4092.0,
                "508.0": 4174.0,
                "507.0": 4259.0,
                "506.0": 4340.0,
                "505.0": 4416.0,
                "504.0": 4499.0,
                "503.0": 4593.0,
                "502.0": 4674.0,
                "501.0": 4770.0,
                "500.0": 4838.0,
                "499.0": 4908.0
            }
        }
    }
}