{
    "2018": {
        "内蒙古": {
            "文科": {
                "616.0": 129.0,
                "615.0": 140.0,
                "614.0": 147.0,
                "613.0": 159.0,
                "612.0": 170.0,
                "611.0": 181.0,
                "610.0": 192.0,
                "609.0": 206.0,
                "608.0": 217.0,
                "607.0": 224.0,
                "606.0": 241.0,
                "605.0": 260.0,
                "604.0": 276.0,
                "603.0": 291.0,
                "602.0": 319.0,
                "601.0": 335.0,
                "600.0": 357.0,
                "599.0": 375.0,
                "598.0": 390.0,
                "597.0": 416.0,
                "596.0": 440.0,
                "595.0": 463.0,
                "594.0": 483.0,
                "593.0": 508.0,
                "592.0": 532.0,
                "591.0": 552.0,
                "590.0": 580.0,
                "589.0": 615.0,
                "588.0": 656.0,
                "587.0": 685.0,
                "586.0": 716.0,
                "585.0": 752.0,
                "584.0": 785.0,
                "583.0": 807.0,
                "582.0": 837.0,
                "581.0": 872.0,
                "580.0": 917.0,
                "579.0": 958.0,
                "578.0": 1005.0,
                "577.0": 1049.0,
                "576.0": 1094.0,
                "575.0": 1130.0,
                "574.0": 1164.0,
                "573.0": 1205.0,
                "572.0": 1248.0,
                "571.0": 1299.0,
                "570.0": 1341.0,
                "569.0": 1393.0,
                "568.0": 1451.0,
                "567.0": 1502.0,
                "566.0": 1560.0,
                "565.0": 1613.0,
                "564.0": 1665.0,
                "563.0": 1711.0,
                "562.0": 1787.0,
                "561.0": 1842.0,
                "560.0": 1899.0,
                "559.0": 1953.0,
                "558.0": 2011.0,
                "557.0": 2064.0,
                "556.0": 2114.0,
                "555.0": 2175.0,
                "554.0": 2242.0,
                "553.0": 2303.0,
                "552.0": 2373.0,
                "551.0": 2445.0,
                "550.0": 2502.0
            }
        }
    }
}