{
    "2018": {
        "北京": {
            "理科": {
                "705.0": 14.0,
                "704.0": 18.0,
                "703.0": 28.0,
                "702.0": 35.0,
                "701.0": 42.0,
                "700.0": 53.0,
                "699.0": 60.0,
                "698.0": 68.0,
                "697.0": 80.0,
                "696.0": 93.0,
                "695.0": 106.0,
                "694.0": 119.0,
                "693.0": 137.0,
                "692.0": 148.0,
                "691.0": 174.0,
                "690.0": 199.0,
                "689.0": 215.0,
                "688.0": 231.0,
                "687.0": 253.0,
                "686.0": 278.0,
                "685.0": 305.0,
                "684.0": 336.0,
                "683.0": 362.0,
                "682.0": 391.0,
                "681.0": 429.0,
                "680.0": 468.0,
                "679.0": 514.0,
                "678.0": 555.0,
                "677.0": 591.0,
                "676.0": 641.0,
                "675.0": 690.0,
                "674.0": 742.0,
                "673.0": 801.0,
                "672.0": 851.0,
                "671.0": 899.0,
                "670.0": 957.0,
                "669.0": 1002.0,
                "668.0": 1054.0,
                "667.0": 1114.0,
                "666.0": 1199.0,
                "665.0": 1251.0,
                "664.0": 1329.0,
                "663.0": 1394.0,
                "662.0": 1460.0,
                "661.0": 1528.0,
                "660.0": 1589.0,
                "659.0": 1668.0,
                "658.0": 1731.0,
                "657.0": 1805.0,
                "656.0": 1895.0,
                "655.0": 1962.0,
                "654.0": 2030.0,
                "653.0": 2116.0,
                "652.0": 2209.0,
                "651.0": 2289.0,
                "650.0": 2379.0,
                "649.0": 2469.0,
                "648.0": 2547.0,
                "647.0": 2633.0,
                "646.0": 2719.0,
                "645.0": 2814.0,
                "644.0": 2916.0,
                "643.0": 3021.0,
                "642.0": 3125.0,
                "641.0": 3209.0,
                "640.0": 3302.0,
                "639.0": 3415.0,
                "638.0": 3529.0,
                "637.0": 3644.0,
                "636.0": 3750.0,
                "635.0": 3872.0,
                "634.0": 3996.0,
                "633.0": 4116.0,
                "632.0": 4218.0,
                "631.0": 4325.0,
                "630.0": 4427.0,
                "629.0": 4559.0,
                "628.0": 4680.0
            }
        }
    }
}