{
    "2018": {
        "重庆": {
            "文科": {
                "638.0": 11.0,
                "637.0": 12.0,
                "636.0": 13.0,
                "635.0": 19.0,
                "634.0": 23.0,
                "633.0": 24.0,
                "632.0": 26.0,
                "631.0": 29.0,
                "630.0": 33.0,
                "629.0": 42.0,
                "628.0": 48.0,
                "627.0": 52.0,
                "626.0": 61.0,
                "625.0": 71.0,
                "624.0": 79.0,
                "623.0": 89.0,
                "622.0": 96.0,
                "621.0": 105.0,
                "620.0": 115.0,
                "619.0": 121.0,
                "618.0": 128.0,
                "617.0": 140.0,
                "616.0": 156.0,
                "615.0": 170.0,
                "614.0": 185.0,
                "613.0": 195.0,
                "612.0": 210.0,
                "611.0": 222.0,
                "610.0": 240.0,
                "609.0": 261.0,
                "608.0": 283.0,
                "607.0": 304.0,
                "606.0": 326.0,
                "605.0": 343.0,
                "604.0": 367.0,
                "603.0": 397.0,
                "602.0": 420.0,
                "601.0": 457.0,
                "600.0": 485.0,
                "599.0": 505.0,
                "598.0": 539.0,
                "597.0": 576.0,
                "596.0": 610.0,
                "595.0": 638.0,
                "594.0": 681.0,
                "593.0": 718.0,
                "592.0": 764.0,
                "591.0": 823.0,
                "590.0": 874.0,
                "589.0": 920.0,
                "588.0": 953.0,
                "587.0": 1008.0,
                "586.0": 1063.0,
                "585.0": 1117.0,
                "584.0": 1166.0,
                "583.0": 1218.0,
                "582.0": 1283.0,
                "581.0": 1351.0,
                "580.0": 1410.0,
                "579.0": 1467.0,
                "578.0": 1528.0,
                "577.0": 1577.0,
                "576.0": 1643.0,
                "575.0": 1713.0,
                "574.0": 1786.0,
                "573.0": 1857.0,
                "572.0": 1928.0,
                "571.0": 2020.0,
                "570.0": 2105.0,
                "569.0": 2198.0,
                "568.0": 2294.0,
                "567.0": 2398.0,
                "566.0": 2486.0,
                "565.0": 2593.0,
                "564.0": 2690.0,
                "563.0": 2790.0,
                "562.0": 2902.0,
                "561.0": 3008.0,
                "560.0": 3116.0,
                "559.0": 3232.0,
                "558.0": 3350.0,
                "557.0": 3494.0,
                "556.0": 3598.0,
                "555.0": 3731.0,
                "554.0": 3862.0,
                "553.0": 4004.0,
                "552.0": 4152.0,
                "551.0": 4297.0,
                "550.0": 4443.0,
                "549.0": 4573.0,
                "548.0": 4747.0,
                "547.0": 4897.0,
                "546.0": 5034.0,
                "545.0": 5176.0,
                "544.0": 5334.0,
                "543.0": 5490.0,
                "542.0": 5685.0,
                "541.0": 5872.0,
                "540.0": 6051.0,
                "539.0": 6233.0,
                "538.0": 6420.0,
                "537.0": 6609.0,
                "536.0": 6781.0,
                "535.0": 6985.0
            }
        }
    }
}