{
    "2018": {
        "天津": {
            "文科": {
                "682.0": 5.0,
                "681.0": 7.0,
                "680.0": 7.0,
                "679.0": 8.0,
                "678.0": 9.0,
                "677.0": 9.0,
                "676.0": 11.0,
                "675.0": 13.0,
                "674.0": 15.0,
                "673.0": 19.0,
                "672.0": 21.0,
                "671.0": 23.0,
                "670.0": 24.0,
                "669.0": 26.0,
                "668.0": 28.0,
                "667.0": 30.0,
                "666.0": 31.0,
                "665.0": 35.0,
                "664.0": 38.0,
                "663.0": 43.0,
                "662.0": 47.0,
                "661.0": 48.0,
                "660.0": 57.0,
                "659.0": 60.0,
                "658.0": 63.0,
                "657.0": 69.0,
                "656.0": 76.0,
                "655.0": 81.0,
                "654.0": 91.0,
                "653.0": 97.0,
                "652.0": 102.0,
                "651.0": 109.0,
                "650.0": 113.0,
                "649.0": 118.0,
                "648.0": 124.0,
                "647.0": 132.0,
                "646.0": 140.0,
                "645.0": 148.0,
                "644.0": 159.0,
                "643.0": 165.0,
                "642.0": 173.0,
                "641.0": 183.0,
                "640.0": 200.0,
                "639.0": 215.0,
                "638.0": 222.0,
                "637.0": 233.0,
                "636.0": 242.0,
                "635.0": 260.0,
                "634.0": 271.0,
                "633.0": 282.0,
                "632.0": 307.0,
                "631.0": 322.0,
                "630.0": 340.0,
                "629.0": 355.0,
                "628.0": 373.0,
                "627.0": 395.0,
                "626.0": 413.0,
                "625.0": 445.0,
                "624.0": 474.0,
                "623.0": 494.0,
                "622.0": 515.0,
                "621.0": 529.0,
                "620.0": 553.0,
                "619.0": 579.0,
                "618.0": 612.0,
                "617.0": 638.0,
                "616.0": 662.0,
                "615.0": 688.0,
                "614.0": 721.0,
                "613.0": 737.0,
                "612.0": 759.0,
                "611.0": 790.0,
                "610.0": 816.0,
                "609.0": 850.0,
                "608.0": 893.0,
                "607.0": 920.0
            }
        }
    }
}