{
    "2019": {
        "江苏": {
            "理科": {
                "426": 37.0,
                "425": 45.0,
                "424": 55.0,
                "423": 59.0,
                "422": 71.0,
                "421": 83.0,
                "420": 100.0,
                "419": 113.0,
                "418": 135.0,
                "417": 163.0,
                "416": 188.0,
                "415": 216.0,
                "414": 264.0,
                "413": 316.0,
                "412": 378.0,
                "411": 429.0,
                "410": 519.0,
                "409": 595.0,
                "408": 696.0,
                "407": 800.0,
                "406": 919.0,
                "405": 1052.0,
                "404": 1206.0,
                "403": 1363.0,
                "402": 1564.0,
                "401": 1770.0,
                "400": 2001.0,
                "399": 2275.0,
                "398": 2535.0,
                "397": 2820.0,
                "396": 3133.0,
                "395": 3492.0,
                "394": 3896.0,
                "393": 4296.0,
                "392": 4729.0,
                "391": 5228.0,
                "390": 5770.0,
                "389": 6303.0,
                "388": 6927.0,
                "387": 7545.0,
                "386": 8190.0,
                "385": 8908.0,
                "384": 9668.0,
                "383": 10426.0,
                "382": 11281.0,
                "381": 12196.0,
                "380": 13104.0,
                "379": 14108.0,
                "378": 15130.0,
                "377": 16205.0,
                "376": 17378.0,
                "375": 18574.0,
                "374": 19829.0,
                "373": 21047.0,
                "372": 22302.0,
                "371": 23723.0,
                "370": 25164.0,
                "369": 26577.0,
                "368": 28088.0,
                "367": 29561.0,
                "366": 31193.0,
                "365": 32803.0,
                "364": 34469.0,
                "363": 36294.0,
                "362": 38103.0,
                "361": 39963.0,
                "360": 41787.0,
                "359": 43716.0,
                "358": 45695.0,
                "357": 47649.0,
                "356": 49577.0,
                "355": 51597.0,
                "354": 53614.0,
                "353": 55695.0,
                "352": 57764.0,
                "351": 59871.0,
                "350": 61998.0,
                "349": 64137.0,
                "348": 66234.0,
                "347": 68357.0,
                "346": 70478.0,
                "345": 72591.0,
                "344": 74674.0,
                "343": 76736.0,
                "342": 78841.0,
                "341": 80960.0,
                "340": 82986.0,
                "339": 85032.0,
                "338": 87046.0,
                "337": 89025.0,
                "336": 90940.0,
                "335": 92808.0,
                "334": 94684.0,
                "333": 96520.0,
                "332": 98391.0,
                "331": 100161.0,
                "330": 101921.0,
                "329": 103543.0,
                "328": 105202.0,
                "327": 106839.0,
                "326": 108405.0,
                "325": 109893.0,
                "324": 111399.0,
                "323": 112802.0,
                "322": 114211.0,
                "321": 115525.0,
                "320": 116814.0,
                "319": 118065.0,
                "318": 119316.0,
                "317": 120472.0,
                "316": 121558.0,
                "315": 122662.0,
                "314": 123677.0,
                "313": 124697.0,
                "312": 125643.0,
                "311": 126610.0,
                "310": 127473.0,
                "309": 128299.0,
                "308": 129129.0,
                "307": 129869.0,
                "306": 130592.0,
                "305": 131251.0,
                "304": 131874.0,
                "303": 132520.0,
                "302": 133187.0,
                "301": 133802.0,
                "300": 134335.0,
                "299": 134833.0,
                "298": 135352.0,
                "297": 135797.0
            }
        }
    }
}