{
    "2019": {
        "湖北": {
            "文科": {
                "655": 16.0,
                "654": 18.0,
                "653": 18.0,
                "652": 21.0,
                "651": 21.0,
                "650": 27.0,
                "649": 32.0,
                "648": 34.0,
                "647": 38.0,
                "646": 41.0,
                "645": 50.0,
                "644": 58.0,
                "643": 65.0,
                "642": 74.0,
                "641": 85.0,
                "640": 98.0,
                "639": 101.0,
                "638": 115.0,
                "637": 124.0,
                "636": 135.0,
                "635": 155.0,
                "634": 166.0,
                "633": 178.0,
                "632": 189.0,
                "631": 209.0,
                "630": 225.0,
                "629": 243.0,
                "628": 268.0,
                "627": 290.0,
                "626": 307.0,
                "625": 326.0,
                "624": 348.0,
                "623": 378.0,
                "622": 397.0,
                "621": 430.0,
                "620": 460.0,
                "619": 496.0,
                "618": 541.0,
                "617": 583.0,
                "616": 627.0,
                "615": 664.0,
                "614": 700.0,
                "613": 750.0,
                "612": 801.0,
                "611": 843.0,
                "610": 905.0,
                "609": 960.0,
                "608": 1012.0,
                "607": 1059.0,
                "606": 1130.0,
                "605": 1200.0,
                "604": 1260.0,
                "603": 1318.0,
                "602": 1391.0,
                "601": 1472.0,
                "600": 1560.0,
                "599": 1641.0,
                "598": 1728.0,
                "597": 1808.0,
                "596": 1912.0,
                "595": 2000.0,
                "594": 2100.0,
                "593": 2188.0,
                "592": 2282.0,
                "591": 2375.0,
                "590": 2485.0,
                "589": 2596.0,
                "588": 2720.0,
                "587": 2835.0,
                "586": 2979.0,
                "585": 3098.0,
                "584": 3234.0,
                "583": 3351.0,
                "582": 3497.0,
                "581": 3641.0,
                "580": 3755.0,
                "579": 3911.0,
                "578": 4059.0,
                "577": 4220.0,
                "576": 4399.0,
                "575": 4564.0,
                "574": 4729.0,
                "573": 4898.0,
                "572": 5074.0,
                "571": 5228.0,
                "570": 5431.0,
                "569": 5637.0,
                "568": 5836.0,
                "567": 6059.0,
                "566": 6264.0,
                "565": 6486.0,
                "564": 6687.0,
                "563": 6897.0,
                "562": 7116.0,
                "561": 7360.0,
                "560": 7548.0,
                "559": 7761.0,
                "558": 7988.0,
                "557": 8234.0,
                "556": 8448.0,
                "555": 8672.0,
                "554": 8920.0,
                "553": 9153.0,
                "552": 9423.0,
                "551": 9653.0,
                "550": 9903.0,
                "549": 10144.0,
                "548": 10405.0,
                "547": 10661.0,
                "546": 10899.0,
                "545": 11151.0,
                "544": 11398.0,
                "543": 11674.0,
                "542": 11943.0
            }
        }
    }
}