{
    "2019": {
        "河北": {
            "理科": {
                "703": "18",
                "702": "21",
                "701": "23",
                "700": "27",
                "699": "34",
                "698": "36",
                "697": "43",
                "696": "51",
                "695": "54",
                "694": "61",
                "693": "74",
                "692": "78",
                "691": "89",
                "690": "103",
                "689": "116",
                "688": "131",
                "687": "142",
                "686": "165",
                "685": "190",
                "684": "219",
                "683": "236",
                "682": "260",
                "681": "289",
                "680": "625",
                "679": "349",
                "678": "391",
                "677": "427",
                "676": "464",
                "675": "504",
                "674": "544",
                "673": "588",
                "672": "634",
                "671": "681",
                "670": "729",
                "669": "782",
                "668": "847",
                "667": "906",
                "666": "968",
                "665": "1027",
                "664": "1093",
                "663": "1179",
                "662": "1266",
                "661": "1355",
                "660": "1436",
                "659": "1529",
                "658": "1626",
                "657": "1736",
                "656": "1840",
                "655": "1925",
                "654": "2032",
                "653": "2144",
                "652": "2260",
                "651": "2378",
                "650": "2531",
                "649": "2680",
                "648": "2792",
                "647": "2941",
                "646": "3121",
                "645": "3271",
                "644": "3444",
                "643": "3612",
                "642": "3783",
                "641": "3969",
                "640": "4145",
                "639": "4320",
                "638": "4514",
                "637": "4722",
                "636": "4920",
                "635": "5141",
                "634": "5361",
                "633": "5579",
                "632": "5834",
                "631": "6064",
                "630": "6333",
                "629": "6594",
                "628": "6846",
                "627": "7112",
                "626": "7347",
                "625": "7605",
                "624": "7890",
                "623": "8135",
                "622": "8419",
                "621": "8689",
                "620": "9000",
                "619": "9344",
                "618": "9672",
                "617": "9996",
                "616": "10336",
                "615": "10666",
                "614": "11004",
                "613": "11383",
                "612": "11742",
                "611": "12087",
                "610": "12503",
                "609": "12848",
                "608": "13248",
                "607": "13652",
                "606": "14039",
                "605": "14431",
                "604": "14859",
                "603": "15293",
                "602": "15767",
                "601": "16169",
                "600": "16609",
	"502.0": 88051,
                                "503.0": 87163,
                                "504.0": 86253,
                                "505.0": 85335,
                                "506.0": 84421,
                                "507.0": 83479,
                                "508.0": 82538,
                                "509.0": 81650,
                                "510.0": 80742,
                                "511.0": 79828,
                                "512.0": 78959,
                                "513.0": 78020,
                                "514.0": 77097,
                                "515.0": 76145,
                                "516.0": 75244,
                                "517.0": 74387,
                                "518.0": 73534,
                                "519.0": 72593,
                                "520.0": 71726,
                                "521.0": 70866,
                                "522.0": 69982,
                                "523.0": 69135,
                                "524.0": 68282,
                                "525.0": 67437,
                                "526.0": 66582,
                                "527.0": 65737,
                                "528.0": 64894,
                                "529.0": 64047,
                                "530.0": 63201,
                                "531.0": 62385,
                                "532.0": 61563,
                                "533.0": 60746,
                                "534.0": 59892,
                                "535.0": 59079,
                                "536.0": 58238,
                                "537.0": 57431,
                                "538.0": 56564,
                                "539.0": 55672,
                                "540.0": 54856,
                                "541.0": 54043,
                                "542.0": 53279,
                                "543.0": 52494,
                                "544.0": 51727,
                                "545.0": 50904,
                                "546.0": 50106,
                                "547.0": 49324,
                                "548.0": 48578,
                                "549.0": 47833,
                                "550.0": 47105,
                                "551.0": 46366,
                                "552.0": 45590,
                                "553.0": 44904,
                                "554.0": 44192,
                                "555.0": 43493,
                                "556.0": 42812,
                                "557.0": 42141,
                                "558.0": 41404,
                                "559.0": 40660,
                                "560.0": 39881,
                                "561.0": 39135,
                                "562.0": 38496,
                                "563.0": 37783,
                                "564.0": 37097,
                                "565.0": 36399,
                                "566.0": 35694,
                                "567.0": 35025,
                                "568.0": 34359,
                                "569.0": 33670,
                                "570.0": 33029,
                                "571.0": 32398,
                                "572.0": 31745,
                                "573.0": 31087,
                                "574.0": 30420,
                                "575.0": 29802,
                                "576.0": 29219,
                                "577.0": 28644,
                                "578.0": 28045,
                                "579.0": 27412,
                                "580.0": 26824,
                                "581.0": 26258,
                                "582.0": 25703,
                                "583.0": 25132,
                                "584.0": 24582,
                                "585.0": 24047,
                                "586.0": 23534,
                                "587.0": 22969,
                                "588.0": 22432,
                                "589.0": 21878,
                                "590.0": 21374,
                                "591.0": 20862,
                                "592.0": 20375,
                                "593.0": 19896,
                                "594.0": 19433,
                                "595.0": 18946,
                                "596.0": 18477,
                                "597.0": 18005,
                                "598.0": 17507,
                                "599.0": 17069
            }
        }
    }
}