{
    "2019": {
        "北京": {
            "理科": {
                "700.0": 24.0,
                "699.0": 31.0,
                "698.0": 39.0,
                "697.0": 49.0,
                "696.0": 57.0,
                "695.0": 67.0,
                "694.0": 75.0,
                "693.0": 81.0,
                "692.0": 93.0,
                "691.0": 108.0,
                "690.0": 117.0,
                "689.0": 129.0,
                "688.0": 137.0,
                "687.0": 145.0,
                "686.0": 165.0,
                "685.0": 185.0,
                "684.0": 203.0,
                "683.0": 228.0,
                "682.0": 251.0,
                "681.0": 271.0,
                "680.0": 302.0,
                "679.0": 339.0,
                "678.0": 374.0,
                "677.0": 405.0,
                "676.0": 448.0,
                "675.0": 489.0,
                "674.0": 523.0,
                "673.0": 577.0,
                "672.0": 636.0,
                "671.0": 672.0,
                "670.0": 718.0,
                "669.0": 780.0,
                "668.0": 840.0,
                "667.0": 889.0,
                "666.0": 945.0,
                "665.0": 1004.0,
                "664.0": 1067.0,
                "663.0": 1130.0,
                "662.0": 1204.0,
                "661.0": 1285.0,
                "660.0": 1369.0,
                "659.0": 1439.0,
                "658.0": 1522.0,
                "657.0": 1597.0,
                "656.0": 1678.0,
                "655.0": 1762.0,
                "654.0": 1858.0,
                "653.0": 1943.0,
                "652.0": 2035.0,
                "651.0": 2131.0,
                "650.0": 2216.0,
                "649.0": 2310.0,
                "648.0": 2414.0,
                "647.0": 2512.0,
                "646.0": 2592.0,
                "645.0": 2672.0,
                "644.0": 2766.0,
                "643.0": 2863.0,
                "642.0": 2971.0,
                "641.0": 3082.0,
                "640.0": 3180.0,
                "639.0": 3284.0,
                "638.0": 3396.0,
                "637.0": 3505.0,
                "636.0": 3606.0,
                "635.0": 3707.0,
                "634.0": 3835.0,
                "633.0": 3948.0,
                "632.0": 4070.0,
                "631.0": 4171.0,
                "630.0": 4298.0,
                "629.0": 4412.0,
                "628.0": 4541.0,
                "627.0": 4655.0,
                "626.0": 4778.0,
                "625.0": 4895.0,
                "624.0": 5000.0,
                "623.0": 5110.0,
                "622.0": 5227.0,
                "621.0": 5339.0,
                "620.0": 5460.0,
                "619.0": 5576.0,
                "618.0": 5696.0,
                "617.0": 5830.0,
                "616.0": 5951.0,
                "615.0": 6072.0,
                "614.0": 6183.0,
                "613.0": 6305.0,
                "612.0": 6413.0,
                "611.0": 6536.0,
                "610.0": 6653.0,
                "609.0": 6771.0,
                "608.0": 6900.0,
                "607.0": 7026.0,
                "606.0": 7146.0,
                "605.0": 7266.0,
                "604.0": 7391.0,
                "603.0": 7506.0,
                "602.0": 7618.0,
                "601.0": 7737.0,
                "600.0": 7844.0,
                "599.0": 7978.0,
                "598.0": 8114.0,
                "597.0": 8233.0,
                "596.0": 8350.0,
                "595.0": 8483.0,
                "594.0": 8613.0,
                "593.0": 8741.0,
                "592.0": 8869.0,
                "591.0": 9013.0,
                "590.0": 9136.0,
	"588": 9399,
                "587": 9556,
                "586": 9685,
                "585": 9813,
                "584": 9926,
                "583": 10046,
                "582": 10178,
                "581": 10304,
                "580": 10451,
                "579": 10585,
                "578": 10719,
                "577": 10853,
                "576": 10968,
                "575": 11103,
                "574": 11239,
                "573": 11350,
                "572": 11480,
                "571": 11609,
                "570": 11744,
                "569": 11861,
                "568": 11975,
                "567": 12103,
                "566": 12246,
                "565": 12389,
                "564": 12511,
                "563": 12630,
                "562": 12749,
                "561": 12857,
                "560": 12985,
                "559": 19108,
                "558": 19244,
                "557": 13380,
                "556": 19514,
                "555": 13630,
                "554": 19758,
                "553": 13890,
                "552": 14022,
                "551": 14151,
                "550": 14270,
                "549": 14400,
                "548": 14526,
                "547": 14648,
                "546": 14784,
                "545": 14898,
                "544": 15014,
                "543": 15129,
                "542": 15247,
                "541": 15365,
                "540": 15467,
                "539": 15585,
                "538": 15699,
                "537": 15826,
                "536": 15943,
                "535": 16088,
                "534": 16219,
                "533": 16346,
                "532": 16459,
                "531": 16608,
                "530": 16738,
                "529": 16860,
                "528": 16994,
                "527": 17124,
                "526": 17248,
                "525": 17360,
                "524": 17481,
                "523": 17617,
                "522": 47727,
                "521": 17843,
                "520": 17977,
                "519": 18104,
                "518": 18212,
                "517": 18881,
                "516": 18457,
                "515": 18560,
                "514": 18697,
                "513": 18821,
                "512": 18967,
                "511": 19087,
                "510": 19218,
                "509": 19918,
                "508": 19429,
                "507": 19842,
                "506": 19650,
                "505": 19763,
                "504": 19878,
                "503": 20011,
                "502": 20142,
                "501": 20261,
                "500": 20386,
                "499": 20509,
                "498": 20619,
                "497": 20730,
                "496": 20848,
                "495": 20956,
                "494": 21099,
                "493": 21230,
                "492": 21464,
                "491": 21351,
                "490": 21878,
                "489": 21689,
                "488": 21816,
                "487": 21949,
                "486": 22063,
                "485": 22186,
                "484": 22307,
                "483": 22421,
                "482": 22528,
                "481": 22643,
                "480": 22788
            }
        }
    }
}