{
    "2019": {
        "安徽": {
            "all": {
                "685及以上": 55.0,
                "684.0": 57.0,
                "683.0": 71.0,
                "682.0": 77.0,
                "681.0": 82.0,
                "680.0": 94.0,
                "679.0": 105.0,
                "678.0": 119.0,
                "677.0": 134.0,
                "676.0": 148.0,
                "675.0": 160.0,
                "674.0": 178.0,
                "673.0": 200.0,
                "672.0": 224.0,
                "671.0": 254.0,
                "670.0": 291.0,
                "669.0": 319.0,
                "668.0": 345.0,
                "667.0": 384.0,
                "666.0": 411.0,
                "665.0": 438.0,
                "664.0": 474.0,
                "663.0": 521.0,
                "662.0": 569.0,
                "661.0": 611.0,
                "660.0": 652.0,
                "659.0": 708.0,
                "658.0": 756.0,
                "657.0": 808.0,
                "656.0": 871.0,
                "655.0": 917.0,
                "654.0": 981.0,
                "653.0": 1053.0,
                "652.0": 1137.0,
                "651.0": 1206.0,
                "650.0": 1288.0,
                "649.0": 1376.0,
                "648.0": 1462.0,
                "647.0": 1551.0,
                "646.0": 1644.0,
                "645.0": 1737.0,
                "644.0": 1818.0,
                "643.0": 1906.0,
                "642.0": 1995.0,
                "641.0": 2103.0,
                "640.0": 2211.0,
                "639.0": 2333.0,
                "638.0": 2454.0,
                "637.0": 2560.0,
                "636.0": 2683.0,
                "635.0": 2811.0,
                "634.0": 2935.0,
                "633.0": 3069.0,
                "632.0": 3206.0,
                "631.0": 3360.0,
                "630.0": 3518.0,
                "629.0": 3683.0,
                "628.0": 3852.0,
                "627.0": 4020.0,
                "626.0": 4168.0,
                "625.0": 4360.0,
                "624.0": 4555.0,
                "623.0": 4752.0,
                "622.0": 4936.0,
                "621.0": 5124.0,
                "620.0": 5336.0,
                "619.0": 5536.0,
                "618.0": 5755.0,
                "617.0": 5974.0,
                "616.0": 6168.0,
                "615.0": 6405.0,
                "614.0": 6647.0,
                "613.0": 6897.0,
                "612.0": 7163.0,
                "611.0": 7439.0,
                "610.0": 7687.0,
                "609.0": 7931.0,
                "608.0": 8202.0,
                "607.0": 8450.0,
                "606.0": 8750.0,
                "605.0": 9017.0,
                "604.0": 9303.0,
                "603.0": 9581.0,
                "602.0": 9845.0,
                "601.0": 10113.0,
                "600.0": 10406.0,
                "599.0": 10711.0,
                "598.0": 11012.0,
                "597.0": 11326.0,
                "596.0": 11636.0,
                "595.0": 11931.0,
                "594.0": 12260.0,
                "593.0": 12598.0,
                "592.0": 12960.0,
                "591.0": 13304.0,
                "590.0": 13673.0,
	"589": 369.0,
                "588": 375.0,
                "587": 413.0,
                "586": 388.0,
                "585": 383.0,
                "584": 403.0,
                "583": 422.0,
                "582": 394.0,
                "581": 410.0,
                "580": 434.0,
                "579": 413.0,
                "578": 438.0,
                "577": 458.0,
                "576": 463.0,
                "575": 481.0,
                "574": 442.0,
                "573": 485.0,
                "572": 506.0,
                "571": 474.0,
                "570": 466.0,
                "569": 458.0,
                "568": 511.0,
                "567": 528.0,
                "566": 546.0,
                "565": 502.0,
                "564": 510.0,
                "563": 530.0,
                "562": 553.0,
                "561": 547.0,
                "560": 526.0,
                "559": 564.0,
                "558": 585.0,
                "557": 582.0,
                "556": 571.0,
                "555": 544.0,
                "554": 592.0,
                "553": 648.0,
                "552": 575.0,
                "551": 594.0,
                "550": 625.0,
                "549": 620.0,
                "548": 665.0,
                "547": 595.0,
                "546": 658.0,
                "545": 669.0,
                "544": 671.0,
                "543": 678.0,
                "542": 679.0,
                "541": 697.0,
                "540": 703.0,
                "539": 758.0,
                "538": 698.0,
                "537": 677.0,
                "536": 691.0,
                "535": 732.0,
                "534": 794.0,
                "533": 789.0,
                "532": 731.0,
                "531": 793.0,
                "530": 766.0,
                "529": 740.0,
                "528": 797.0,
                "527": 790.0,
                "526": 812.0,
                "525": 799.0,
                "524": 783.0,
                "523": 838.0,
                "522": 804.0,
                "521": 794.0,
                "520": 830.0,
                "519": 836.0,
                "518": 832.0,
                "517": 849.0,
                "516": 835.0,
                "515": 839.0,
                "514": 907.0,
                "513": 893.0,
                "512": 850.0,
                "511": 867.0,
                "510": 868.0,
                "509": 927.0,
                "508": 925.0,
                "507": 897.0,
                "506": 923.0,
                "505": 907.0,
                "504": 932.0,
                "503": 994.0,
                "502": 932.0,
                "501": 982.0,
                "500": 921.0,
                "499": 972.0,
                "498": 1023.0,
                "497": 1025.0,
                "496": 1051.0
            }
        }
    }
}