{
    "2019": {
        "天津": {
            "理科": {
                "700.0": 43.0,
                "699.0": 49.0,
                "698.0": 59.0,
                "697.0": 70.0,
                "696.0": 81.0,
                "695.0": 86.0,
                "694.0": 98.0,
                "693.0": 104.0,
                "692.0": 121.0,
                "691.0": 143.0,
                "690.0": 155.0,
                "689.0": 165.0,
                "688.0": 184.0,
                "687.0": 198.0,
                "686.0": 221.0,
                "685.0": 234.0,
                "684.0": 260.0,
                "683.0": 286.0,
                "682.0": 312.0,
                "681.0": 343.0,
                "680.0": 368.0,
                "679.0": 394.0,
                "678.0": 431.0,
                "677.0": 467.0,
                "676.0": 492.0,
                "675.0": 528.0,
                "674.0": 558.0,
                "673.0": 585.0,
                "672.0": 622.0,
                "671.0": 665.0,
                "670.0": 702.0,
                "669.0": 733.0,
                "668.0": 766.0,
                "667.0": 801.0,
                "666.0": 847.0,
                "665.0": 895.0,
                "664.0": 949.0,
                "663.0": 1003.0,
                "662.0": 1051.0,
                "661.0": 1092.0,
                "660.0": 1146.0,
                "659.0": 1192.0,
                "658.0": 1254.0,
                "657.0": 1315.0,
                "656.0": 1365.0,
                "655.0": 1405.0,
                "654.0": 1451.0,
                "653.0": 1506.0,
                "652.0": 1564.0,
                "651.0": 1621.0,
                "650.0": 1672.0,
                "649.0": 1744.0,
                "648.0": 1814.0,
                "647.0": 1891.0,
                "646.0": 1966.0,
                "645.0": 2025.0,
                "644.0": 2100.0,
                "643.0": 2169.0,
                "642.0": 2253.0,
                "641.0": 2325.0,
                "640.0": 2396.0,
                "639.0": 2471.0,
                "638.0": 2535.0,
                "637.0": 2607.0,
                "636.0": 2690.0,
                "635.0": 2772.0,
                "634.0": 2842.0,
                "633.0": 2915.0,
                "632.0": 2976.0,
                "631.0": 3049.0,
                "630.0": 3139.0,
                "629.0": 3234.0,
                "628.0": 3315.0,
                "627.0": 3394.0,
                "626.0": 3473.0,
                "625.0": 3562.0,
                "624.0": 3650.0,
                "623.0": 3733.0,
                "622.0": 3820.0,
                "621.0": 3888.0,
                "620.0": 3970.0,
                "619.0": 4046.0,
                "618.0": 4134.0,
                "617.0": 4220.0,
                "616.0": 4285.0,
                "615.0": 4360.0,
                "614.0": 4454.0,
                "613.0": 4560.0,
                "612.0": 4659.0,
                "611.0": 4725.0,
                "610.0": 4811.0,
                "609.0": 4902.0,
                "608.0": 5003.0,
                "607.0": 5105.0,
                "606.0": 5207.0,
                "605.0": 5310.0,
                "604.0": 5398.0,
                "603.0": 5492.0,
                "602.0": 5587.0,
                "601.0": 5679.0,
                "600.0": 5790.0,
	"599": 5895,
                "598": 5988,
                "597": 6097,
                "596": 6204,
                "595": 6311,
                "594": 6398,
                "593": 6517,
                "592": 6608,
                "591": 6703,
                "590": 6800,
                "589": 6902,
                "588": 7018,
                "587": 7118,
                "586": 7233,
                "585": 7335,
                "584": 7448,
                "583": 7548,
                "582": 7648,
                "581": 7755,
                "580": 7852,
                "579": 7974,
                "578": 8077,
                "577": 8202,
                "576": 8299,
                "575": 8428,
                "574": 8538,
                "573": 8638,
                "572": 8750,
                "571": 8877,
                "570": 8991,
                "569": 9117,
                "568": 9224,
                "567": 9331,
                "566": 9457,
                "565": 9590,
                "564": 9735,
                "563": 9846,
                "562": 9967,
                "561": 10080,
                "560": 10220,
                "559": 10323,
                "558": 10448,
                "557": 10568,
                "556": 10677,
                "555": 10817,
                "554": 10937,
                "553": 11057,
                "552": 11183,
                "551": 11301,
                "550": 11417,
                "549": 11532,
                "548": 11646,
                "547": 11776,
                "546": 11911,
                "545": 12047,
                "544": 12163,
                "543": 12290,
                "542": 12435,
                "541": 12569,
                "540": 12700,
                "539": 12825,
                "538": 12940,
                "537": 13048,
                "536": 13168,
                "535": 13295,
                "534": 13437,
                "533": 13582,
                "532": 13700,
                "531": 13833,
                "530": 13961,
                "529": 14078,
                "528": 14214,
                "527": 14340,
                "526": 14483,
                "525": 14604,
                "524": 14719,
                "523": 14841,
                "522": 14971,
                "521": 15095,
                "520": 15229,
                "519": 15351,
                "518": 15482,
                "517": 15618,
                "516": 15737,
                "515": 15876,
                "514": 16017,
                "513": 16156,
                "512": 16295,
                "511": 16439,
                "510": 16584,
                "509": 16712,
                "508": 16836,
                "507": 16959,
                "506": 17100,
                "505": 17236,
                "504": 17398,
                "503": 17528,
                "502": 17657,
                "501": 17788,
                "500": 17899
            }
        }
    }
}