{
  "2019": {
    "山东省": {
      "文科": {
        "654.0": 21,
        "653.0": 24,
        "652.0": 24,
        "651.0": 29,
        "650.0": 30,
        "649.0": 32,
        "648.0": 36,
        "647.0": 42,
        "646.0": 45,
        "645.0": 49,
        "644.0": 54,
        "643.0": 63,
        "642.0": 74,
        "641.0": 86,
        "640.0": 98,
        "639.0": 113,
        "638.0": 126,
        "637.0": 144,
        "636.0": 162,
        "635.0": 175,
        "634.0": 193,
        "633.0": 213,
        "632.0": 238,
        "631.0": 264,
        "630.0": 294,
        "629.0": 313,
        "628.0": 332,
        "627.0": 368,
        "626.0": 408,
        "625.0": 445,
        "624.0": 479,
        "623.0": 527,
        "622.0": 574,
        "621.0": 627,
        "620.0": 679,
        "619.0": 740,
        "618.0": 793,
        "617.0": 854,
        "616.0": 908,
        "615.0": 966,
        "614.0": 1016,
        "613.0": 1091,
        "612.0": 1163,
        "611.0": 1237,
        "610.0": 1316,
        "609.0": 1414,
        "608.0": 1502,
        "607.0": 1606,
        "606.0": 1691,
        "605.0": 1788,
        "604.0": 1881,
        "603.0": 1990,
        "602.0": 2112,
        "601.0": 2241,
        "600.0": 2364,
        "599.0": 2505,
        "598.0": 2649,
        "597.0": 2791,
        "596.0": 2949,
        "595.0": 3103,
        "594.0": 3280,
        "593.0": 3453,
        "592.0": 3654,
        "591.0": 3854,
        "590.0": 4060,
        "589.0": 4279,
        "588.0": 4483,
        "587.0": 4657,
        "586.0": 4912,
        "585.0": 5129,
        "584.0": 5347,
        "583.0": 5602,
        "582.0": 5839,
        "581.0": 6080,
        "580.0": 6345,
        "579.0": 6634,
        "578.0": 6928,
        "577.0": 7216,
        "576.0": 7515,
        "575.0": 7850,
        "574.0": 8186,
        "573.0": 8534,
        "572.0": 8933,
        "571.0": 9285,
        "570.0": 9641,
        "569.0": 10040,
        "568.0": 10425,
        "567.0": 10864,
        "566.0": 11260,
        "565.0": 11654,
        "564.0": 12090,
        "563.0": 12532,
        "562.0": 13000,
        "561.0": 13464,
        "560.0": 13936,
        "559.0": 14411,
        "558.0": 14916,
        "557.0": 15402,
        "556.0": 15930,
        "555.0": 16482,
        "554.0": 16999,
        "553.0": 17563,
        "552.0": 18114,
        "551.0": 18669,
        "550.0": 19281,
        "549.0": 19857,
        "548.0": 20457,
        "547.0": 21101,
        "546.0": 21761,
        "545.0": 22391,
        "544.0": 23036,
        "543.0": 23662,
        "542.0": 24293,
        "541.0": 24936,
        "540.0": 25563,
        "539.0": 26228,
        "538.0": 26929,
        "537.0": 27691,
        "536.0": 28408,
        "535.0": 29078,
        "534.0": 29777,
        "533.0": 30426,
        "532.0": 31130,
        "531.0": 31874,
        "530.0": 32631,
        "529.0": 33325,
        "528.0": 34077,
        "527.0": 34767,
        "526.0": 35530,
        "525.0": 36250,
        "524.0": 37043,
        "523.0": 37817,
        "522.0": 38580,
        "521.0": 39314,
        "520.0": 40010,
        "519.0": 40767,
        "518.0": 41526,
        "517.0": 42265,
        "516.0": 42991,
        "515.0": 43730,
        "514.0": 44463,
        "513.0": 45256,
        "512.0": 45996,
        "511.0": 46713,
        "510.0": 47429,
        "509.0": 48173,
        "508.0": 48903,
        "507.0": 49675,
        "506.0": 50346,
        "505.0": 51083,
        "504.0": 51845,
        "503.0": 52515,
        "502.0": 53224,
        "501.0": 53928,
        "500.0": 54651,
        "499.0": 55329,
        "498.0": 56030,
        "497.0": 56728,
        "496.0": 57410,
        "495.0": 58128,
        "494.0": 58765,
        "493.0": 59417,
        "492.0": 60088,
        "491.0": 60722,
        "490.0": 61370,
        "489.0": 62046,
        "488.0": 62678,
        "487.0": 63287,
        "486.0": 63940,
        "485.0": 64582,
        "484.0": 65199,
        "483.0": 65825,
        "482.0": 66420,
        "481.0": 66986,
        "480.0": 67587,
        "479.0": 68169,
        "478.0": 68769,
        "477.0": 69352,
        "476.0": 69909,
        "475.0": 70482,
        "474.0": 71069,
        "473.0": 71581,
        "472.0": 72098,
        "471.0": 72637,
        "470.0": 73182,
        "469.0": 73704,
        "468.0": 74210,
        "467.0": 74686,
        "466.0": 75176,
        "465.0": 75665,
        "464.0": 76202,
        "463.0": 76699,
        "462.0": 77156,
        "461.0": 77618,
        "460.0": 78085,
        "459.0": 78536,
        "458.0": 78992,
        "457.0": 79427,
        "456.0": 79901,
        "455.0": 80368,
        "454.0": 80794,
        "453.0": 81261,
        "452.0": 81696,
        "451.0": 82096,
        "450.0": 82521,
        "449.0": 82919,
        "448.0": 83348,
        "447.0": 83766,
        "446.0": 84154,
        "445.0": 84549,
        "444.0": 84960,
        "443.0": 85359,
        "442.0": 85724,
        "441.0": 86079,
        "440.0": 86440,
        "439.0": 86795,
        "438.0": 87153,
        "437.0": 87504,
        "436.0": 87848,
        "435.0": 88187,
        "434.0": 88555,
        "433.0": 88902,
        "432.0": 89262,
        "431.0": 89586,
        "430.0": 89933,
        "429.0": 90266,
        "428.0": 90618,
        "427.0": 90945,
        "426.0": 91277,
        "425.0": 91601,
        "424.0": 91951,
        "423.0": 92277,
        "422.0": 92577,
        "421.0": 92879,
        "420.0": 93172,
        "419.0": 93482,
        "418.0": 93794,
        "417.0": 94123,
        "416.0": 94416,
        "415.0": 94714,
        "414.0": 95065,
        "413.0": 95369,
        "412.0": 95645,
        "411.0": 95911,
        "410.0": 96159,
        "409.0": 96410,
        "408.0": 96694,
        "407.0": 96963,
        "406.0": 97222,
        "405.0": 97501,
        "404.0": 97753,
        "403.0": 98076,
        "402.0": 98350,
        "401.0": 98616,
        "400.0": 98865,
        "399.0": 99110,
        "398.0": 99387,
        "397.0": 99617,
        "396.0": 99857,
        "395.0": 100106,
        "394.0": 100345,
        "393.0": 100599,
        "392.0": 100833,
        "391.0": 101089,
        "390.0": 101282,
        "389.0": 101519,
        "388.0": 101753,
        "387.0": 101982,
        "386.0": 102196,
        "385.0": 102423,
        "384.0": 102612,
        "383.0": 102834,
        "382.0": 103054,
        "381.0": 103252,
        "380.0": 103491,
        "379.0": 103711,
        "378.0": 103913,
        "377.0": 104122,
        "376.0": 104332,
        "375.0": 104547,
        "374.0": 104739,
        "373.0": 104946,
        "372.0": 105144,
        "371.0": 105345,
        "370.0": 105534,
        "369.0": 105729,
        "368.0": 105923,
        "367.0": 106113,
        "366.0": 106295,
        "365.0": 106511,
        "364.0": 106705,
        "363.0": 106901,
        "362.0": 107108,
        "361.0": 107312,
        "360.0": 107505,
        "359.0": 107698,
        "358.0": 107873,
        "357.0": 108065,
        "356.0": 108279,
        "355.0": 108456,
        "354.0": 108610,
        "353.0": 108810,
        "352.0": 108995,
        "351.0": 109185,
        "350.0": 109349,
        "349.0": 109547,
        "348.0": 109729,
        "347.0": 109914,
        "346.0": 110101,
        "345.0": 110274,
        "344.0": 110431,
        "343.0": 110600,
        "342.0": 110772,
        "341.0": 110969,
        "340.0": 111146,
        "339.0": 111325,
        "338.0": 111508,
        "337.0": 111680,
        "336.0": 111851,
        "335.0": 112017,
        "334.0": 112219,
        "333.0": 112404,
        "332.0": 112580,
        "331.0": 112725,
        "330.0": 112901,
        "329.0": 113072,
        "328.0": 113234,
        "327.0": 113401,
        "326.0": 113563,
        "325.0": 113746,
        "324.0": 113896,
        "323.0": 114061,
        "322.0": 114239,
        "321.0": 114396,
        "320.0": 114560,
        "319.0": 114760,
        "318.0": 114927,
        "317.0": 115108,
        "316.0": 115272,
        "315.0": 115424,
        "314.0": 115565,
        "313.0": 115706,
        "312.0": 115866,
        "311.0": 116003,
        "310.0": 116175,
        "309.0": 116335,
        "308.0": 116490,
        "307.0": 116633,
        "306.0": 116806,
        "305.0": 116975,
        "304.0": 117130,
        "303.0": 117259,
        "302.0": 117427,
        "301.0": 117566,
        "300.0": 117729,
        "299.0": 117869,
        "298.0": 118029,
        "297.0": 118169,
        "296.0": 118317,
        "295.0": 118474,
        "294.0": 118636,
        "293.0": 118802,
        "292.0": 118969,
        "291.0": 119111,
        "290.0": 119263,
        "289.0": 119410,
        "288.0": 119572,
        "287.0": 119735,
        "286.0": 119889,
        "285.0": 120034,
        "284.0": 120167,
        "283.0": 120315,
        "282.0": 120474,
        "281.0": 120640,
        "280.0": 120792,
        "279.0": 120922,
        "278.0": 121071,
        "277.0": 121223,
        "276.0": 121368,
        "275.0": 121511,
        "274.0": 121676,
        "273.0": 121805,
        "272.0": 121952,
        "271.0": 122101,
        "270.0": 122254,
        "269.0": 122395,
        "268.0": 122531,
        "267.0": 122656,
        "266.0": 122801,
        "265.0": 122944,
        "264.0": 123069,
        "263.0": 123205,
        "262.0": 123359,
        "261.0": 123498,
        "260.0": 123650,
        "259.0": 123806,
        "258.0": 123936,
        "257.0": 124070,
        "256.0": 124203,
        "255.0": 124343,
        "254.0": 124478,
        "253.0": 124621,
        "252.0": 124758,
        "251.0": 124891,
        "250.0": 125026,
        "249.0": 125180,
        "248.0": 125325,
        "247.0": 125443,
        "246.0": 125583,
        "245.0": 125701,
        "244.0": 125829,
        "243.0": 125967,
        "242.0": 126089,
        "241.0": 126225,
        "240.0": 126352,
        "239.0": 126468,
        "238.0": 126606,
        "237.0": 126736,
        "236.0": 126845,
        "235.0": 126989,
        "234.0": 127130,
        "233.0": 127258,
        "232.0": 127363,
        "231.0": 127483,
        "230.0": 127608,
        "229.0": 127741,
        "228.0": 127870,
        "227.0": 127984,
        "226.0": 128105,
        "225.0": 128218,
        "224.0": 128340,
        "223.0": 128442,
        "222.0": 128555,
        "221.0": 128671,
        "220.0": 128813,
        "219.0": 128940,
        "218.0": 129052,
        "217.0": 129168,
        "216.0": 129278,
        "215.0": 129395,
        "214.0": 129515,
        "213.0": 129624,
        "212.0": 129719,
        "211.0": 129835,
        "210.0": 129946,
        "209.0": 130037,
        "208.0": 130130,
        "207.0": 130229,
        "206.0": 130325,
        "205.0": 130417,
        "204.0": 130516,
        "203.0": 130615,
        "202.0": 130700,
        "201.0": 130785,
        "200.0": 130864,
        "199.0": 130970,
        "198.0": 131088,
        "197.0": 131163,
        "196.0": 131244,
        "195.0": 131331,
        "194.0": 131425,
        "193.0": 131526,
        "192.0": 131609,
        "191.0": 131694,
        "190.0": 131776,
        "189.0": 131839,
        "188.0": 131911,
        "187.0": 131985,
        "186.0": 132060,
        "185.0": 132120,
        "184.0": 132189,
        "183.0": 132253,
        "182.0": 132326,
        "181.0": 132402,
        "180.0": 132475,
        "179.0": 132532,
        "178.0": 132596,
        "177.0": 132663,
        "176.0": 132717,
        "175.0": 132762,
        "174.0": 132832,
        "173.0": 132886,
        "172.0": 132933,
        "171.0": 132990
      }
    }
  }
}