{
    "2019": {
        "江苏": {
            "文科": {
                "411": 20.0,
                "410": 25.0,
                "409": 29.0,
                "408": 36.0,
                "407": 42.0,
                "406": 60.0,
                "405": 68.0,
                "404": 81.0,
                "403": 96.0,
                "402": 111.0,
                "401": 127.0,
                "400": 149.0,
                "399": 168.0,
                "398": 190.0,
                "397": 213.0,
                "396": 240.0,
                "395": 269.0,
                "394": 313.0,
                "393": 360.0,
                "392": 400.0,
                "391": 451.0,
                "390": 511.0,
                "389": 574.0,
                "388": 637.0,
                "387": 727.0,
                "386": 803.0,
                "385": 875.0,
                "384": 965.0,
                "383": 1073.0,
                "382": 1181.0,
                "381": 1283.0,
                "380": 1405.0,
                "379": 1526.0,
                "378": 1667.0,
                "377": 1815.0,
                "376": 1974.0,
                "375": 2160.0,
                "374": 2358.0,
                "373": 2557.0,
                "372": 2753.0,
                "371": 2962.0,
                "370": 3200.0,
                "369": 3473.0,
                "368": 3721.0,
                "367": 3974.0,
                "366": 4239.0,
                "365": 4519.0,
                "364": 4877.0,
                "363": 5214.0,
                "362": 5553.0,
                "361": 5926.0,
                "360": 6262.0,
                "359": 6664.0,
                "358": 7111.0,
                "357": 7510.0,
                "356": 7915.0,
                "355": 8402.0,
                "354": 8864.0,
                "353": 9365.0,
                "352": 9868.0,
                "351": 10369.0,
                "350": 10856.0,
                "349": 11409.0,
                "348": 11942.0,
                "347": 12480.0,
                "346": 13091.0,
                "345": 13695.0,
                "344": 14284.0,
                "343": 14896.0,
                "342": 15520.0,
                "341": 16145.0,
                "340": 16781.0,
                "339": 17388.0,
                "338": 18048.0,
                "337": 18739.0,
                "336": 19427.0,
                "335": 20126.0,
                "334": 20790.0,
                "333": 21489.0,
                "332": 22183.0,
                "331": 22856.0,
                "330": 23520.0,
                "329": 24199.0,
                "328": 24861.0,
                "327": 25530.0,
                "326": 26229.0,
                "325": 26887.0,
                "324": 27526.0,
                "323": 28194.0,
                "322": 28848.0,
                "321": 29452.0,
                "320": 30091.0,
                "319": 30739.0,
                "318": 31359.0,
                "317": 31941.0,
                "316": 32482.0,
                "315": 33070.0,
                "314": 33631.0,
                "313": 34191.0,
                "312": 34694.0,
                "311": 35219.0,
                "310": 35688.0,
                "309": 36198.0,
                "308": 36679.0,
                "307": 37158.0,
                "306": 37610.0,
                "305": 38033.0,
                "304": 38476.0,
                "303": 38854.0,
                "302": 39266.0,
                "301": 39668.0,
                "300": 40036.0,
                "299": 40434.0,
                "298": 40792.0,
                "297": 41121.0,
                "296": 41430.0,
                "295": 41716.0,
                "294": 41998.0,
                "293": 42287.0,
                "292": 42533.0,
                "291": 42816.0,
                "290": 43030.0,
                "289": 43258.0,
                "288": 43477.0,
                "287": 43670.0,
                "286": 43847.0,
                "285": 44036.0,
                "284": 44226.0,
                "283": 44400.0,
                "282": 44558.0,
                "281": 44700.0,
                "280": 44845.0,
                "279": 44996.0,
                "278": 45114.0,
                "277": 45229.0,
                "276": 45345.0,
                "275": 45471.0,
                "274": 45569.0,
                "273": 45665.0,
                "272": 45749.0,
                "271": 45829.0,
                "270": 45913.0,
                "269": 45991.0,
                "268": 46065.0,
                "267": 46149.0
            }
        }
    }
}