{
    "2019": {
        "湖北": {
            "理科": {
                "688.0": 58.0,
                "687.0": 66.0,
                "686.0": 75.0,
                "685.0": 83.0,
                "684.0": 96.0,
                "683.0": 106.0,
                "682.0": 119.0,
                "681.0": 130.0,
                "680.0": 143.0,
                "679.0": 167.0,
                "678.0": 190.0,
                "677.0": 219.0,
                "676.0": 243.0,
                "675.0": 268.0,
                "674.0": 284.0,
                "673.0": 308.0,
                "672.0": 335.0,
                "671.0": 366.0,
                "670.0": 396.0,
                "669.0": 416.0,
                "668.0": 450.0,
                "667.0": 487.0,
                "666.0": 515.0,
                "665.0": 555.0,
                "664.0": 604.0,
                "663.0": 657.0,
                "662.0": 705.0,
                "661.0": 756.0,
                "660.0": 808.0,
                "659.0": 859.0,
                "658.0": 921.0,
                "657.0": 983.0,
                "656.0": 1055.0,
                "655.0": 1130.0,
                "654.0": 1194.0,
                "653.0": 1261.0,
                "652.0": 1345.0,
                "651.0": 1430.0,
                "650.0": 1518.0,
                "649.0": 1611.0,
                "648.0": 1711.0,
                "647.0": 1800.0,
                "646.0": 1892.0,
                "645.0": 1994.0,
                "644.0": 2082.0,
                "643.0": 2189.0,
                "642.0": 2305.0,
                "641.0": 2417.0,
                "640.0": 2519.0,
                "639.0": 2652.0,
                "638.0": 2773.0,
                "637.0": 2880.0,
                "636.0": 2997.0,
                "635.0": 3123.0,
                "634.0": 3268.0,
                "633.0": 3404.0,
                "632.0": 3558.0,
                "631.0": 3700.0,
                "630.0": 3852.0,
                "629.0": 4000.0,
                "628.0": 4145.0,
                "627.0": 4306.0,
                "626.0": 4477.0,
                "625.0": 4666.0,
                "624.0": 4848.0,
                "623.0": 5031.0,
                "622.0": 5239.0,
                "621.0": 5427.0,
                "620.0": 5602.0,
                "619.0": 5777.0,
                "618.0": 5947.0,
                "617.0": 6148.0,
                "616.0": 6361.0,
                "615.0": 6586.0,
                "614.0": 6814.0,
                "613.0": 7033.0,
                "612.0": 7274.0,
                "611.0": 7528.0,
                "610.0": 7771.0,
                "609.0": 8018.0,
                "608.0": 8237.0,
                "607.0": 8452.0,
                "606.0": 8682.0,
                "605.0": 8925.0,
                "604.0": 9201.0,
                "603.0": 9454.0,
                "602.0": 9706.0,
                "601.0": 9997.0,
                "600.0": 10280.0,
                "599.0": 10558.0,
                "598.0": 10844.0,
                "597.0": 11127.0,
                "596.0": 11395.0,
                "595.0": 11686.0,
                "594.0": 11998.0,
                "593.0": 12306.0,
                "592.0": 12626.0,
                "591.0": 12932.0,
                "590.0": 13272.0,
	"589": 13605,
                "588": 13912,
                "587": 14269,
                "586": 14601,
                "585": 14939,
                "584": 15279,
                "583": 15626,
                "582": 15952,
                "581": 16307,
                "580": 16651,
                "579": 17013,
                "578": 17370,
                "577": 17739,
                "576": 18107,
                "575": 18503,
                "574": 18851,
                "573": 19247,
                "572": 19634,
                "571": 20023,
                "570": 20422,
                "569": 20801,
                "568": 21185,
                "567": 21600,
                "566": 21973,
                "565": 22378,
                "564": 22773,
                "563": 23195,
                "562": 23619,
                "561": 24070,
                "560": 24495,
                "559": 24916,
                "558": 25381,
                "557": 25810,
                "556": 26264,
                "555": 26700,
                "554": 27139,
                "553": 27606,
                "552": 28049,
                "551": 28532,
                "550": 28986,
                "549": 29494,
                "548": 29973,
                "547": 30461,
                "546": 30973,
                "545": 31510,
                "544": 31994,
                "543": 32530,
                "542": 33032,
                "541": 33528,
                "540": 34039,
                "539": 34540,
                "538": 35073,
                "537": 35584,
                "536": 36094,
                "535": 36638,
                "534": 37202,
                "533": 37720,
                "532": 38223,
                "531": 38721,
                "530": 39240,
                "529": 39816,
                "528": 40331,
                "527": 40846,
                "526": 41406,
                "525": 41943,
                "524": 42523,
                "523": 43058,
                "522": 43595,
                "521": 44141,
                "520": 44703,
                "519": 45204,
                "518": 45792,
                "517": 46345,
                "516": 46916,
                "515": 47472,
                "514": 48049,
                "513": 48570,
                "512": 49148,
                "511": 49724,
                "510": 50302,
                "509": 50894,
                "508": 51465,
                "507": 52025,
                "506": 52609,
                "505": 53201
            }
        }
    }
}