{
    "2019": {
        "上海": {
            "615": 53,
            "614": 64,
            "613": 77,
            "612": 87,
            "611": 101,
            "610": 109,
            "609": 127,
            "608": 150,
            "607": 167,
            "606": 187,
            "605": 214,
            "604": 230,
            "603": 258,
            "602": 282,
            "601": 312,
            "600": 343,
            "599": 374,
            "598": 404,
            "597": 446,
            "596": 484,
            "595": 522,
            "594": 566,
            "593": 612,
            "592": 673,
            "591": 719,
            "590": 768,
            "589": 820,
            "588": 883,
            "587": 952,
            "586": 1030,
            "585": 1106,
            "584": 1195,
            "583": 1275,
            "582": 1345,
            "581": 1419,
            "580": 1506,
            "579": 1579,
            "578": 1656,
            "577": 1742,
            "576": 1818,
            "575": 1892,
            "574": 1981,
            "573": 2072,
            "572": 2169,
            "571": 2277,
            "570": 2376,
            "569": 2495,
            "568": 2609,
            "567": 2713,
            "566": 2834,
            "565": 2973,
            "564": 3124,
            "563": 3245,
            "562": 3364,
            "561": 3500,
            "560": 3636,
            "559": 3787,
            "558": 3900,
            "557": 4052,
            "556": 4172,
            "555": 4290,
            "554": 4450,
            "553": 4617,
            "552": 4781,
            "551": 4946,
            "550": 5101,
            "549": 5274,
            "548": 5437,
            "547": 5610,
            "546": 5773,
            "545": 5941,
            "544": 6135,
            "543": 6325,
            "542": 6512,
            "541": 6722,
            "540": 6911,
            "539": 7106,
            "538": 7299,
            "537": 7494,
            "536": 7694,
            "535": 7884,
            "534": 8063,
            "533": 8248,
            "532": 8473,
            "531": 8680,
            "530": 8892,
            "529": 9102,
            "528": 9311,
            "527": 9531,
            "526": 9747,
            "525": 9965,
            "524": 10177,
            "523": 10407,
            "522": 10607,
            "521": 10816,
            "520": 11020,
            "519": 11219,
            "518": 11421,
            "517": 11620,
            "516": 11846,
            "515": 12052,
            "514": 12259,
            "513": 12495,
            "512": 12689,
            "511": 12925,
            "510": 13153,
            "509": 13407,
            "508": 13652,
            "507": 13869
        }
    }
}