{
    "2017": {
        "云南": {
            "理科": {
                "700": 20,
                "695": 26,
                "690": 38,
                "685": 50,
                "680": 67,
                "675": 94,
                "670": 121,
                "665": 163,
                "660": 231,
                "655": 298,
                "650": 387,
                "645": 479,
                "640": 624,
                "635": 772,
                "630": 970,
                "625": 1197,
                "620": 1447,
                "615": 1777,
                "610": 2128,
                "605": 2523,
                "600": 2948,
                "595": 3486,
                "590": 4064,
                "585": 4727,
                "580": 5476,
                "575": 6259,
                "570": 7231,
                "565": 8270,
                "560": 9367,
                "555": 10624,
                "550": 11910,
                "545": 13324,
                "540": 14813,
                "535": 16460,
                "530": 18246,
                "525": 20103,
                "520": 22011,
                "515": 24120,
                "510": 26279,
                "505": 28492,
                "500": 30921,
                "495": 33298,
                "490": 35861,
                "485": 38450,
                "480": 41228,
                "475": 44045,
                "470": 46992,
                "465": 49979,
                "460": 53077,
                "455": 56331,
                "450": 59576,
                "445": 62902,
                "440": 66365,
                "435": 69658,
                "430": 73111,
                "425": 76546,
                "420": 79940,
                "415": 83238,
                "410": 86578,
                "405": 89972,
                "400": 93314,
                "395": 96456,
                "390": 99735,
                "385": 102898,
                "380": 105904,
                "375": 108886,
                "370": 111816,
                "365": 114566,
                "360": 117301,
                "355": 119895,
                "350": 122384,
                "345": 124803,
                "340": 127130,
                "335": 129352,
                "330": 131411,
                "325": 133476,
                "320": 135388,
                "315": 137096,
                "310": 138795,
                "305": 140372,
                "300": 141795,
                "295": 143090,
                "290": 144285,
                "285": 145343,
                "280": 146303,
                "275": 147176,
                "270": 147966,
                "265": 148651,
                "260": 149245,
                "255": 149769,
                "250": 150212,
                "245": 150608,
                "240": 150938,
                "235": 151221,
                "230": 151428,
                "225": 151612,
                "220": 151762,
                "215": 151905,
                "210": 151998,
                "205": 152076,
                "200": 152149,
                "195": 152196,
                "190": 152230,
                "185": 152259,
                "180": 152280,
                "175": 152308,
                "170": 152316,
                "165": 152322,
                "160": 152333,
                "155": 152337,
                "150": 152343,
                "145": 152345,
                "140": 152347,
                "135": 152350,
                "130": 152355,
                "125": 152359,
                "120": 152364,
                "115": 152368,
                "110": 152373,
                "105": 152376,
                "100": 152379,
                "0": 158889
            }
        }
    }
}