{
    "2017": {
        "湖北": {
            "文科": {
                "660": 15,
                "659": 17,
                "658": 18,
                "657": 18,
                "656": 22,
                "655": 27,
                "654": 30,
                "653": 34,
                "652": 37,
                "651": 40,
                "650": 42,
                "649": 43,
                "648": 44,
                "647": 48,
                "646": 55,
                "645": 60,
                "644": 68,
                "643": 73,
                "642": 79,
                "641": 90,
                "640": 102,
                "639": 110,
                "638": 120,
                "637": 131,
                "636": 151,
                "635": 164,
                "634": 180,
                "633": 200,
                "632": 220,
                "631": 237,
                "630": 254,
                "629": 276,
                "628": 297,
                "627": 310,
                "626": 328,
                "625": 356,
                "624": 378,
                "623": 396,
                "622": 433,
                "621": 455,
                "620": 487,
                "619": 525,
                "618": 553,
                "617": 583,
                "616": 616,
                "615": 655,
                "614": 680,
                "613": 713,
                "612": 750,
                "611": 793,
                "610": 832,
                "609": 886,
                "608": 929,
                "607": 978,
                "606": 1028,
                "605": 1081,
                "604": 1133,
                "603": 1179,
                "602": 1233,
                "601": 1279,
                "600": 1350,
                "599": 1424,
                "598": 1486,
                "597": 1562,
                "596": 1641,
                "595": 1726,
                "594": 1824,
                "593": 1889,
                "592": 1980,
                "591": 2054,
                "590": 2142,
                "589": 2216,
                "588": 2314,
                "587": 2402,
                "586": 2511,
                "585": 2607,
                "584": 2706,
                "583": 2789,
                "582": 2895,
                "581": 3004,
                "580": 3118,
                "579": 3224,
                "578": 3304,
                "577": 3408,
                "576": 3513,
                "575": 3639,
                "574": 3752,
                "573": 3865,
                "572": 3998,
                "571": 4122,
                "570": 4266,
                "569": 4394,
                "568": 4529,
                "567": 4660,
                "566": 4800,
                "565": 4939,
                "564": 5069,
                "563": 5204,
                "562": 5349,
                "561": 5495,
                "560": 5650,
                "559": 5806,
                "558": 5958,
                "557": 6100,
                "556": 6256,
                "555": 6407,
                "554": 6555,
                "553": 6714,
                "552": 6881,
                "551": 7033,
                "550": 7194,
                "549": 7362,
                "548": 7553,
                "547": 7731,
                "546": 7906,
                "545": 8092,
                "544": 8265,
                "543": 8450,
                "542": 8634,
                "541": 8852,
                "540": 9047,
                "539": 9220,
                "538": 9396,
                "537": 9566,
                "536": 9760,
                "535": 9953,
                "534": 10160,
                "533": 10338,
                "532": 10567,
                "531": 10766,
                "530": 10963,
                "529": 11173,
                "528": 11389
            }
        }
    }
}