{
    "2017": {
        "上海": {
            "综合": {
                "604": 47,
                "603": 55,
                "602": 69,
                "601": 85,
                "600": 101,
                "599": 112,
                "598": 128,
                "597": 137,
                "596": 156,
                "595": 179,
                "594": 195,
                "593": 220,
                "592": 249,
                "591": 279,
                "590": 323,
                "589": 357,
                "588": 394,
                "587": 439,
                "586": 473,
                "585": 514,
                "584": 558,
                "583": 606,
                "582": 650,
                "581": 712,
                "580": 771,
                "579": 860,
                "578": 929,
                "577": 1003,
                "576": 1083,
                "575": 1159,
                "574": 1242,
                "573": 1340,
                "572": 1427,
                "571": 1519,
                "570": 1621,
                "569": 1703,
                "568": 1799,
                "567": 1912,
                "566": 2000,
                "565": 2148,
                "564": 2263,
                "563": 2401,
                "562": 2525,
                "561": 2658,
                "560": 2792,
                "559": 2924,
                "558": 3056,
                "557": 3200,
                "556": 3323,
                "555": 3456,
                "554": 3585,
                "553": 3713,
                "552": 3868,
                "551": 4038,
                "550": 4177,
                "549": 4333,
                "548": 4469,
                "547": 4623,
                "546": 4814,
                "545": 4973,
                "544": 5118,
                "543": 5303,
                "542": 5493,
                "541": 5703,
                "540": 5875,
                "539": 6068,
                "538": 6266,
                "537": 6456,
                "536": 6651,
                "535": 6848,
                "534": 7048,
                "533": 7240,
                "532": 7424,
                "531": 7636,
                "530": 7832,
                "529": 8041,
                "528": 8266,
                "527": 8464,
                "526": 8667,
                "525": 8868,
                "524": 9063,
                "523": 9303,
                "522": 9545,
                "521": 9776,
                "520": 9985,
                "519": 10228,
                "518": 10424,
                "517": 10661,
                "516": 10887,
                "515": 11112,
                "514": 11357,
                "513": 11583,
                "512": 11795,
                "511": 12047,
                "510": 12301,
                "509": 12524,
                "508": 12766,
                "507": 13006,
                "506": 13241,
                "505": 13463,
                "504": 13715
            }
        }
    }
}