{
    "2017": {
        "贵州": {
            "文科": {
                "628": 958,
                "627": 996,
                "626": 1038,
                "625": 1075,
                "624": 1110,
                "623": 1162,
                "622": 1221,
                "621": 1276,
                "620": 1329,
                "619": 1390,
                "618": 1448,
                "617": 1505,
                "616": 1577,
                "615": 1644,
                "614": 1714,
                "613": 1789,
                "612": 1852,
                "611": 1924,
                "610": 1996,
                "609": 2062,
                "608": 2123,
                "607": 2187,
                "606": 2254,
                "605": 2326,
                "604": 2399,
                "603": 2470,
                "602": 2561,
                "601": 2640,
                "600": 2722,
                "599": 2804,
                "598": 2896,
                "597": 2989,
                "596": 3096,
                "595": 3197,
                "594": 3293,
                "593": 3385,
                "592": 3480,
                "591": 3571,
                "590": 3676,
                "589": 3781,
                "588": 3885,
                "587": 3982,
                "586": 4098,
                "585": 4215,
                "584": 4326,
                "583": 4451,
                "582": 4569,
                "581": 4686,
                "580": 4793,
                "579": 4916,
                "578": 5027,
                "577": 5168,
                "576": 5290,
                "575": 5434,
                "574": 5561,
                "573": 5690,
                "572": 5835,
                "571": 5988,
                "570": 6140,
                "569": 6310,
                "568": 6482,
                "567": 6630,
                "566": 6785,
                "565": 6935,
                "564": 7083,
                "563": 7235,
                "562": 7404,
                "561": 7560,
                "560": 7715,
                "559": 7901,
                "558": 8098,
                "557": 8280,
                "556": 8472,
                "555": 8646,
                "554": 8832,
                "553": 9009,
                "552": 9203,
                "551": 9413,
                "550": 9607,
                "549": 9839,
                "548": 10037,
                "547": 10266,
                "546": 10493,
                "545": 10703
            }
        }
    }
}