{
    "2017": {
        "山西": {
            "文科": {
                "629": 11,
                "628": 13,
                "627": 16,
                "626": 20,
                "625": 20,
                "624": 21,
                "623": 22,
                "622": 24,
                "621": 26,
                "620": 30,
                "619": 32,
                "618": 35,
                "617": 37,
                "616": 39,
                "615": 43,
                "614": 46,
                "613": 52,
                "612": 57,
                "611": 65,
                "610": 69,
                "609": 74,
                "608": 80,
                "607": 88,
                "606": 98,
                "605": 104,
                "604": 106,
                "603": 111,
                "602": 119,
                "601": 133,
                "600": 149,
                "599": 159,
                "598": 169,
                "597": 177,
                "596": 191,
                "595": 205,
                "594": 218,
                "593": 233,
                "592": 239,
                "591": 254,
                "590": 269,
                "589": 297,
                "588": 311,
                "587": 334,
                "586": 358,
                "585": 380,
                "584": 404,
                "583": 430,
                "582": 451,
                "581": 472,
                "580": 512,
                "579": 541,
                "578": 571,
                "577": 604,
                "576": 628,
                "575": 650,
                "574": 674,
                "573": 717,
                "572": 757,
                "571": 785,
                "570": 824,
                "569": 854,
                "568": 892,
                "567": 940,
                "566": 993,
                "565": 1030,
                "564": 1068,
                "563": 1120,
                "562": 1182,
                "561": 1235,
                "560": 1283,
                "559": 1336,
                "558": 1380,
                "557": 1438,
                "556": 1502,
                "555": 1557,
                "554": 1615,
                "553": 1686,
                "552": 1762,
                "551": 1824,
                "550": 1901,
                "549": 1965,
                "548": 2021,
                "547": 2087,
                "546": 2167,
                "545": 2257,
                "544": 2345,
                "543": 2436,
                "542": 2523,
                "541": 2610,
                "540": 2710,
                "539": 2812,
                "538": 2911,
                "537": 3002,
                "536": 3114,
                "535": 3201,
                "534": 3295,
                "533": 3404,
                "532": 3538,
                "531": 3659,
                "530": 3769,
                "529": 3901,
                "528": 4046,
                "527": 4171,
                "526": 4301,
                "525": 4452,
                "524": 4591,
                "523": 4735,
                "522": 4897,
                "521": 5051,
                "520": 5196,
                "519": 5350,
                "518": 5531,
                "517": 5699,
                "516": 5849,
                "515": 6019,
                "514": 6193,
                "513": 6362,
                "512": 6533,
                "511": 6731,
                "510": 6919,
                "509": 7145,
                "508": 7350,
                "507": 7546,
                "506": 7751,
                "505": 7951,
                "504": 8175,
                "503": 8378,
                "502": 8648,
                "501": 8860,
                "500": 9084,
                "499": 9337,
                "498": 9572,
                "497": 9811,
                "496": 10039,
                "495": 10290,
                "494": 10546,
                "493": 10798,
                "492": 11044,
                "491": 11307,
                "490": 11562,
                "489": 11831,
                "488": 12068,
                "487": 12351,
                "486": 12626,
                "485": 12901,
                "484": 13182,
                "483": 13467,
                "482": 13749,
                "481": 14051,
                "480": 14354,
                "479": 14688,
                "478": 15033,
                "477": 15342,
                "476": 15667,
                "475": 15991,
                "474": 16302,
                "473": 16597,
                "472": 16910,
                "471": 17221,
                "470": 17570,
                "469": 17917,
                "468": 18244,
                "467": 18586,
                "466": 18904,
                "465": 19252,
                "464": 19598,
                "463": 19929,
                "462": 20284,
                "461": 20608,
                "460": 20980,
                "459": 21348,
                "458": 21693,
                "457": 22034,
                "456": 22363,
                "455": 22697,
                "454": 23061,
                "453": 23425,
                "452": 23772
            }
        }
    }
}