{
    "2017": {
        "黑龙江": {
            "理科": {
                "712": 1,
                "711": 1,
                "710": 1,
                "709": 1,
                "708": 1,
                "707": 1,
                "706": 2,
                "705": 2,
                "704": 3,
                "703": 4,
                "702": 5,
                "701": 5,
                "700": 6,
                "699": 8,
                "698": 8,
                "697": 8,
                "696": 9,
                "695": 10,
                "694": 10,
                "693": 12,
                "692": 14,
                "691": 17,
                "690": 17,
                "689": 22,
                "688": 22,
                "687": 24,
                "686": 26,
                "685": 29,
                "684": 30,
                "683": 32,
                "682": 36,
                "681": 40,
                "680": 47,
                "679": 52,
                "678": 61,
                "677": 69,
                "676": 76,
                "675": 83,
                "674": 92,
                "673": 105,
                "672": 112,
                "671": 123,
                "670": 136,
                "669": 152,
                "668": 161,
                "667": 171,
                "666": 185,
                "665": 194,
                "664": 210,
                "663": 221,
                "662": 240,
                "661": 256,
                "660": 274,
                "659": 295,
                "658": 314,
                "657": 337,
                "656": 354,
                "655": 377,
                "654": 396,
                "653": 420,
                "652": 451,
                "651": 478,
                "650": 504,
                "649": 535,
                "648": 566,
                "647": 600,
                "646": 631,
                "645": 669,
                "644": 698,
                "643": 725,
                "642": 771,
                "641": 801,
                "640": 840,
                "639": 886,
                "638": 935,
                "637": 979,
                "636": 1019,
                "635": 1086,
                "634": 1122,
                "633": 1176,
                "632": 1232,
                "631": 1283,
                "630": 1337,
                "629": 1401,
                "628": 1475,
                "627": 1530,
                "626": 1588,
                "625": 1658,
                "624": 1732,
                "623": 1781,
                "622": 1841,
                "621": 1896,
                "620": 1972,
                "619": 2033,
                "618": 2113,
                "617": 2186,
                "616": 2246,
                "615": 2317,
                "614": 2394,
                "613": 2464,
                "612": 2549,
                "611": 2639,
                "610": 2730,
                "609": 2797,
                "608": 2895,
                "607": 2988,
                "606": 3072,
                "605": 3140,
                "604": 3235,
                "603": 3318,
                "602": 3418,
                "601": 3522,
                "600": 3636,
                "599": 3735,
                "598": 3832,
                "597": 3914,
                "596": 4016,
                "595": 4104,
                "594": 4220,
                "593": 4338,
                "592": 4453,
                "591": 4558,
                "590": 4677,
                "589": 4812,
                "588": 4917,
                "587": 5032,
                "586": 5159,
                "585": 5297,
                "584": 5409,
                "583": 5548,
                "582": 5686,
                "581": 5826,
                "580": 5947,
                "579": 6075,
                "578": 6200,
                "577": 6345,
                "576": 6488,
                "575": 6596,
                "574": 6708,
                "573": 6853,
                "572": 6992,
                "571": 7127,
                "570": 7256,
                "569": 7383,
                "568": 7536,
                "567": 7687,
                "566": 7827,
                "565": 7984,
                "564": 8132,
                "563": 8287,
                "562": 8446,
                "561": 8617,
                "560": 8785,
                "559": 8953,
                "558": 9100,
                "557": 9254,
                "556": 9427,
                "555": 9593,
                "554": 9742,
                "553": 9909,
                "552": 10067,
                "551": 10209,
                "550": 10367,
                "549": 10531,
                "548": 10714,
                "547": 10883,
                "546": 11070,
                "545": 11263,
                "544": 11436,
                "543": 11608,
                "542": 11806,
                "541": 11977,
                "540": 12129,
                "539": 12326,
                "538": 12519,
                "537": 12728,
                "536": 12910,
                "535": 13080,
                "534": 13289,
                "533": 13483,
                "532": 13675,
                "531": 13870,
                "530": 14080,
                "529": 14258,
                "528": 14470,
                "527": 14687,
                "526": 14897,
                "525": 15122,
                "524": 15334,
                "523": 15572,
                "522": 15800,
                "521": 16032,
                "520": 16225,
                "519": 16476,
                "518": 16672,
                "517": 16882,
                "516": 17089,
                "515": 17322,
                "514": 17518,
                "513": 17728,
                "512": 17948,
                "511": 18154,
                "510": 18370,
                "509": 18586,
                "508": 18779,
                "507": 18982,
                "506": 19186,
                "505": 19381,
                "504": 19629,
                "503": 19859,
                "502": 20105,
                "501": 20327,
                "500": 20554,
                "499": 20781,
                "498": 21019,
                "497": 21251,
                "496": 21505,
                "495": 21783,
                "494": 22010,
                "493": 22245,
                "492": 22512,
                "491": 22747,
                "490": 22998,
                "489": 23244,
                "488": 23499,
                "487": 23750,
                "486": 23988,
                "485": 24243,
                "484": 24510,
                "483": 24782,
                "482": 25063,
                "481": 25348,
                "480": 25613,
                "479": 25849,
                "478": 26108,
                "477": 26368,
                "476": 26638,
                "475": 26904,
                "474": 27144,
                "473": 27389,
                "472": 27642,
                "471": 27941,
                "470": 28184,
                "469": 28469,
                "468": 28734,
                "467": 29000,
                "466": 29281,
                "465": 29610,
                "464": 29877,
                "463": 30138,
                "462": 30418,
                "461": 30691,
                "460": 30974,
                "459": 31260,
                "458": 31514,
                "457": 31791,
                "456": 32088,
                "455": 32382,
                "454": 32655,
                "453": 32938,
                "452": 33234,
                "451": 33530,
                "450": 33807,
                "449": 34102,
                "448": 34375,
                "447": 34659,
                "446": 34967,
                "445": 35255,
                "444": 35552,
                "443": 35861,
                "442": 36145,
                "441": 36445,
                "440": 36764,
                "439": 37080,
                "438": 37373,
                "437": 37639,
                "436": 37947,
                "435": 38261,
                "434": 38573,
                "433": 38847,
                "432": 39117,
                "431": 39449,
                "430": 39752,
                "429": 40068,
                "428": 40359,
                "427": 40678,
                "426": 41003,
                "425": 41311,
                "424": 41604,
                "423": 41898,
                "422": 42196,
                "421": 42530,
                "420": 42832,
                "419": 43158,
                "418": 43488,
                "417": 43805,
                "416": 44111,
                "415": 44455,
                "414": 44789,
                "413": 45110,
                "412": 45475,
                "411": 45796,
                "410": 46115,
                "409": 46448,
                "408": 46767,
                "407": 47080,
                "406": 47396,
                "405": 47737,
                "404": 48094,
                "403": 48473,
                "402": 48836,
                "401": 49143,
                "400": 49508,
                "399": 49849,
                "398": 50196,
                "397": 50499,
                "396": 50844,
                "395": 51153,
                "394": 51489,
                "393": 51824,
                "392": 52168,
                "391": 52487,
                "390": 52811,
                "389": 53136,
                "388": 53456,
                "387": 53789,
                "386": 54148,
                "385": 54471,
                "384": 54823,
                "383": 55129,
                "382": 55476,
                "381": 55808,
                "380": 56156,
                "379": 56475,
                "378": 56802,
                "377": 57170,
                "376": 57538,
                "375": 57850,
                "374": 58196,
                "373": 58529,
                "372": 58876,
                "371": 59204,
                "370": 59560,
                "369": 59880,
                "368": 60199,
                "367": 60516,
                "366": 60864,
                "365": 61213,
                "364": 61562,
                "363": 61885,
                "362": 62224,
                "361": 62563,
                "360": 62868,
                "359": 63186,
                "358": 63534,
                "357": 63848,
                "356": 64139,
                "355": 64460,
                "354": 64792,
                "353": 65108,
                "352": 65407,
                "351": 65744,
                "350": 66030,
                "349": 66366,
                "348": 66706,
                "347": 67045,
                "346": 67374,
                "345": 67682,
                "344": 68015,
                "343": 68316,
                "342": 68639,
                "341": 68931,
                "340": 69236,
                "339": 69578,
                "338": 69917,
                "337": 70247,
                "336": 70550,
                "335": 70842,
                "334": 71177,
                "333": 71493,
                "332": 71797,
                "331": 72066,
                "330": 72374,
                "329": 72697,
                "328": 73022,
                "327": 73328,
                "326": 73647,
                "325": 73920,
                "324": 74246,
                "323": 74577,
                "322": 74875,
                "321": 75169,
                "320": 75459,
                "319": 75764,
                "318": 76072,
                "317": 76385,
                "316": 76668,
                "315": 76962,
                "314": 77234,
                "313": 77503,
                "312": 77797,
                "311": 78065,
                "310": 78351,
                "309": 78654,
                "308": 78959,
                "307": 79257,
                "306": 79550,
                "305": 79834,
                "304": 80107,
                "303": 80411,
                "302": 80694,
                "301": 80994,
                "300": 81267,
                "299": 81556,
                "298": 81787,
                "297": 82064,
                "296": 82327,
                "295": 82596,
                "294": 82871,
                "293": 83120,
                "292": 83400,
                "291": 83645,
                "290": 83888,
                "289": 84188,
                "288": 84424,
                "287": 84679,
                "286": 84923,
                "285": 85153,
                "284": 85404,
                "283": 85630,
                "282": 85863,
                "281": 86097,
                "280": 86376,
                "279": 86632,
                "278": 86892,
                "277": 87133,
                "276": 87370,
                "275": 87615,
                "274": 87850,
                "273": 88075,
                "272": 88318,
                "271": 88547,
                "270": 88772,
                "269": 89023,
                "268": 89258,
                "267": 89480,
                "266": 89718,
                "265": 89965,
                "264": 90176,
                "263": 90414,
                "262": 90651,
                "261": 90897,
                "260": 91119,
                "259": 91347,
                "258": 91557,
                "257": 91769,
                "256": 91970,
                "255": 92162,
                "254": 92359,
                "253": 92559,
                "252": 92762,
                "251": 92934,
                "250": 93150,
                "249": 93343,
                "248": 93537,
                "247": 93734,
                "246": 93930,
                "245": 94121,
                "244": 94289,
                "243": 94440,
                "242": 94627,
                "241": 94797,
                "240": 94974,
                "239": 95131,
                "238": 95332,
                "237": 95483,
                "236": 95673,
                "235": 95844,
                "234": 96012,
                "233": 96188,
                "232": 96353,
                "231": 96520,
                "230": 96683,
                "229": 96855,
                "228": 97018,
                "227": 97178,
                "226": 97328,
                "225": 97462,
                "224": 97609,
                "223": 97754,
                "222": 97918,
                "221": 98058,
                "220": 98183,
                "219": 98320,
                "218": 98471,
                "217": 98616,
                "216": 98758,
                "215": 98881,
                "214": 98993,
                "213": 99146,
                "212": 99296,
                "211": 99420,
                "210": 99534,
                "209": 99640,
                "208": 99752,
                "207": 99880,
                "206": 100008,
                "205": 100115,
                "204": 100229,
                "203": 100341,
                "202": 100425,
                "201": 100526,
                "200": 100629,
                "199": 100725,
                "198": 100823,
                "197": 100916,
                "196": 101000,
                "195": 101087,
                "194": 101195,
                "193": 101284,
                "192": 101371,
                "191": 101460,
                "190": 101545,
                "189": 101623,
                "188": 101715,
                "187": 101800,
                "186": 101886,
                "185": 101957,
                "184": 102047,
                "183": 102116,
                "182": 102200,
                "181": 102269,
                "180": 102332,
                "179": 102392,
                "178": 102456,
                "177": 102533,
                "176": 102597,
                "175": 102659,
                "174": 102728,
                "173": 102798,
                "172": 102860,
                "171": 102923,
                "170": 102974,
                "169": 103017,
                "168": 103074,
                "167": 103124,
                "166": 103177,
                "165": 103231,
                "164": 103281,
                "163": 103323,
                "162": 103355,
                "161": 103386,
                "160": 103441,
                "159": 103482,
                "158": 103521,
                "157": 103558,
                "156": 103603,
                "155": 103647,
                "154": 103684,
                "153": 103738,
                "152": 103771,
                "151": 103806,
                "150": 103832,
                "149": 103867,
                "148": 103899,
                "147": 103939,
                "146": 103966,
                "145": 103995,
                "144": 104023,
                "143": 104050,
                "142": 104075,
                "141": 104103,
                "140": 104126,
                "139": 104149,
                "138": 104171,
                "137": 104188,
                "136": 104207,
                "135": 104231,
                "134": 104247,
                "133": 104266,
                "132": 104287,
                "131": 104307,
                "130": 104327,
                "129": 104339,
                "128": 104347,
                "127": 104359,
                "126": 104383,
                "125": 104392,
                "124": 104406,
                "123": 104414,
                "122": 104430,
                "121": 104447,
                "120": 104456,
                "119": 104465,
                "118": 104476,
                "117": 104493,
                "116": 104497,
                "115": 104505,
                "114": 104511,
                "113": 104521,
                "112": 104532,
                "111": 104538,
                "110": 104544,
                "109": 104552,
                "108": 104561,
                "107": 104569,
                "106": 104573,
                "105": 104578,
                "104": 104590,
                "103": 104594,
                "102": 104596,
                "101": 104600,
                "100": 104601,
                "99": 104606,
                "98": 104613,
                "97": 104616,
                "96": 104620,
                "95": 104621,
                "94": 104628,
                "93": 104632,
                "92": 104632,
                "91": 104637,
                "90": 104641,
                "89": 104645,
                "88": 104651,
                "87": 104655,
                "86": 104657,
                "85": 104658,
                "84": 104661,
                "83": 104663,
                "82": 104665,
                "81": 104666,
                "80": 104668,
                "79": 104672,
                "78": 104673,
                "77": 104677,
                "76": 104679,
                "75": 104682,
                "74": 104683,
                "73": 104686,
                "72": 104688,
                "71": 104688,
                "70": 104688,
                "69": 104690,
                "68": 104692,
                "67": 104692,
                "66": 104692,
                "65": 104693,
                "64": 104694,
                "63": 104696,
                "62": 104696,
                "61": 104697,
                "60": 104697,
                "59": 104697,
                "58": 104699,
                "57": 104699,
                "56": 104702,
                "55": 104703,
                "54": 104703,
                "53": 104703,
                "52": 104704,
                "51": 104706,
                "50": 104707,
                "49": 104708,
                "48": 104709,
                "47": 104711,
                "46": 104711,
                "45": 104711,
                "44": 104712,
                "43": 104713,
                "42": 104713,
                "41": 104714,
                "40": 104715
            }
        }
    }
}