{
    "2017": {
        "山东": {
            "理科": {
                "691": 58,
                "690": 61,
                "689": 70,
                "688": 83,
                "687": 91,
                "686": 101,
                "685": 112,
                "684": 132,
                "683": 150,
                "682": 172,
                "681": 195,
                "680": 211,
                "679": 237,
                "678": 264,
                "677": 302,
                "676": 331,
                "675": 367,
                "674": 400,
                "673": 438,
                "672": 469,
                "671": 508,
                "670": 554,
                "669": 602,
                "668": 652,
                "667": 719,
                "666": 765,
                "665": 822,
                "664": 872,
                "663": 943,
                "662": 1024,
                "661": 1095,
                "660": 1172,
                "659": 1247,
                "658": 1342,
                "657": 1431,
                "656": 1561,
                "655": 1669,
                "654": 1793,
                "653": 1903,
                "652": 2018,
                "651": 2118,
                "650": 2249,
                "649": 2387,
                "648": 2535,
                "647": 2685,
                "646": 2831,
                "645": 2982,
                "644": 3142,
                "643": 3304,
                "642": 3490,
                "641": 3681,
                "640": 3850,
                "639": 4038,
                "638": 4238,
                "637": 4411,
                "636": 4626,
                "635": 4841,
                "634": 5042,
                "633": 5256,
                "632": 5476,
                "631": 5739,
                "630": 5996,
                "629": 6225,
                "628": 6481,
                "627": 6722,
                "626": 7001,
                "625": 7281,
                "624": 7586,
                "623": 7917,
                "622": 8237,
                "621": 8562,
                "620": 8902,
                "619": 9250,
                "618": 9594,
                "617": 9923,
                "616": 10286,
                "615": 10663,
                "614": 11045,
                "613": 11444,
                "612": 11840,
                "611": 12236,
                "610": 12632,
                "609": 13020,
                "608": 13454,
                "607": 13869,
                "606": 14276,
                "605": 14697,
                "604": 15172,
                "603": 15651,
                "602": 16112,
                "601": 16581,
                "600": 17106,
                "599": 17632,
                "598": 18142,
                "597": 18641,
                "596": 19178,
                "595": 19716,
                "594": 20254,
                "593": 20792,
                "592": 21353,
                "591": 21936,
                "590": 22501,
                "589": 23125,
                "588": 23722,
                "587": 24321,
                "586": 24937,
                "585": 25539,
                "584": 26143,
                "583": 26799,
                "582": 27399,
                "581": 28061,
                "580": 28746,
                "579": 29444,
                "578": 30127,
                "577": 30841,
                "576": 31510,
                "575": 32236,
                "574": 32975,
                "573": 33759,
                "572": 34490,
                "571": 35258,
                "570": 36011,
                "569": 36740,
                "568": 37529,
                "567": 38325,
                "566": 39110,
                "565": 39885,
                "564": 40731,
                "563": 41532,
                "562": 42359,
                "561": 43182,
                "560": 44024,
	"559": 44890,
                "558": 45736,
                "557": 46608,
                "556": 47542,
                "555": 48436,
                "554": 49352,
                "553": 50266,
                "552": 51166,
                "551": 52094,
                "550": 52976,
                "549": 53907,
                "548": 54821,
                "547": 55775,
                "546": 56741,
                "545": 57715,
                "544": 58673,
                "543": 59651,
                "542": 60620,
                "541": 61660,
                "540": 62653,
                "539": 63646,
                "538": 64665,
                "537": 65674,
                "536": 66700,
                "535": 67704,
                "534": 68714,
                "533": 69763,
                "532": 70818,
                "531": 71872,
                "530": 72937,
                "529": 74025,
                "528": 75046,
                "527": 76026,
                "526": 77095,
                "525": 78181,
                "524": 79267,
                "523": 80364,
                "522": 81480,
                "521": 82606,
                "520": 83697,
                "519": 84818,
                "518": 85933,
                "517": 87051,
                "516": 88180,
                "515": 89273,
                "514": 90429,
                "513": 91521,
                "512": 92609,
                "511": 93735,
                "510": 94871,
                "509": 95982,
                "508": 97119,
                "507": 98259,
                "506": 99366,
                "505": 100495,
                "504": 101636,
                "503": 102765,
                "502": 103931,
                "501": 105092,
                "500": 106217,
                "499": 107390,
                "498": 108534,
                "497": 109724,
                "496": 110885,
                "495": 112076,
                "494": 113199,
                "493": 114356,
                "492": 115473,
                "491": 116563,
                "490": 117722,
                "489": 118871,
                "488": 120019,
                "487": 121168,
                "486": 122278,
                "485": 123433,
                "484": 124585,
                "483": 125699,
                "482": 126852,
                "481": 127960,
                "480": 129135,
                "479": 130314,
                "478": 131528,
                "477": 132624,
                "476": 133757,
                "475": 134881,
                "474": 136036,
                "473": 137179,
                "472": 138318,
                "471": 139453,
                "470": 140528,
                "469": 141646,
                "468": 142713,
                "467": 143752,
                "466": 144816,
                "465": 145943,
                "464": 147066,
                "463": 148145,
                "462": 149249,
                "461": 150398,
                "460": 151442,
                "459": 152454,
                "458": 153542,
                "457": 154587,
                "456": 155700,
                "455": 156728,
                "454": 157761,
                "453": 158759,
                "452": 159782,
                "451": 160814,
                "450": 161824,
                "449": 162831,
                "448": 163862,
                "447": 164866,
                "446": 165905,
                "445": 166906,
                "444": 167841,
                "443": 168784,
                "442": 169769,
                "441": 170706,
                "440": 171665,
                "439": 172582,
                "438": 173565,
                "437": 174432,
                "436": 175338,
                "435": 176259,
                "434": 177193,
                "433": 178078"
            }
        }
    }
}