{
    "2017": {
        "吉林": {
            "理科": {
                "689": 47，
                "688": 50，
                "687": 55，
                "686": 63，
                "685": 68，
                "684": 74，
                "683": 80，
                "682": 91，
                "681": 102，
                "680": 114，
                "679": 118，
                "678": 130，
                "677": 137，
                "676": 146，
                "675": 163，
                "674": 178，
                "673": 189，
                "672": 206，
                "671": 221，
                "670": 234，
                "669": 244，
                "668": 271，
                "667": 288，
                "666": 311，
                "665": 331，
                "664": 348，
                "663": 365，
                "662": 381，
                "661": 403，
                "660": 428，
                "659": 443，
                "658": 470，
                "657": 497，
                "656": 517，
                "655": 554，
                "654": 584，
                "653": 609，
                "652": 633，
                "651": 667，
                "650": 698，
                "649": 727，
                "648": 764，
                "647": 796，
                "646": 834，
                "645": 877，
                "644": 907，
                "643": 940，
                "642": 977，
                "641": 1011，
                "640": 1050，
                "639": 1092，
                "638": 1138，
                "637": 1182，
                "636": 1229，
                "635": 1279，
                "634": 1321，
                "633": 1367，
                "632": 1424，
                "631": 1474，
                "630": 1529，
                "629": 1586，
                "628": 1646，
                "627": 1700，
                "626": 1749，
                "625": 1797，
                "624": 1858，
                "623": 1924，
                "622": 1982，
                "621": 2036，
                "620": 2097，
                "619": 2167，
                "618": 2227，
                "617": 2284，
                "616": 2357，
                "615": 2413，
                "614": 2481，
                "613": 2546，
                "612": 2636，
                "611": 2716，
                "610": 2784，
                "609": 2854，
                "608": 2919，
                "607": 2984，
                "606": 3073，
                "605": 3152，
                "604": 3222，
                "603": 3316，
                "602": 3395，
                "601": 3475，
                "600": 3554，
                "599": 3649，
                "598": 3732，
                "597": 3808，
                "596": 3899，
                "595": 3991，
                "594": 4090，
                "593": 4181，
                "592": 4271，
                "591": 4361，
                "590": 4464，
                "589": 4571，
                "588": 4658，
                "587": 4739，
                "586": 4852，
                "585": 4949，
                "584": 5050，
                "583": 5148，
                "582": 5236，
                "581": 5335，
                "580": 5457，
                "579": 5567，
                "578": 5671，
                "577": 5798，
                "576": 5896，
                "575": 5996，
                "574": 6102，
                "573": 6204，
                "572": 6324，
                "571": 6444，
                "570": 6549，
                "569": 6672，
                "568": 6796，
                "567": 6898，
                "566": 7027，
                "565": 7141，
                "564": 7263，
                "563": 7385，
                "562": 7510，
                "561": 7636，
                "560": 7771，
                "559": 7890，
                "558": 8019，
                "557": 8144，
                "556": 8269，
                "555": 8406，
                "554": 8542，
                "553": 8679，
                "552": 8842，
                "551": 8998，
                "550": 9128，
                "549": 9294，
                "548": 9422，
                "547": 9566，
                "546": 9695，
                "545": 9828，
                "544": 9965，
                "543": 10101，
                "542": 10245，
                "541": 10388，
                "540": 10551，
                "539": 10683，
                "538": 10828，
                "537": 10972，
                "536": 11104，
                "535": 11267，
                "534": 11407，
                "533": 11565，
                "532": 11733，
                "531": 11893，
                "530": 12040，
                "529": 12184，
                "528": 12354，
                "527": 12519，
                "526": 12670，
                "525": 12830，
                "524": 13010，
                "523": 13168，
                "522": 13307，
                "521": 13482，
                "520": 13657，
                "519": 13843，
                "518": 14019，
                "517": 14179，
                "516": 14349，
                "515": 14548，
                "514": 14740，
                "513": 14914，
                "512": 15120，
                "511": 15291，
                "510": 15475，
                "509": 15639，
                "508": 15798，
                "507": 16012，
                "506": 16210，
                "505": 16401，
                "504": 16602，
                "503": 16778，
                "502": 16970，
                "501": 17140，
                "500": 17303，
                "499": 17505，
                "498": 17687，
                "497": 17870，
                "496": 18056，
                "495": 18259，
                "494": 18460，
                "493": 18641，
                "492": 18848，
                "491": 19020，
                "490": 19202，
                "489": 19398，
                "488": 19593，
                "487": 19794，
                "486": 20004，
                "485": 20189，
                "484": 20388，
                "483": 20573，
                "482": 20788，
                "481": 21010，
                "480": 21201，
                "479": 21443，
                "478": 21661，
                "477": 21860，
                "476": 22070，
                "475": 22267，
                "474": 22476，
                "473": 22699，
                "472": 22927，
                "471": 23125，
                "470": 23333，
                "469": 23542，
                "468": 23776，
                "467": 24017，
                "466": 24241，
                "465": 24460，
                "464": 24703，
                "463": 24909，
                "462": 25144，
                "461": 25377，
                "460": 25611，
                "459": 25870，
                "458": 26096，
                "457": 26308，
                "456": 26520，
                "455": 26755，
                "454": 26976，
                "453": 27201，
                "452": 27458，
                "451": 27703，
                "450": 27941，
                "449": 28186，
                "448": 28418，
                "447": 28652，
                "446": 28898，
                "445": 29128，
                "444": 29384，
                "443": 29615，
                "442": 29851，
                "441": 30107，
                "440": 30350，
                "439": 30600，
                "438": 30846，
                "437": 31099，
                "436": 31339，
                "435": 31607，
                "434": 31863，
                "433": 32105，
                "432": 32361，
                "431": 32601，
                "430": 32824，
                "429": 33080，
                "428": 33318，
                "427": 33585，
                "426": 33837，
                "425": 34071，
                "424": 34322，
                "423": 34566，
                "422": 34841，
                "421": 35077，
                "420": 35311，
                "419": 35521，
                "418": 35799，
                "417": 36045，
                "416": 36291，
                "415": 36555，
                "414": 36794，
                "413": 37071，
                "412": 37337，
                "411": 37606，
                "410": 37852，
                "409": 38101，
                "408": 38356，
                "407": 38590，
                "406": 38827，
                "405": 39085，
                "404": 39346，
                "403": 39600，
                "402": 39846，
                "401": 40085，
                "400": 40348，
                "399": 40621，
                "398": 40857，
                "397": 41111，
                "396": 41348，
                "395": 41590，
                "394": 41853，
                "393": 42108，
                "392": 42375，
                "391": 42617，
                "390": 42860，
                "389": 43114，
                "388": 43383，
                "387": 43624，
                "386": 43897，
                "385": 44132，
                "384": 44386，
                "383": 44640，
                "382": 44899，
                "381": 45161，
                "380": 45396，
                "379": 45631，
                "378": 45861，
                "377": 46065，
                "376": 46268，
                "375": 46526，
                "374": 46790，
                "373": 46996，
                "372": 47246，
                "371": 47482，
                "370": 47705，
                "369": 47946，
                "368": 48162，
                "367": 48395，
                "366": 48661，
                "365": 48878，
                "364": 49096，
                "363": 49327，
                "362": 49538，
                "361": 49760，
                "360": 49998，
                "359": 50210，
                "358": 50434，
                "357": 50682，
                "356": 50904，
                "355": 51136，
                "354": 51357，
                "353": 51596，
                "352": 51836，
                "351": 52068，
                "350": 52280，
                "349": 52473，
                "348": 52660，
                "347": 52873，
                "346": 53065，
                "345": 53284，
                "344": 53508，
                "343": 53701，
                "342": 53891，
                "341": 54070，
                "340": 54293，
                "339": 54476，
                "338": 54684，
                "337": 54880，
                "336": 55097，
                "335": 55286，
                "334": 55479，
                "333": 55679，
                "332": 55874，
                "331": 56022，
                "330": 56216，
                "329": 56403，
                "328": 56615，
                "327": 56781，
                "326": 56977，
                "325": 57169，
                "324": 57367，
                "323": 57556，
                "322": 57734，
                "321": 57916，
                "320": 58072，
                "319": 58244，
                "318": 58399，
                "317": 58580，
                "316": 58753，
                "315": 58916，
                "314": 59079，
                "313": 59247，
                "312": 59435，
                "311": 59598，
                "310": 59739，
                "309": 59915，
                "308": 60091，
                "307": 60248，
                "306": 60419，
                "305": 60566，
                "304": 60737，
                "303": 60911，
                "302": 61048，
                "301": 61207，
                "300": 61333，
                "299": 61472，
                "298": 61602，
                "297": 61737，
                "296": 61897，
                "295": 62017，
                "294": 62155，
                "293": 62309，
                "292": 62423，
                "291": 62582，
                "290": 62712，
                "289": 62837，
                "288": 62979，
                "287": 63112，
                "286": 63255，
                "285": 63379，
                "284": 63499，
                "283": 63618，
                "282": 63750，
                "281": 63852，
                "280": 63964，
                "279": 64081，
                "278": 64188，
                "277": 64303，
                "276": 64399，
                "275": 64510，
                "274": 64616，
                "273": 64713，
                "272": 64821，
                "271": 64924，
                "270": 65033，
                "269": 65142，
                "268": 65237，
                "267": 65347，
                "266": 65447，
                "265": 65562，
                "264": 65648，
                "263": 65754，
                "262": 65851，
                "261": 65949，
                "260": 66028，
                "259": 66120，
                "258": 66214，
                "257": 66298，
                "256": 66386，
                "255": 66469，
                "254": 66595，
                "253": 66682，
                "252": 66777，
                "251": 66862，
                "250": 66941，
                "249": 67029，
                "248": 67108，
                "247": 67184，
                "246": 67244，
                "245": 67319，
                "244": 67401，
                "243": 67477，
                "242": 67550，
                "241": 67624，
                "240": 67686，
                "239": 67756，
                "238": 67824，
                "237": 67878，
                "236": 67931，
                "235": 67987，
                "234": 68041，
                "233": 68093，
                "232": 68152，
                "231": 68223，
                "230": 68281，
                "229": 68328，
                "228": 68380，
                "227": 68422，
                "226": 68474，
                "225": 68526，
                "224": 68580，
                "223": 68646，
                "222": 68701，
                "221": 68730，
                "220": 68782，
                "219": 68826，
                "218": 68870，
                "217": 68910，
                "216": 68952，
                "215": 68996，
                "214": 69039，
                "213": 69073，
                "212": 69108，
                "211": 69139，
                "210": 69173，
                "209": 69206，
                "208": 69231，
                "207": 69262，
                "206": 69295，
                "205": 69332，
                "204": 69370，
                "203": 69400，
                "202": 69423，
                "201": 69456，
                "200": 69496，
                "199": 69531，
                "198": 69560，
                "197": 69593，
                "196": 69619，
                "195": 69649，
                "194": 69678，
                "193": 69709，
                "192": 69738，
                "191": 69756，
                "190": 69775，
                "189": 69794，
                "188": 69824，
                "187": 69845，
                "186": 69869，
                "185": 69890，
                "184": 69907，
                "183": 69928，
                "182": 69940，
                "181": 69951，
                "180": 69969，
                "179": 69989，
                "178": 69999，
                "177": 70014，
                "176": 70026，
                "175": 70042，
                "174": 70066，
                "173": 70079，
                "172": 70092，
                "171": 70100，
                "170": 70114，
                "169": 70127，
                "168": 70141，
                "167": 70154，
                "166": 70161，
                "165": 70170，
                "164": 70180，
                "163": 70187，
                "162": 70198，
                "161": 70203，
                "160": 70218，
                "159": 70221，
                "158": 70225，
                "157": 70235，
                "156": 70246，
                "155": 70252，
                "154": 70257，
                "153": 70265，
                "152": 70270，
                "151": 70276，
                "150": 70282，
                "149": 70285，
                "148": 70291，
                "147": 70297，
                "146": 70298，
                "145": 70302，
                "144": 70305，
                "143": 70309，
                "142": 70311，
                "141": 70313，
                "140": 70315，
                "139": 70318，
                "138": 70320，
                "137": 70325，
                "136": 70329，
                "135": 70333，
                "134": 70334，
                "133": 70339，
                "132": 70339，
                "131": 70342，
                "130": 70347，
                "129": 70350，
                "128": 70353，
                "127": 70357，
                "126": 70359，
                "125": 70360，
                "124": 70362，
                "123": 70363，
                "122": 70365，
                "121": 70367，
                "120": 70369，
                "119": 70370，
                "118": 70373，
                "117": 70375，
                "116": 70376，
                "115": 70376，
                "114": 70377，
                "113": 70380，
                "112": 70382，
                "111": 70383，
                "110": 70385，
                "109": 70385，
                "108": 70385，
                "107": 70386，
                "106": 70388，
                "105": 70389，
                "104": 70389，
                "103": 70391，
                "102": 70394，
                "101": 70396，
                "100": 70398，
                "99": 70399，
                "98": 70399，
                "97": 70399，
                "96": 70399，
                "95": 70399，
                "94": 70400，
                "93": 70401，
                "92": 70403，
                "91": 70404，
                "90": 70405，
                "89": 70406，
                "88": 70406，
                "87": 70406，
                "86": 70407，
                "85": 70408，
                "84": 70410，
                "83": 70410，
                "82": 70411，
                "81": 70411，
                "80": 70411，
                "79": 70411，
                "78": 70412，
                "77": 70413，
                "76": 70413，
                "75": 70414，
                "74": 70415，
                "73": 70415，
                "72": 70415，
                "71": 70415，
                "70": 70416，
                "69": 70417，
                "68": 70417，
                "67": 70418，
                "66": 70418，
                "65": 70418，
                "64": 70418，
                "63": 70418，
                "62": 70419，
                "61": 70421，
                "60": 70421，
                "59": 70421，
                "58": 70421，
                "57": 70421，
                "56": 70421，
                "55": 70421，
                "54": 70421，
                "53": 70421，
                "52": 70421，
                "51": 70421，
                "50": 70421，
                "49": 70422，
                "48": 70422，
                "47": 70423，
                "46": 70423，
                "45": 70423，
                "44": 70423，
                "43": 70424，
                "42": 70424，
                "41": 70424，
                "40": 70424，
                "39": 70427，
                "38": 70428，
                "37": 70428，
                "36": 70428，
                "35": 70428，
                "34": 70428，
                "33": 70428，
                "32": 70428，
                "31": 70428，
                "30": 70429，
                "29": 70430，
                "28": 70433，
                "27": 70433，
                "26": 70433，
                "25": 70434，
                "24": 70434，
                "23": 70434，
                "22": 70434，
                "21": 70434，
                "20": 70436，
                "19": 70436，
                "18": 70436，
                "17": 70438，
                "16": 70438，
                "15": 70438，
                "14": 70438，
                "13": 70439，
                "12": 70439，
                "11": 70440，
                "10": 70440，
                "9": 70440，
                "8": 70440，
                "7": 70440，
                "6": 70440，
                "5": 70440，
                "4": 70440，
                "3": 70441，
                "2": 70441，
                "1": 70441，
                "0": 71443"
            }
        }
    }
}