{
    "2017": {
        "广西": {
            "文科": {
                "653": 23，
                "652": 27，
                "651": 28，
                "650": 31，
                "649": 34，
                "648": 39，
                "647": 44，
                "646": 47，
                "645": 51，
                "644": 57，
                "643": 63，
                "642": 70，
                "641": 76，
                "640": 80，
                "639": 85，
                "638": 90，
                "637": 98，
                "636": 104，
                "635": 110，
                "634": 117，
                "633": 123，
                "632": 130，
                "631": 138，
                "630": 151，
                "629": 159，
                "628": 173，
                "627": 184，
                "626": 195，
                "625": 208，
                "624": 220，
                "623": 243，
                "622": 254，
                "621": 264，
                "620": 283，
                "619": 300，
                "618": 318，
                "617": 334，
                "616": 364，
                "615": 396，
                "614": 422，
                "613": 449，
                "612": 468，
                "611": 492，
                "610": 520，
                "609": 557，
                "608": 583，
                "607": 617，
                "606": 652，
                "605": 702，
                "604": 731，
                "603": 772，
                "602": 817，
                "601": 858，
                "600": 902，
                "599": 937，
                "598": 981，
                "597": 1029，
                "596": 1077，
                "595": 1122，
                "594": 1172，
                "593": 1216，
                "592": 1268，
                "591": 1320，
                "590": 1370，
                "589": 1435，
                "588": 1486，
                "587": 1547，
                "586": 1619，
                "585": 1672，
                "584": 1743，
                "583": 1807，
                "582": 1877，
                "581": 1942，
                "580": 2014，
                "579": 2084，
                "578": 2161，
                "577": 2230，
                "576": 2295，
                "575": 2386，
                "574": 2466，
                "573": 2536，
                "572": 2610，
                "571": 2700，
                "570": 2791，
                "569": 2877，
                "568": 2962，
                "567": 3068，
                "566": 3166，
                "565": 3273，
                "564": 3374，
                "563": 3471，
                "562": 3575，
                "561": 3681，
                "560": 3802，
                "559": 3909，
                "558": 4002，
                "557": 4115，
                "556": 4224，
                "555": 4333，
                "554": 4455，
                "553": 4595，
                "552": 4728，
                "551": 4852，
                "550": 4992，
                "549": 5111，
                "548": 5261，
                "547": 5389，
                "546": 5498，
                "545": 5659，
                "544": 5784，
                "543": 5946，
                "542": 6086，
                "541": 6228，
                "540": 6373，
                "539": 6530，
                "538": 6674，
                "537": 6816，
                "536": 6972，
                "535": 7145，
                "534": 7305，
                "533": 7493，
                "532": 7650，
                "531": 7825，
                "530": 8017，
                "529": 8185，
                "528": 8334，
                "527": 8483，
                "526": 8672，
                "525": 8867，
                "524": 9073，
                "523": 9263，
                "522": 9459，
                "521": 9652，
                "520": 9815，
                "519": 10009，
                "518": 10202，
                "517": 10405，
                "516": 10591，
                "515": 10773，
                "514": 10949，
                "513": 11147，
                "512": 11340，
                "511": 11550，
                "510": 11734，
                "509": 11928，
                "508": 12125，
                "507": 12337，
                "506": 12537，
                "505": 12756，
                "504": 12968，
                "503": 13168，
                "502": 13382，
                "501": 13626，
                "500": 13847"
            }
        }
    }
}