{
    "2017": {
        "广东": {
            "文科": {
                "660": 3,
                "659": 3,
                "658": 3,
                "657": 3,
                "656": 3,
                "655": 5,
                "654": 5,
                "653": 5,
                "652": 5,
                "651": 5,
                "650": 7,
                "649": 8,
                "648": 9,
                "647": 10,
                "646": 11,
                "645": 15,
                "644": 17,
                "643": 19,
                "642": 21,
                "641": 23,
                "640": 28,
                "639": 31,
                "638": 34,
                "637": 37,
                "636": 40,
                "635": 45,
                "634": 53,
                "633": 61,
                "632": 69,
                "631": 77,
                "630": 85,
                "629": 94,
                "628": 103,
                "627": 112,
                "626": 121,
                "625": 130,
                "624": 143,
                "623": 156,
                "622": 169,
                "621": 182,
                "620": 196,
                "619": 218,
                "618": 240,
                "617": 262,
                "616": 284,
                "615": 308,
                "614": 337,
                "613": 366,
                "612": 395,
                "611": 424,
                "610": 453,
                "609": 483,
                "608": 513,
                "607": 543,
                "606": 573,
                "605": 605,
                "604": 648,
                "603": 691,
                "602": 734,
                "601": 777,
                "600": 823,
                "599": 876,
                "598": 929,
                "597": 982,
                "596": 1035,
                "595": 1088,
                "594": 1149,
                "593": 1210,
                "592": 1271,
                "591": 1332,
                "590": 1397,
                "589": 1473,
                "588": 1549,
                "587": 1625,
                "586": 1701,
                "585": 1777,
                "584": 1869,
                "583": 1961,
                "582": 2053,
                "581": 2145,
                "580": 2237,
                "579": 2347,
                "578": 2457,
                "577": 2567,
                "576": 2677,
                "575": 2788,
                "574": 2913,
                "573": 3038,
                "572": 3163,
                "571": 3288,
                "570": 3416,
                "569": 3561,
                "568": 3706,
                "567": 3851,
                "566": 3996,
                "565": 4145,
                "564": 4320,
                "563": 4495,
                "562": 4670,
                "561": 4845,
                "560": 5023,
                "559": 5225,
                "558": 5427,
                "557": 5629,
                "556": 5831,
                "555": 6037,
                "554": 6273,
                "553": 6509,
                "552": 6745,
                "551": 6981,
                "550": 7219,
                "549": 7463,
                "548": 7707,
                "547": 7951,
                "546": 8195,
                "545": 8441,
                "544": 8715,
                "543": 8989,
                "542": 9263,
                "541": 9537,
                "540": 9814,
                "539": 10134,
                "538": 10454,
                "537": 10774,
                "536": 11094,
                "535": 11418,
                "534": 11768,
                "533": 12118,
                "532": 12468,
                "531": 12818,
                "530": 13170,
                "529": 13549,
                "528": 13928,
                "527": 14307,
                "526": 14686,
                "525": 15066,
                "524": 15495,
                "523": 15924,
                "522": 16353,
                "521": 16782,
                "520": 17215,
                "519": 17674,
                "518": 18133,
                "517": 18592,
                "516": 19051,
                "515": 19512,
                "514": 20021,
                "513": 20530,
                "512": 21039,
                "511": 21548,
                "510": 22060,
                "509": 22597,
                "508": 23134,
                "507": 23671,
                "506": 24208,
                "505": 24746,
                "504": 25313,
                "503": 25880,
                "502": 26447,
                "501": 27014,
                "500": 27581,
                "499": 28195,
                "498": 28809,
                "497": 29423,
                "496": 30037,
                "495": 30652,
                "494": 31272,
                "493": 31892,
                "492": 32512,
                "491": 33132,
                "490": 33753,
                "489": 34424,
                "488": 35095,
                "487": 35766,
                "486": 36437,
                "485": 37108,
                "484": 37827,
                "483": 38546,
                "482": 39265,
                "481": 39984,
                "480": 40707,
                "479": 41440,
                "478": 42173,
                "477": 42906,
                "476": 43639,
                "475": 44374,
                "474": 45112,
                "473": 45850,
                "472": 46588,
                "471": 47326,
                "470": 48067,
                "469": 48886,
                "468": 49705,
                "467": 50524,
                "466": 51343,
                "465": 52162,
                "464": 52972,
                "463": 53782,
                "462": 54592,
                "461": 55402,
                "460": 56213,
                "459": 57043,
                "458": 57873,
                "457": 58703,
                "456": 59533,
                "455": 60365,
                "454": 61194,
                "453": 62023,
                "452": 62852,
                "451": 63681,
                "450": 64511,
                "449": 65414,
                "448": 66317,
                "447": 67220,
                "446": 68123,
                "445": 69030,
                "444": 69953,
                "443": 70876,
                "442": 71799,
                "441": 72722,
                "440": 73648,
                "439": 74593,
                "438": 75538,
                "437": 76483,
                "436": 77428,
                "435": 78373,
                "434": 79337,
                "433": 80301,
                "432": 81265,
                "431": 82229,
                "430": 83197,
                "429": 84160,
                "428": 85123,
                "427": 86086,
                "426": 87049,
                "425": 88015,
                "424": 89008,
                "423": 90001,
                "422": 90994,
                "421": 91987,
                "420": 92980,
                "419": 93962,
                "418": 94944,
                "417": 95926,
                "416": 96908,
                "415": 97894,
                "414": 98880,
                "413": 99866,
                "412": 100852,
                "411": 101838,
                "410": 102826,
                "409": 103847,
                "408": 104868,
                "407": 105889,
                "406": 106910,
                "405": 107933,
                "404": 108943,
                "403": 109953,
                "402": 110963,
                "401": 111973,
                "400": 112983,
                "399": 114028,
                "398": 115073,
                "397": 116118,
                "396": 117163,
                "395": 118211,
                "394": 119240,
                "393": 120269,
                "392": 121298,
                "391": 122327,
                "390": 123358,
                "389": 124419,
                "388": 125480,
                "387": 126541,
                "386": 127602,
                "385": 128665,
                "384": 129700,
                "383": 130735,
                "382": 131770,
                "381": 132805,
                "380": 133842,
                "379": 134898,
                "378": 135954,
                "377": 137010,
                "376": 138066,
                "375": 139126,
                "374": 140184,
                "373": 141242,
                "372": 142300,
                "371": 143358,
                "370": 144420,
                "369": 145491,
                "368": 146562,
                "367": 147633,
                "366": 148704,
                "365": 149777,
                "364": 150825,
                "363": 151873,
                "362": 152921,
                "361": 153969,
                "360": 155020,
                "359": 156086,
                "358": 157152,
                "357": 158218,
                "356": 159284,
                "355": 160353,
                "354": 161415,
                "353": 162477,
                "352": 163539,
                "351": 164601,
                "350": 165664,
                "349": 166708,
                "348": 167752,
                "347": 168796,
                "346": 169840,
                "345": 170884,
                "344": 171915,
                "343": 172946,
                "342": 173977,
                "341": 175008,
                "340": 176042,
                "339": 177097,
                "338": 178152,
                "337": 179207,
                "336": 180262,
                "335": 181319,
                "334": 182388,
                "333": 183457,
                "332": 184526,
                "331": 185595,
                "330": 186665,
                "329": 187718,
                "328": 188771,
                "327": 189824,
                "326": 190877,
                "325": 191933,
                "324": 192991,
                "323": 194049,
                "322": 195107,
                "321": 196165,
                "320": 197223,
                "319": 198278,
                "318": 199333,
                "317": 200388,
                "316": 201443,
                "315": 202502,
                "314": 203494,
                "313": 204486,
                "312": 205478,
                "311": 206470,
                "310": 207465,
                "309": 208471,
                "308": 209477,
                "307": 210483,
                "306": 211489,
                "305": 212497,
                "304": 213507,
                "303": 214517,
                "302": 215527,
                "301": 216537,
                "300": 217547,
                "299": 218565,
                "298": 219583,
                "297": 220601,
                "296": 221619,
                "295": 222641,
                "294": 223625,
                "293": 224609,
                "292": 225593,
                "291": 226577,
                "290": 227565,
                "289": 228553,
                "288": 229541,
                "287": 230529,
                "286": 231517,
                "285": 232509,
                "284": 233489,
                "283": 234469,
                "282": 235449,
                "281": 236429,
                "280": 237410,
                "279": 238321,
                "278": 239232,
                "277": 240143,
                "276": 241054,
                "275": 241969,
                "274": 242898,
                "273": 243827,
                "272": 244756,
                "271": 245685,
                "270": 246617,
                "269": 247525,
                "268": 248433,
                "267": 249341,
                "266": 250249,
                "265": 251158,
                "264": 252031,
                "263": 252904,
                "262": 253777,
                "261": 254650,
                "260": 255524,
                "259": 256381,
                "258": 257238,
                "257": 258095,
                "256": 258952,
                "255": 259812,
                "254": 260656,
                "253": 261500,
                "252": 262344,
                "251": 263188,
                "250": 264033,
                "249": 264837,
                "248": 265641,
                "247": 266445,
                "246": 267249,
                "245": 268054,
                "244": 268820,
                "243": 269586,
                "242": 270352,
                "241": 271118,
                "240": 271884,
                "239": 272607,
                "238": 273330,
                "237": 274053,
                "236": 274776,
                "235": 275500,
                "234": 276213,
                "233": 276926,
                "232": 277639,
                "231": 278352,
                "230": 279065,
                "229": 279735,
                "228": 280405,
                "227": 281075,
                "226": 281745,
                "225": 282417,
                "224": 283053,
                "223": 283689,
                "222": 284325,
                "221": 284961,
                "220": 285597,
                "219": 286200,
                "218": 286803,
                "217": 287406,
                "216": 288009,
                "215": 288614,
                "214": 289174,
                "213": 289734,
                "212": 290294,
                "211": 290854,
                "210": 291416,
                "209": 291956,
                "208": 292496,
                "207": 293036,
                "206": 293576,
                "205": 294117,
                "204": 294606,
                "203": 295095,
                "202": 295584,
                "201": 296073,
                "200": 296566,
                "199": 297028,
                "198": 297490,
                "197": 297952,
                "196": 298414,
                "195": 298879,
                "194": 299310,
                "193": 299741,
                "192": 300172,
                "191": 300603,
                "190": 301036,
                "189": 301442,
                "188": 301848,
                "187": 302254,
                "186": 302660,
                "185": 303070,
                "184": 303435,
                "183": 303800,
                "182": 304165,
                "181": 304530,
                "180": 304899,
                "179": 305229,
                "178": 305559,
                "177": 305889,
                "176": 306219,
                "175": 306551,
                "174": 306860,
                "173": 307169,
                "172": 307478,
                "171": 307787,
                "170": 308096,
                "169": 308360,
                "168": 308624,
                "167": 308888,
                "166": 309152,
                "165": 309416,
                "164": 309669,
                "163": 309922,
                "162": 310175,
                "161": 310428,
                "160": 310683,
                "159": 310897,
                "158": 311111,
                "157": 311325,
                "156": 311539,
                "155": 311757,
                "154": 311959,
                "153": 312161,
                "152": 312363,
                "151": 312565,
                "150": 312771
            }
        }
    }
}