{
    "2017": {
        "北京": {
            "文科": {
                "690": 1,
                "689": 2,
                "688": 2,
                "687": 2,
                "686": 3,
                "685": 4,
                "684": 5,
                "683": 7,
                "682": 9,
                "681": 10,
                "680": 10,
                "679": 10,
                "678": 11,
                "677": 15,
                "676": 15,
                "675": 17,
                "674": 21,
                "673": 26,
                "672": 28,
                "671": 31,
                "670": 33,
                "669": 37,
                "668": 48,
                "667": 52,
                "666": 58,
                "665": 62,
                "664": 71,
                "663": 77,
                "662": 87,
                "661": 91,
                "660": 100,
                "659": 112,
                "658": 125,
                "657": 135,
                "656": 143,
                "655": 156,
                "654": 160,
                "653": 174,
                "652": 186,
                "651": 196,
                "650": 212,
                "649": 233,
                "648": 249,
                "647": 262,
                "646": 280,
                "645": 299,
                "644": 315,
                "643": 329,
                "642": 339,
                "641": 357,
                "640": 376,
                "639": 397,
                "638": 419,
                "637": 446,
                "636": 463,
                "635": 489,
                "634": 504,
                "633": 535,
                "632": 557,
                "631": 576,
                "630": 603,
                "629": 633,
                "628": 668,
                "627": 686,
                "626": 715,
                "625": 746,
                "624": 774,
                "623": 797,
                "622": 820,
                "621": 849,
                "620": 901,
                "619": 920,
                "618": 955,
                "617": 977,
                "616": 1009,
                "615": 1057,
                "614": 1082,
                "613": 1117,
                "612": 1146,
                "611": 1186,
                "610": 1225,
                "609": 1255,
                "608": 1294,
                "607": 1330,
                "606": 1370,
                "605": 1413,
                "604": 1460,
                "603": 1503,
                "602": 1539,
                "601": 1586,
                "600": 1624,
                "599": 1667,
                "598": 1708,
                "597": 1745,
                "596": 1789,
                "595": 1844,
                "594": 1894,
                "593": 1948,
                "592": 1990,
                "591": 2038,
                "590": 2093,
                "589": 2149,
                "588": 2212,
                "587": 2272,
                "586": 2324,
                "585": 2385,
                "584": 2449,
                "583": 2495,
                "582": 2536,
                "581": 2591,
                "580": 2647,
                "579": 2704,
                "578": 2755,
                "577": 2805,
                "576": 2863,
                "575": 2915,
                "574": 2957,
                "573": 3008,
                "572": 3054,
                "571": 3106,
                "570": 3172,
                "569": 3228,
                "568": 3277,
                "567": 3322,
                "566": 3380,
                "565": 3437,
                "564": 3502,
                "563": 3545,
                "562": 3609,
                "561": 3660,
                "560": 3712,
                "559": 3779,
                "558": 3835,
                "557": 3884,
                "556": 3938,
                "555": 3990,
                "554": 4055,
                "553": 4126,
                "552": 4181,
                "551": 4251,
                "550": 4304,
                "549": 4357,
                "548": 4419,
                "547": 4480,
                "546": 4540,
                "545": 4613,
                "544": 4679,
                "543": 4742,
                "542": 4806,
                "541": 4879,
                "540": 4942,
                "539": 4998,
                "538": 5055,
                "537": 5111,
                "536": 5162,
                "535": 5221,
                "534": 5274,
                "533": 5337,
                "532": 5402,
                "531": 5475,
                "530": 5539,
                "529": 5611,
                "528": 5669,
                "527": 5729,
                "526": 5781,
                "525": 5845,
                "524": 5907,
                "523": 5959,
                "522": 6020,
                "521": 6095,
                "520": 6163,
                "519": 6229,
                "518": 6299,
                "517": 6366,
                "516": 6426,
                "515": 6486,
                "514": 6571,
                "513": 6642,
                "512": 6707,
                "511": 6762,
                "510": 6820,
                "509": 6882,
                "508": 6945,
                "507": 7011,
                "506": 7060,
                "505": 7123,
                "504": 7185,
                "503": 7252,
                "502": 7323,
                "501": 7373,
                "500": 7436,
                "499": 7504,
                "498": 7563,
                "497": 7640,
                "496": 7705,
                "495": 7765,
                "494": 7818,
                "493": 7866,
                "492": 7935,
                "491": 7992,
                "490": 8064,
                "489": 8125,
                "488": 8195,
                "487": 8252,
                "486": 8319,
                "485": 8367,
                "484": 8430,
                "483": 8471,
                "482": 8511,
                "481": 8569,
                "480": 8624,
                "479": 8686,
                "478": 8737,
                "477": 8799,
                "476": 8854,
                "475": 8908,
                "474": 8959,
                "473": 9006,
                "472": 9065,
                "471": 9101,
                "470": 9161,
                "469": 9217,
                "468": 9270,
                "467": 9314,
                "466": 9370,
                "465": 9435,
                "464": 9488,
                "463": 9545,
                "462": 9616,
                "461": 9675,
                "460": 9720,
                "459": 9775,
                "458": 9825,
                "457": 9874,
                "456": 9919,
                "455": 9972,
                "454": 10013,
                "453": 10059,
                "452": 10109,
                "451": 10158,
                "450": 10203,
                "449": 10245,
                "448": 10289,
                "447": 10328,
                "446": 10364,
                "445": 10413,
                "444": 10456,
                "443": 10501,
                "442": 10549,
                "441": 10585,
                "440": 10632,
                "439": 10669,
                "438": 10711,
                "437": 10752,
                "436": 10797,
                "435": 10844,
                "434": 10882,
                "433": 10923,
                "432": 10966,
                "431": 11009,
                "430": 11053,
                "429": 11096,
                "428": 11140,
                "427": 11182,
                "426": 11223,
                "425": 11266,
                "424": 11309,
                "423": 11351,
                "422": 11391,
                "421": 11436,
                "420": 11478,
                "419": 11518,
                "418": 11554,
                "417": 11591,
                "416": 11632,
                "415": 11671,
                "414": 11714,
                "413": 11748,
                "412": 11784,
                "411": 11824,
                "410": 11853,
                "409": 11890,
                "408": 11924,
                "407": 11951,
                "406": 11986,
                "405": 12017,
                "404": 12058,
                "403": 12084,
                "402": 12118,
                "401": 12150,
                "400": 12200,
                "399": 12237,
                "398": 12272,
                "397": 12307,
                "396": 12339,
                "395": 12373,
                "394": 12411,
                "393": 12440,
                "392": 12471,
                "391": 12495,
                "390": 12518,
                "389": 12544,
                "388": 12572,
                "387": 12596,
                "386": 12623,
                "385": 12648,
                "384": 12672,
                "383": 12701,
                "382": 12727,
                "381": 12755,
                "380": 12786,
                "379": 12810,
                "378": 12837,
                "377": 12859,
                "376": 12882,
                "375": 12911,
                "374": 12936,
                "373": 12960,
                "372": 12981,
                "371": 13007,
                "370": 13033,
                "369": 13058,
                "368": 13080,
                "367": 13103,
                "366": 13124,
                "365": 13150,
                "364": 13172,
                "363": 13192,
                "362": 13216,
                "361": 13238,
                "360": 13260,
                "359": 13280,
                "358": 13301,
                "357": 13319,
                "356": 13338,
                "355": 13360,
                "354": 13380,
                "353": 13401,
                "352": 13422,
                "351": 13442,
                "350": 13462,
                "349": 13480,
                "348": 13496,
                "347": 13513,
                "346": 13529,
                "345": 13547,
                "344": 13562,
                "343": 13579,
                "342": 13595,
                "341": 13613,
                "340": 13629,
                "339": 13647,
                "338": 13662,
                "337": 13682,
                "336": 13699,
                "335": 13716,
                "334": 13732,
                "333": 13747,
                "332": 13766,
                "331": 13782,
                "330": 13797,
                "329": 13812,
                "328": 13824,
                "327": 13840,
                "326": 13853,
                "325": 13864,
                "324": 13878,
                "323": 13891,
                "322": 13906,
                "321": 13921,
                "320": 13935,
                "319": 13948,
                "318": 13961,
                "317": 13978,
                "316": 13992,
                "315": 14002,
                "314": 14013,
                "313": 14027,
                "312": 14040,
                "311": 14056,
                "310": 14072,
                "309": 14086,
                "308": 14099,
                "307": 14111,
                "306": 14126,
                "305": 14138,
                "304": 14149,
                "303": 14161,
                "302": 14175,
                "301": 14188,
                "300": 14201,
                "299": 14212,
                "298": 14221,
                "297": 14231,
                "296": 14238,
                "295": 14246,
                "294": 14255,
                "293": 14261,
                "292": 14272,
                "291": 14281,
                "290": 14292,
                "289": 14301,
                "288": 14308,
                "287": 14314,
                "286": 14322,
                "285": 14327,
                "284": 14334,
                "283": 14341,
                "282": 14347,
                "281": 14355,
                "280": 14362,
                "279": 14368,
                "278": 14373,
                "277": 14380,
                "276": 14386,
                "275": 14390,
                "274": 14396,
                "273": 14402,
                "272": 14408,
                "271": 14414,
                "270": 14420,
                "269": 14425,
                "268": 14431,
                "267": 14436,
                "266": 14442,
                "265": 14447,
                "264": 14452,
                "263": 14457,
                "262": 14462,
                "261": 14467,
                "260": 14472,
                "259": 14476,
                "258": 14479,
                "257": 14483,
                "256": 14486,
                "255": 14489,
                "254": 14492,
                "253": 14495,
                "252": 14498,
                "251": 14501,
                "250": 14504,
                "249": 14509,
                "248": 14514,
                "247": 14519,
                "246": 14524,
                "245": 14529,
                "244": 14534,
                "243": 14539,
                "242": 14544,
                "241": 14549,
                "240": 14554,
                "239": 14558,
                "238": 14562,
                "237": 14566,
                "236": 14570,
                "235": 14574,
                "234": 14577,
                "233": 14581,
                "232": 14585,
                "231": 14589,
                "230": 14593,
                "229": 14597,
                "228": 14600,
                "227": 14605,
                "226": 14609,
                "225": 14612,
                "224": 14615,
                "223": 14618,
                "222": 14621,
                "221": 14624,
                "220": 14627,
                "219": 14629,
                "218": 14632,
                "217": 14634,
                "216": 14636,
                "215": 14638,
                "214": 14640,
                "213": 14642,
                "212": 14644,
                "211": 14646,
                "210": 14648,
                "209": 14650,
                "208": 14652,
                "207": 14655,
                "206": 14659,
                "205": 14661,
                "204": 14661,
                "203": 14666,
                "202": 14668,
                "201": 14670,
                "200": 14672,
                "199": 14673,
                "198": 14676,
                "197": 14677,
                "196": 14679,
                "195": 14681,
                "194": 14682,
                "193": 14682,
                "192": 14683,
                "191": 14685,
                "190": 14686,
                "189": 14687,
                "188": 14688,
                "187": 14689,
                "186": 14690,
                "185": 14691,
                "184": 14692,
                "183": 14693,
                "182": 14694,
                "181": 14695,
                "180": 14696,
                "179": 14697,
                "178": 14698,
                "177": 14699,
                "176": 14700,
                "175": 14701,
                "174": 14702,
                "173": 14702,
                "172": 14702,
                "171": 14703,
                "170": 14704,
                "169": 14705,
                "168": 14706,
                "167": 14707,
                "166": 14708,
                "165": 14709,
                "164": 14710,
                "163": 14711,
                "162": 14712,
                "161": 14713,
                "160": 14714,
                "159": 14715,
                "158": 14716,
                "157": 14717,
                "156": 14718,
                "155": 14718,
                "154": 14719,
                "153": 14719,
                "152": 14719,
                "151": 14719,
                "150": 14719,
                "149": 14719,
                "148": 14719,
                "147": 14719,
                "146": 14720,
                "145": 14720,
                "144": 14720,
                "143": 14721,
                "142": 14721,
                "141": 14721,
                "140": 14722,
                "139": 14722,
                "138": 14722,
                "137": 14723,
                "136": 14723,
                "135": 14724,
                "134": 14725,
                "133": 14725,
                "132": 14725,
                "131": 14725,
                "130": 14725,
                "129": 14725,
                "128": 14725,
                "127": 14725,
                "126": 14725,
                "125": 14725,
                "124": 14726,
                "123": 14726,
                "122": 14726,
                "121": 14726,
                "120": 14726,
                "119": 14726,
                "118": 14726,
                "117": 14727,
                "116": 14728,
                "115": 14728,
                "114": 14728,
                "113": 14729,
                "112": 14729,
                "111": 14729,
                "110": 14729,
                "109": 14729,
                "108": 14730,
                "107": 14730,
                "106": 14731,
                "105": 14732,
                "104": 14733,
                "103": 14733,
                "102": 14733,
                "101": 14733,
                "100": 14733,
                "99": 14733,
                "98": 14733,
                "97": 14734,
                "96": 14735,
                "95": 14736,
                "94": 14736,
                "93": 14736,
                "92": 14736,
                "91": 14736,
                "90": 14736,
                "89": 14736,
                "88": 14736,
                "87": 14736,
                "86": 14737,
                "85": 14738,
                "84": 14739,
                "83": 14740,
                "82": 14740,
                "81": 14740,
                "80": 14740,
                "79": 14741,
                "78": 14742,
                "77": 14743,
                "76": 14743,
                "75": 14743,
                "74": 14743,
                "73": 14743,
                "72": 14743,
                "71": 14743,
                "70": 14743,
                "69": 14743,
                "68": 14744,
                "67": 14745,
                "66": 14745,
                "65": 14745,
                "64": 14745,
                "63": 14745,
                "62": 14745,
                "61": 14745,
                "60": 14745,
                "59": 14745,
                "58": 14745,
                "57": 14745,
                "56": 14746,
                "55": 14746,
                "54": 14746,
                "53": 14747,
                "52": 14747,
                "51": 14747,
                "50": 14747,
                "49": 14747,
                "48": 14747,
                "47": 14747,
                "46": 14747,
                "45": 14747,
                "44": 14747,
                "43": 14747,
                "42": 14747,
                "41": 14747,
                "40": 14747,
                "39": 14747,
                "38": 14747,
                "37": 14747,
                "36": 14747,
                "35": 14747,
                "34": 14748,
                "33": 14748,
                "32": 14749,
                "31": 14749,
                "30": 14749,
                "29": 14750,
                "28": 14751,
                "27": 14751,
                "26": 14751,
                "25": 14751,
                "24": 14751,
                "23": 14751,
                "22": 14751,
                "21": 14751,
                "20": 14751,
                "19": 14751,
                "18": 14751,
                "17": 14752,
                "16": 14752,
                "15": 14752,
                "14": 14753,
                "13": 14754,
                "12": 14755,
                "11": 14755,
                "10": 14755,
                "9": 14755,
                "8": 14761,
                "7": 14761,
                "6": 14762,
                "5": 14776,
                "4": 14776,
                "3": 14779,
                "2": 14781,
                "1": 14781,
                "0": 15402
            }
        }
    }
}