{
    "2017": {
        "江苏": {
            "文科": {
                "411": 14,
                "410": 18,
                "409": 21,
                "408": 23,
                "407": 26,
                "406": 27,
                "405": 34,
                "404": 35,
                "403": 37,
                "402": 43,
                "401": 49,
                "400": 56,
                "399": 64,
                "398": 78,
                "397": 84,
                "396": 89,
                "395": 106,
                "394": 119,
                "393": 134,
                "392": 165,
                "391": 190,
                "390": 216,
                "389": 243,
                "388": 270,
                "387": 295,
                "386": 323,
                "385": 360,
                "384": 397,
                "383": 442,
                "382": 488,
                "381": 547,
                "380": 601,
                "379": 669,
                "378": 740,
                "377": 813,
                "376": 897,
                "375": 971,
                "374": 1067,
                "373": 1168,
                "372": 1260,
                "371": 1374,
                "370": 1474,
                "369": 1594,
                "368": 1755,
                "367": 1941,
                "366": 2096,
                "365": 2264,
                "364": 2443,
                "363": 2624,
                "362": 2839,
                "361": 3050,
                "360": 3280,
                "359": 3537,
                "358": 3776,
                "357": 4009,
                "356": 4279,
                "355": 4552,
                "354": 4862,
                "353": 5197,
                "352": 5520,
                "351": 5875,
                "350": 6276,
                "349": 6658,
                "348": 7046,
                "347": 7445,
                "346": 7877,
                "345": 8340,
                "344": 8819,
                "343": 9331,
                "342": 9844,
                "341": 10362,
                "340": 10917,
                "339": 11474,
                "338": 12074,
                "337": 12661,
                "336": 13273,
                "335": 13935,
                "334": 14591,
                "333": 15264,
                "332": 15899,
                "331": 16613,
                "330": 17300,
                "329": 17994,
                "328": 18730,
                "327": 19462,
                "326": 20201,
                "325": 20953,
                "324": 21707,
                "323": 22484,
                "322": 23309,
                "321": 24100,
                "320": 24922,
                "319": 25729,
                "318": 26460,
                "317": 27254,
                "316": 28051,
                "315": 28880,
                "314": 29676,
                "313": 30466,
                "312": 31303,
                "311": 32050,
                "310": 32813,
                "309": 33567,
                "308": 34362,
                "307": 35122,
                "306": 35896,
                "305": 36659,
                "304": 37357,
                "303": 38093,
                "302": 38869,
                "301": 39533,
                "300": 40221,
                "299": 40845,
                "298": 41497,
                "297": 42102,
                "296": 42743,
                "295": 43373,
                "294": 43958,
                "293": 44523,
                "292": 45103,
                "291": 45645,
                "290": 46176,
                "289": 46702,
                "288": 47161,
                "287": 47648,
                "286": 48112,
                "285": 48558,
                "284": 49002,
                "283": 49426,
                "282": 49786,
                "281": 50164,
                "280": 50517,
                "279": 50853,
                "278": 51182,
                "277": 51533,
                "276": 51801,
                "275": 52082,
                "274": 52365,
                "273": 52633,
                "272": 52888,
                "271": 53129
            }
        }
    }
}