{
    "2017": {
        "黑龙江": {
            "文科": {
                "648": 1,
                "647": 1,
                "646": 1,
                "645": 1,
                "644": 2,
                "643": 2,
                "642": 3,
                "641": 4,
                "640": 8,
                "639": 10,
                "638": 10,
                "637": 11,
                "636": 12,
                "635": 13,
                "634": 13,
                "633": 16,
                "632": 22,
                "631": 25,
                "630": 27,
                "629": 31,
                "628": 35,
                "627": 39,
                "626": 42,
                "625": 46,
                "624": 53,
                "623": 56,
                "622": 63,
                "621": 68,
                "620": 74,
                "619": 81,
                "618": 86,
                "617": 91,
                "616": 93,
                "615": 101,
                "614": 107,
                "613": 111,
                "612": 118,
                "611": 127,
                "610": 135,
                "609": 148,
                "608": 155,
                "607": 164,
                "606": 174,
                "605": 184,
                "604": 194,
                "603": 207,
                "602": 215,
                "601": 230,
                "600": 237,
                "599": 250,
                "598": 264,
                "597": 274,
                "596": 287,
                "595": 299,
                "594": 311,
                "593": 326,
                "592": 339,
                "591": 350,
                "590": 364,
                "589": 380,
                "588": 398,
                "587": 419,
                "586": 439,
                "585": 459,
                "584": 475,
                "583": 498,
                "582": 514,
                "581": 541,
                "580": 555,
                "579": 574,
                "578": 594,
                "577": 612,
                "576": 639,
                "575": 661,
                "574": 681,
                "573": 708,
                "572": 733,
                "571": 757,
                "570": 785,
                "569": 813,
                "568": 844,
                "567": 878,
                "566": 924,
                "565": 965,
                "564": 997,
                "563": 1025,
                "562": 1055,
                "561": 1095,
                "560": 1127,
                "559": 1159,
                "558": 1199,
                "557": 1233,
                "556": 1265,
                "555": 1297,
                "554": 1339,
                "553": 1384,
                "552": 1427,
                "551": 1471,
                "550": 1511,
                "549": 1548,
                "548": 1611,
                "547": 1661,
                "546": 1714,
                "545": 1766,
                "544": 1819,
                "543": 1874,
                "542": 1933,
                "541": 1985,
                "540": 2044,
                "539": 2093,
                "538": 2148,
                "537": 2200,
                "536": 2249,
                "535": 2298,
                "534": 2345,
                "533": 2416,
                "532": 2475,
                "531": 2540,
                "530": 2600,
                "529": 2673,
                "528": 2731,
                "527": 2821,
                "526": 2888,
                "525": 2965,
                "524": 3042,
                "523": 3123,
                "522": 3197,
                "521": 3284,
                "520": 3356,
                "519": 3440,
                "518": 3513,
                "517": 3585,
                "516": 3674,
                "515": 3762,
                "514": 3829,
                "513": 3916,
                "512": 3988,
                "511": 4062,
                "510": 4149,
                "509": 4226,
                "508": 4315,
                "507": 4389,
                "506": 4470,
                "505": 4562,
                "504": 4653,
                "503": 4735,
                "502": 4817,
                "501": 4890,
                "500": 4968,
                "499": 5075,
                "498": 5178,
                "497": 5264,
                "496": 5361,
                "495": 5457,
                "494": 5567,
                "493": 5667,
                "492": 5755,
                "491": 5853,
                "490": 5952,
                "489": 6068,
                "488": 6175,
                "487": 6284,
                "486": 6394,
                "485": 6492,
                "484": 6627,
                "483": 6743,
                "482": 6847,
                "481": 6953,
                "480": 7065,
                "479": 7182,
                "478": 7294,
                "477": 7400,
                "476": 7522,
                "475": 7655,
                "474": 7777,
                "473": 7909,
                "472": 8033,
                "471": 8146,
                "470": 8289,
                "469": 8428,
                "468": 8548,
                "467": 8688,
                "466": 8813,
                "465": 8946,
                "464": 9070,
                "463": 9216,
                "462": 9357,
                "461": 9477,
                "460": 9616,
                "459": 9748,
                "458": 9884,
                "457": 10023,
                "456": 10152,
                "455": 10299,
                "454": 10470,
                "453": 10616,
                "452": 10768,
                "451": 10911,
                "450": 11057,
                "449": 11201,
                "448": 11352,
                "447": 11499,
                "446": 11648,
                "445": 11804,
                "444": 11954,
                "443": 12110,
                "442": 12266,
                "441": 12429,
                "440": 12586,
                "439": 12746,
                "438": 12905,
                "437": 13071,
                "436": 13236,
                "435": 13393,
                "434": 13545,
                "433": 13714,
                "432": 13868,
                "431": 14041,
                "430": 14190,
                "429": 14352,
                "428": 14514,
                "427": 14678,
                "426": 14860,
                "425": 15015,
                "424": 15188,
                "423": 15350,
                "422": 15515,
                "421": 15693,
                "420": 15874,
                "419": 16047,
                "418": 16224,
                "417": 16391,
                "416": 16555,
                "415": 16732,
                "414": 16899,
                "413": 17068,
                "412": 17236,
                "411": 17403,
                "410": 17601,
                "409": 17779,
                "408": 17953,
                "407": 18126,
                "406": 18310,
                "405": 18480,
                "404": 18658,
                "403": 18844,
                "402": 19055,
                "401": 19245,
                "400": 19437,
                "399": 19592,
                "398": 19744,
                "397": 19936,
                "396": 20133,
                "395": 20308,
                "394": 20494,
                "393": 20682,
                "392": 20884,
                "391": 21071,
                "390": 21260,
                "389": 21434,
                "388": 21641,
                "387": 21827,
                "386": 22007,
                "385": 22203,
                "384": 22387,
                "383": 22607,
                "382": 22791,
                "381": 23015,
                "380": 23213,
                "379": 23414,
                "378": 23581,
                "377": 23772,
                "376": 23959,
                "375": 24146,
                "374": 24340,
                "373": 24548,
                "372": 24741,
                "371": 24947,
                "370": 25135,
                "369": 25324,
                "368": 25510,
                "367": 25707,
                "366": 25891,
                "365": 26077,
                "364": 26267,
                "363": 26462,
                "362": 26660,
                "361": 26843,
                "360": 27043,
                "359": 27240,
                "358": 27462,
                "357": 27675,
                "356": 27886,
                "355": 28116,
                "354": 28313,
                "353": 28509,
                "352": 28717,
                "351": 28933,
                "350": 29150,
                "349": 29359,
                "348": 29568,
                "347": 29769,
                "346": 29979,
                "345": 30193,
                "344": 30416,
                "343": 30614,
                "342": 30854,
                "341": 31105,
                "340": 31306,
                "339": 31522,
                "338": 31722,
                "337": 31945,
                "336": 32166,
                "335": 32364,
                "334": 32577,
                "333": 32778,
                "332": 33014,
                "331": 33229,
                "330": 33440,
                "329": 33676,
                "328": 33886,
                "327": 34120,
                "326": 34336,
                "325": 34571,
                "324": 34817,
                "323": 35057,
                "322": 35284,
                "321": 35523,
                "320": 35780,
                "319": 36008,
                "318": 36251,
                "317": 36494,
                "316": 36721,
                "315": 36965,
                "314": 37211,
                "313": 37466,
                "312": 37694,
                "311": 37898,
                "310": 38163,
                "309": 38374,
                "308": 38606,
                "307": 38853,
                "306": 39114,
                "305": 39333,
                "304": 39554,
                "303": 39803,
                "302": 40026,
                "301": 40269,
                "300": 40507,
                "299": 40757,
                "298": 41045,
                "297": 41277,
                "296": 41511,
                "295": 41742,
                "294": 41968,
                "293": 42196,
                "292": 42427,
                "291": 42665,
                "290": 42920,
                "289": 43164,
                "288": 43383,
                "287": 43623,
                "286": 43883,
                "285": 44119,
                "284": 44372,
                "283": 44585,
                "282": 44829,
                "281": 45066,
                "280": 45319,
                "279": 45561,
                "278": 45814,
                "277": 46011,
                "276": 46257,
                "275": 46492,
                "274": 46716,
                "273": 46970,
                "272": 47217,
                "271": 47450,
                "270": 47659,
                "269": 47874,
                "268": 48109,
                "267": 48321,
                "266": 48532,
                "265": 48751,
                "264": 48967,
                "263": 49154,
                "262": 49343,
                "261": 49560,
                "260": 49780,
                "259": 50000,
                "258": 50211,
                "257": 50413,
                "256": 50623,
                "255": 50819,
                "254": 51000,
                "253": 51190,
                "252": 51399,
                "251": 51576,
                "250": 51751,
                "249": 51952,
                "248": 52140,
                "247": 52311,
                "246": 52497,
                "245": 52675,
                "244": 52855,
                "243": 53037,
                "242": 53207,
                "241": 53403,
                "240": 53563,
                "239": 53729,
                "238": 53886,
                "237": 54033,
                "236": 54198,
                "235": 54340,
                "234": 54509,
                "233": 54672,
                "232": 54846,
                "231": 55021,
                "230": 55165,
                "229": 55320,
                "228": 55475,
                "227": 55617,
                "226": 55757,
                "225": 55910,
                "224": 56056,
                "223": 56197,
                "222": 56317,
                "221": 56449,
                "220": 56586,
                "219": 56720,
                "218": 56849,
                "217": 56988,
                "216": 57110,
                "215": 57230,
                "214": 57359,
                "213": 57483,
                "212": 57583,
                "211": 57689,
                "210": 57795,
                "209": 57909,
                "208": 57998,
                "207": 58095,
                "206": 58201,
                "205": 58293,
                "204": 58403,
                "203": 58493,
                "202": 58595,
                "201": 58672,
                "200": 58749,
                "199": 58833,
                "198": 58919,
                "197": 59002,
                "196": 59086,
                "195": 59160,
                "194": 59249,
                "193": 59326,
                "192": 59410,
                "191": 59492,
                "190": 59546,
                "189": 59607,
                "188": 59679,
                "187": 59760,
                "186": 59815,
                "185": 59876,
                "184": 59953,
                "183": 60011,
                "182": 60072,
                "181": 60133,
                "180": 60181,
                "179": 60228,
                "178": 60290,
                "177": 60356,
                "176": 60407,
                "175": 60451,
                "174": 60495,
                "173": 60532,
                "172": 60572,
                "171": 60624,
                "170": 60676,
                "169": 60716,
                "168": 60754,
                "167": 60787,
                "166": 60826,
                "165": 60855,
                "164": 60896,
                "163": 60918,
                "162": 60948,
                "161": 60984,
                "160": 61012,
                "159": 61045,
                "158": 61084,
                "157": 61110,
                "156": 61126,
                "155": 61142,
                "154": 61164,
                "153": 61188,
                "152": 61217,
                "151": 61241,
                "150": 61266,
                "149": 61289,
                "148": 61308,
                "147": 61324,
                "146": 61344,
                "145": 61363,
                "144": 61380,
                "143": 61400,
                "142": 61418,
                "141": 61432,
                "140": 61446,
                "139": 61460,
                "138": 61471,
                "137": 61483,
                "136": 61497,
                "135": 61508,
                "134": 61517,
                "133": 61526,
                "132": 61542,
                "131": 61551,
                "130": 61565,
                "129": 61576,
                "128": 61587,
                "127": 61598,
                "126": 61607,
                "125": 61618,
                "124": 61627,
                "123": 61635,
                "122": 61640,
                "121": 61646,
                "120": 61648,
                "119": 61655,
                "118": 61668,
                "117": 61676,
                "116": 61684,
                "115": 61688,
                "114": 61694,
                "113": 61699,
                "112": 61714,
                "111": 61719,
                "110": 61726,
                "109": 61730,
                "108": 61738,
                "107": 61741,
                "106": 61743,
                "105": 61746,
                "104": 61751,
                "103": 61756,
                "102": 61762,
                "101": 61764,
                "100": 61770,
                "99": 61772,
                "98": 61778,
                "97": 61782,
                "96": 61785,
                "95": 61787,
                "94": 61793,
                "93": 61797,
                "92": 61802,
                "91": 61806,
                "90": 61809,
                "89": 61812,
                "88": 61816,
                "87": 61821,
                "86": 61823,
                "85": 61823,
                "84": 61824,
                "83": 61826,
                "82": 61829,
                "81": 61831,
                "80": 61831,
                "79": 61831,
                "78": 61832,
                "77": 61833,
                "76": 61833,
                "75": 61835,
                "74": 61836,
                "73": 61836,
                "72": 61837,
                "71": 61838,
                "70": 61839,
                "69": 61841,
                "68": 61844,
                "67": 61846,
                "66": 61846,
                "65": 61846,
                "64": 61846,
                "63": 61847,
                "62": 61848,
                "61": 61848,
                "60": 61849,
                "59": 61849,
                "58": 61851,
                "57": 61851,
                "56": 61852,
                "55": 61852,
                "54": 61852,
                "53": 61852,
                "52": 61854,
                "51": 61855,
                "50": 61856,
                "49": 61858,
                "48": 61859,
                "47": 61861,
                "46": 61861,
                "45": 61861,
                "44": 61864,
                "43": 61864,
                "42": 61865,
                "41": 61866,
                "40": 61866,
                "39": 61867
            }
        }
    }
}