{
    "2017": {
        "河南": {
            "文科": {
                "670": 2,
                "669": 4,
                "668": 4,
                "667": 5,
                "666": 6,
                "665": 8,
                "664": 8,
                "663": 9,
                "662": 10,
                "661": 10,
                "660": 10,
                "659": 10,
                "658": 11,
                "657": 12,
                "656": 14,
                "655": 18,
                "654": 21,
                "653": 25,
                "652": 26,
                "651": 29,
                "650": 31,
                "649": 34,
                "648": 36,
                "647": 44,
                "646": 45,
                "645": 49,
                "644": 55,
                "643": 60,
                "642": 64,
                "641": 68,
                "640": 76,
                "639": 85,
                "638": 93,
                "637": 103,
                "636": 110,
                "635": 115,
                "634": 129,
                "633": 146,
                "632": 161,
                "631": 177,
                "630": 191,
                "629": 213,
                "628": 234,
                "627": 260,
                "626": 281,
                "625": 299,
                "624": 334,
                "623": 359,
                "622": 385,
                "621": 407,
                "620": 442,
                "619": 464,
                "618": 494,
                "617": 527,
                "616": 562,
                "615": 601,
                "614": 632,
                "613": 678,
                "612": 721,
                "611": 768,
                "610": 807,
                "609": 869,
                "608": 911,
                "607": 970,
                "606": 1029,
                "605": 1078,
                "604": 1134,
                "603": 1183,
                "602": 1236,
                "601": 1297,
                "600": 1363,
                "599": 1428,
                "598": 1495,
                "597": 1569,
                "596": 1663,
                "595": 1740,
                "594": 1819,
                "593": 1899,
                "592": 1991,
                "591": 2070,
                "590": 2174
            }
        }
    }
}