{
    "2017": {
        "安徽": {
            "文科": {
                "662": 1,
                "661": 1,
                "660": 1,
                "659": 1,
                "658": 1,
                "657": 1,
                "656": 2,
                "655": 2,
                "654": 2,
                "653": 4,
                "652": 5,
                "651": 5,
                "650": 8,
                "649": 10,
                "648": 12,
                "647": 12,
                "646": 16,
                "645": 21,
                "644": 23,
                "643": 29,
                "642": 32,
                "641": 39,
                "640": 46,
                "639": 50,
                "638": 57,
                "637": 60,
                "636": 66,
                "635": 79,
                "634": 89,
                "633": 98,
                "632": 106,
                "631": 114,
                "630": 124,
                "629": 133,
                "628": 149,
                "627": 161,
                "626": 177,
                "625": 187,
                "624": 205,
                "623": 223,
                "622": 245,
                "621": 266,
                "620": 287,
                "619": 313,
                "618": 332,
                "617": 353,
                "616": 374,
                "615": 398,
                "614": 422,
                "613": 456,
                "612": 489,
                "611": 516,
                "610": 537,
                "609": 560,
                "608": 456,
                "607": 631,
                "606": 671,
                "605": 708,
                "604": 744,
                "603": 794,
                "602": 834,
                "601": 881,
                "600": 920,
                "599": 963,
                "598": 1012,
                "597": 1067,
                "596": 1119,
                "595": 1164,
                "594": 1215,
                "593": 1271,
                "592": 1330,
                "591": 1383,
                "590": 1458,
                "589": 1522,
                "588": 1583,
                "587": 1660,
                "586": 1729,
                "585": 1810,
                "584": 1898,
                "583": 1980,
                "582": 2080,
                "581": 2162,
                "580": 2258,
                "579": 2355,
                "578": 2453,
                "577": 2568,
                "576": 2691,
                "575": 2797,
                "574": 2926,
                "573": 3030,
                "572": 3137,
                "571": 3264,
                "570": 3398,
                "569": 3527,
                "568": 3661,
                "567": 3790,
                "566": 3930,
                "565": 4053,
                "564": 4175,
                "563": 4337,
                "562": 4468,
                "561": 4628,
                "560": 4786,
                "559": 4939,
                "558": 5116,
                "557": 5286,
                "556": 5471,
                "555": 5655,
                "554": 5833,
                "553": 6027,
                "552": 6214,
                "551": 6400,
                "550": 6574,
                "549": 6784,
                "548": 7005,
                "547": 7230,
                "546": 7440,
                "545": 7662,
                "544": 7887,
                "543": 8126,
                "542": 8379,
                "541": 8617,
                "540": 8853,
                "539": 9080,
                "538": 9329,
                "537": 9564,
                "536": 9827,
                "535": 10085,
                "534": 10370,
                "533": 10652,
                "532": 10922,
                "531": 11197,
                "530": 11492,
                "529": 11813,
                "528": 12119,
                "527": 12430,
                "526": 12790,
                "525": 13118,
                "524": 13445,
                "523": 13827,
                "522": 14167,
                "521": 14517,
                "520": 14867,
                "519": 15243,
                "518": 15599,
                "517": 15983,
                "516": 16327,
                "515": 16710
            }
        }
    }
}