{
    "2017": {
        "山西": {
            "理科": {
                "661": 11,
                "660": 15,
                "659": 16,
                "658": 17,
                "657": 18,
                "656": 23,
                "655": 29,
                "654": 32,
                "653": 37,
                "652": 41,
                "651": 46,
                "650": 53,
                "649": 57,
                "648": 62,
                "647": 66,
                "646": 73,
                "645": 80,
                "644": 86,
                "643": 93,
                "642": 103,
                "641": 112,
                "640": 119,
                "639": 133,
                "638": 142,
                "637": 149,
                "636": 159,
                "635": 175,
                "634": 188,
                "633": 204,
                "632": 219,
                "631": 236,
                "630": 247,
                "629": 260,
                "628": 275,
                "627": 293,
                "626": 309,
                "625": 333,
                "624": 349,
                "623": 370,
                "622": 392,
                "621": 413,
                "620": 433,
                "619": 461,
                "618": 486,
                "617": 520,
                "616": 545,
                "615": 580,
                "614": 609,
                "613": 646,
                "612": 679,
                "611": 721,
                "610": 754,
                "609": 781,
                "608": 827,
                "607": 869,
                "606": 918,
                "605": 963,
                "604": 1005,
                "603": 1037,
                "602": 1089,
                "601": 1139,
                "600": 1189,
                "599": 1239,
                "598": 1288,
                "597": 1343,
                "596": 1404,
                "595": 1476,
                "594": 1533,
                "593": 1597,
                "592": 1664,
                "591": 1729,
                "590": 1799,
                "589": 1857,
                "588": 1923,
                "587": 1992,
                "586": 2078,
                "585": 2152,
                "584": 2232,
                "583": 2317,
                "582": 2380,
                "581": 2469,
                "580": 2565,
                "579": 2647,
                "578": 2747,
                "577": 2839,
                "576": 2962,
                "575": 3076,
                "574": 3178,
                "573": 3281,
                "572": 3386,
                "571": 3511,
                "570": 3628,
                "569": 3747,
                "568": 3858,
                "567": 3995,
                "566": 4121,
                "565": 4231,
                "564": 4379,
                "563": 4532,
                "562": 4680,
                "561": 4836,
                "560": 4975,
                "559": 5147,
                "558": 5323,
                "557": 5489,
                "556": 5661,
                "555": 5816,
                "554": 5970,
                "553": 6153,
                "552": 6330,
                "551": 6523,
                "550": 6713,
                "549": 6905,
                "548": 7090,
                "547": 7277,
                "546": 7468,
                "545": 7671,
                "544": 7875,
                "543": 8072,
                "542": 8252,
                "541": 8486,
                "540": 8709,
                "539": 8930,
                "538": 9130,
                "537": 9348,
                "536": 9590,
                "535": 9801,
                "534": 10057,
                "533": 10342,
                "532": 10605,
                "531": 10870,
                "530": 11096,
                "529": 11325,
                "528": 11585,
                "527": 11853,
                "526": 12114,
                "525": 12436,
                "524": 12713,
                "523": 12989,
                "522": 13264,
                "521": 13553,
                "520": 13839,
                "519": 14135,
                "518": 14434,
                "517": 14787,
                "516": 15088,
                "515": 15393,
                "514": 15714,
                "513": 16060,
                "512": 16390,
                "511": 16724,
                "510": 17070,
                "509": 17444,
                "508": 17792,
                "507": 18150,
                "506": 18494,
                "505": 18872,
                "504": 19268,
                "503": 19666,
                "502": 20051,
                "501": 20458,
                "500": 20838,
                "499": 21231,
                "498": 21646,
                "497": 22064,
                "496": 22456,
                "495": 22838,
                "494": 23248,
                "493": 23669,
                "492": 24054,
                "491": 24470,
                "490": 24909,
                "489": 25328,
                "488": 25801,
                "487": 26242,
                "486": 26734,
                "485": 27203,
                "484": 27662,
                "483": 28137,
                "482": 28609,
                "481": 29079,
                "480": 29604,
                "479": 30099,
                "478": 30580,
                "477": 31086,
                "476": 31593,
                "475": 32130,
                "474": 32639,
                "473": 33204,
                "472": 33736,
                "471": 34279,
                "470": 34811,
                "469": 35352,
                "468": 35924,
                "467": 36455,
                "466": 36967,
                "465": 37506,
                "464": 38088,
                "463": 38656,
                "462": 39261,
                "461": 39882,
                "460": 40440,
                "459": 41026,
                "458": 41611,
                "457": 42232,
                "456": 42841,
                "455": 43441,
                "454": 44042,
                "453": 44652,
                "452": 45282,
                "451": 45851,
                "450": 46440,
                "449": 47083,
                "448": 47741,
                "447": 48427,
                "446": 49052,
                "445": 49656,
                "444": 50276,
                "443": 50937,
                "442": 51575,
                "441": 52260,
                "440": 52848,
                "439": 53469,
                "438": 54075,
                "437": 54721,
                "436": 55435,
                "435": 56127,
                "434": 56780,
                "433": 57447,
                "432": 58121,
                "431": 58789,
                "430": 59471,
                "429": 60174,
                "428": 60805,
                "427": 61464,
                "426": 62137,
                "425": 62804,
                "424": 63466,
                "423": 64132,
                "422": 64804,
                "421": 65473,
                "420": 66151,
                "419": 66817,
                "418": 67528,
                "417": 68213,
                "416": 68901,
                "415": 69571,
                "414": 70261,
                "413": 70920,
                "412": 71589,
                "411": 72262,
                "410": 72955,
                "409": 73644,
                "408": 74297,
                "407": 74964,
                "406": 75593,
                "405": 76312,
                "404": 77025,
                "403": 77683,
                "402": 78314,
                "401": 78975,
                "400": 79625
            }
        }
    }
}