{
    "2017": {
        "北京": {
            "理科": {
                "705": 1,
                "704": 1,
                "703": 2,
                "702": 2,
                "701": 2,
                "700": 3,
                "699": 3,
                "698": 3,
                "697": 4,
                "696": 6,
                "695": 8,
                "694": 10,
                "693": 14,
                "692": 20,
                "691": 24,
                "690": 27,
                "689": 34,
                "688": 42,
                "687": 50,
                "686": 56,
                "685": 63,
                "684": 69,
                "683": 73,
                "682": 88,
                "681": 103,
                "680": 116,
                "679": 125,
                "678": 149,
                "677": 166,
                "676": 182,
                "675": 195,
                "674": 212,
                "673": 236,
                "672": 261,
                "671": 287,
                "670": 317,
                "669": 341,
                "668": 378,
                "667": 411,
                "666": 443,
                "665": 474,
                "664": 516,
                "663": 559,
                "662": 614,
                "661": 661,
                "660": 700,
                "659": 746,
                "658": 805,
                "657": 867,
                "656": 917,
                "655": 964,
                "654": 1041,
                "653": 1088,
                "652": 1161,
                "651": 1231,
                "650": 1292,
                "649": 1363,
                "648": 1437,
                "647": 1510,
                "646": 1576,
                "645": 1637,
                "644": 1721,
                "643": 1810,
                "642": 1886,
                "641": 1988,
                "640": 2083,
                "639": 2165,
                "638": 2267,
                "637": 2353,
                "636": 2437,
                "635": 2548,
                "634": 2645,
                "633": 2737,
                "632": 2827,
                "631": 2928,
                "630": 3026,
                "629": 3132,
                "628": 3235,
                "627": 3359,
                "626": 3460,
                "625": 3566,
                "624": 3684,
                "623": 3794,
                "622": 3925,
                "621": 4059,
                "620": 4191,
                "619": 4302,
                "618": 4416,
                "617": 4529,
                "616": 4647,
                "615": 4773,
                "614": 4889,
                "613": 5015,
                "612": 5132,
                "611": 5274,
                "610": 5415,
                "609": 5546,
                "608": 5689,
                "607": 5806,
                "606": 5938,
                "605": 6069,
                "604": 6222,
                "603": 6352,
                "602": 6486,
                "601": 6630,
                "600": 6779,
                "599": 6913,
                "598": 7072,
                "597": 7200,
                "596": 7334,
                "595": 7473,
                "594": 7604,
                "593": 7728,
                "592": 7886,
                "591": 8014,
                "590": 8148,
                "589": 8304,
                "588": 8459,
                "587": 8610,
                "586": 8757,
                "585": 8911,
                "584": 9056,
                "583": 9200,
                "582": 9339,
                "581": 9489,
                "580": 9640,
                "579": 9797,
                "578": 9944,
                "577": 10086,
                "576": 10262,
                "575": 10422,
                "574": 10598,
                "573": 10743,
                "572": 10912,
                "571": 11049,
                "570": 11189,
                "569": 11346,
                "568": 11485,
                "567": 11639,
                "566": 11796,
                "565": 11946,
                "564": 12096,
                "563": 12245,
                "562": 12411,
                "561": 12562,
                "560": 12713,
                "559": 12862,
                "558": 13019,
                "557": 13177,
                "556": 13352,
                "555": 13513,
                "554": 13665,
                "553": 13832,
                "552": 13969,
                "551": 14111,
                "550": 14282,
                "549": 14463,
                "548": 14602,
                "547": 14755,
                "546": 14939,
                "545": 15103,
                "544": 15259,
                "543": 15424,
                "542": 15590,
                "541": 15752,
                "540": 15885,
                "539": 16009,
                "538": 16174,
                "537": 16342,
                "536": 16495,
                "535": 16640,
                "534": 16797,
                "533": 16953,
                "532": 17095,
                "531": 17233,
                "530": 17382,
                "529": 17540,
                "528": 17684,
                "527": 17833,
                "526": 17966,
                "525": 18119,
                "524": 18259,
                "523": 18387,
                "522": 18531,
                "521": 18696,
                "520": 18848,
                "519": 19009,
                "518": 19153,
                "517": 19317,
                "516": 19442,
                "515": 19583,
                "514": 19715,
                "513": 19850,
                "512": 19997,
                "511": 20117,
                "510": 20264,
                "509": 20395,
                "508": 20536,
                "507": 20684,
                "506": 20840,
                "505": 20964,
                "504": 21084,
                "503": 21193,
                "502": 21328,
                "501": 21455,
                "500": 21571,
                "499": 21704,
                "498": 21846,
                "497": 21967,
                "496": 22091,
                "495": 22219,
                "494": 22333,
                "493": 22466,
                "492": 22601,
                "491": 22735,
                "490": 22860,
                "489": 22986,
                "488": 23094,
                "487": 23228,
                "486": 23344,
                "485": 23429,
                "484": 23529,
                "483": 23641,
                "482": 23750,
                "481": 23862,
                "480": 23978,
                "479": 24084,
                "478": 24204,
                "477": 24314,
                "476": 24419,
                "475": 24510,
                "474": 24617,
                "473": 24711,
                "472": 24821,
                "471": 24925,
                "470": 25022,
                "469": 25134,
                "468": 25233,
                "467": 25332,
                "466": 25431,
                "465": 25530,
                "464": 25622,
                "463": 25723,
                "462": 25819,
                "461": 25896,
                "460": 25970,
                "459": 26068,
                "458": 26147,
                "457": 26231,
                "456": 26309,
                "455": 26407,
                "454": 26488,
                "453": 26569,
                "452": 26648,
                "451": 26723,
                "450": 26798,
                "449": 26862,
                "448": 26939,
                "447": 27018,
                "446": 27088,
                "445": 27177,
                "444": 27245,
                "443": 27315,
                "442": 27376,
                "441": 27440,
                "440": 27519,
                "439": 27573,
                "438": 27641,
                "437": 27707,
                "436": 27780,
                "435": 27852,
                "434": 27917,
                "433": 27988,
                "432": 28055,
                "431": 28107,
                "430": 28165,
                "429": 28219,
                "428": 28271,
                "427": 28323,
                "426": 28373,
                "425": 28426,
                "424": 28479,
                "423": 28531,
                "422": 28583,
                "421": 28635,
                "420": 28689,
                "419": 28737,
                "418": 28785,
                "417": 28833,
                "416": 28879,
                "415": 28927,
                "414": 28974,
                "413": 29022,
                "412": 29069,
                "411": 29117,
                "410": 29165,
                "409": 29207,
                "408": 29249,
                "407": 29291,
                "406": 29333,
                "405": 29375,
                "404": 29417,
                "403": 29459,
                "402": 29501,
                "401": 29543,
                "400": 29586,
                "399": 29627,
                "398": 29668,
                "397": 29709,
                "396": 29750,
                "395": 29791,
                "394": 29832,
                "393": 29871,
                "392": 29911,
                "391": 29952,
                "390": 29993,
                "389": 30025,
                "388": 30057,
                "387": 30089,
                "386": 30121,
                "385": 30153,
                "384": 30185,
                "383": 30217,
                "382": 30249,
                "381": 30281,
                "380": 30312,
                "379": 30342,
                "378": 30372,
                "377": 30402,
                "376": 30432,
                "375": 30462,
                "374": 30492,
                "373": 30522,
                "372": 30552,
                "371": 30582,
                "370": 30609,
                "369": 30635,
                "368": 30661,
                "367": 30687,
                "366": 30713,
                "365": 30739,
                "364": 30765,
                "363": 30791,
                "362": 30817,
                "361": 30841,
                "360": 30867,
                "359": 30890,
                "358": 30913,
                "357": 30936,
                "356": 30959,
                "355": 30982,
                "354": 31005,
                "353": 31028,
                "352": 31051,
                "351": 31074,
                "350": 31096,
                "349": 31114,
                "348": 31132,
                "347": 31150,
                "346": 31168,
                "345": 31186,
                "344": 31204,
                "343": 31222,
                "342": 31240,
                "341": 31258,
                "340": 31276,
                "339": 31295,
                "338": 31312,
                "337": 31327,
                "336": 31345,
                "335": 31361,
                "334": 31378,
                "333": 31392,
                "332": 31409,
                "331": 31426,
                "330": 31443,
                "329": 31459,
                "328": 31473,
                "327": 31487,
                "326": 31501,
                "325": 31515,
                "324": 31529,
                "323": 31543,
                "322": 31557,
                "321": 31571,
                "320": 31585,
                "319": 31598,
                "318": 31611,
                "317": 31625,
                "316": 31638,
                "315": 31651,
                "314": 31661,
                "313": 31674,
                "312": 31686,
                "311": 31698,
                "310": 31711,
                "309": 31723,
                "308": 31735,
                "307": 31747,
                "306": 31759,
                "305": 31771,
                "304": 31783,
                "303": 31795,
                "302": 31807,
                "301": 31818,
                "300": 31829,
                "299": 31839,
                "298": 31848,
                "297": 31857,
                "296": 31866,
                "295": 31875,
                "294": 31884,
                "293": 31893,
                "292": 31900,
                "291": 31908,
                "290": 31917,
                "289": 31925,
                "288": 31935,
                "287": 31943,
                "286": 31951,
                "285": 31959,
                "284": 31967,
                "283": 31975,
                "282": 31983,
                "281": 31991,
                "280": 31999,
                "279": 32006,
                "278": 32011,
                "277": 32017,
                "276": 32023,
                "275": 32028,
                "274": 32033,
                "273": 32038,
                "272": 32043,
                "271": 32048,
                "270": 32053,
                "269": 32059,
                "268": 32064,
                "267": 32071,
                "266": 32076,
                "265": 32079,
                "264": 32084,
                "263": 32093,
                "262": 32098,
                "261": 32103,
                "260": 32108,
                "259": 32111,
                "258": 32114,
                "257": 32117,
                "256": 32120,
                "255": 32123,
                "254": 32126,
                "253": 32129,
                "252": 32132,
                "251": 32133,
                "250": 32136,
                "249": 32139,
                "248": 32142,
                "247": 32145,
                "246": 32148,
                "245": 32151,
                "244": 32154,
                "243": 32157,
                "242": 32160,
                "241": 32161,
                "240": 32164,
                "239": 32167,
                "238": 32170,
                "237": 32173,
                "236": 32176,
                "235": 32179,
                "234": 32182,
                "233": 32185,
                "232": 32188,
                "231": 32190,
                "230": 32190,
                "229": 32192,
                "228": 32194,
                "227": 32196,
                "226": 32198,
                "225": 32200,
                "224": 32202,
                "223": 32204,
                "222": 32206,
                "221": 32208,
                "220": 32209,
                "219": 32211,
                "218": 32213,
                "217": 32215,
                "216": 32217,
                "215": 32219,
                "214": 32221,
                "213": 32223,
                "212": 32224,
                "211": 32224,
                "210": 32225,
                "209": 32226,
                "208": 32228,
                "207": 32229,
                "206": 32230,
                "205": 32231,
                "204": 32232,
                "203": 32233,
                "202": 32234,
                "201": 32235,
                "200": 32236,
                "199": 32237,
                "198": 32238,
                "197": 32239,
                "196": 32240,
                "195": 32241,
                "194": 32242,
                "193": 32243,
                "192": 32243,
                "191": 32243,
                "190": 32244,
                "189": 32245,
                "188": 32246,
                "187": 32247,
                "186": 32248,
                "185": 32250,
                "184": 32252,
                "183": 32253,
                "182": 32254,
                "181": 32255,
                "180": 32256,
                "179": 32257,
                "178": 32258,
                "177": 32259,
                "176": 32260,
                "175": 32260,
                "174": 32261,
                "173": 32262,
                "172": 32262,
                "171": 32262,
                "170": 32262,
                "169": 32262,
                "168": 32262,
                "167": 32262,
                "166": 32262,
                "165": 32263,
                "164": 32263,
                "163": 32263,
                "162": 32263,
                "161": 32263,
                "160": 32263,
                "159": 32263,
                "158": 32263,
                "157": 32264,
                "156": 32264,
                "155": 32265,
                "154": 32266,
                "153": 32267,
                "152": 32267,
                "151": 32268,
                "150": 32268,
                "149": 32268,
                "148": 32268,
                "147": 32268,
                "146": 32268,
                "145": 32270,
                "144": 32270,
                "143": 32270,
                "142": 32270,
                "141": 32270,
                "140": 32270,
                "139": 32271,
                "138": 32272,
                "137": 32273,
                "136": 32274,
                "135": 32275,
                "134": 32276,
                "133": 32277,
                "132": 32278,
                "131": 32279,
                "130": 32281,
                "129": 32282,
                "128": 32283,
                "127": 32284,
                "126": 32285,
                "125": 32286,
                "124": 32287,
                "123": 32288,
                "122": 32288,
                "121": 32288,
                "120": 32288,
                "119": 32288,
                "118": 32288,
                "117": 32289,
                "116": 32290,
                "115": 32291,
                "114": 32291,
                "113": 32291,
                "112": 32292,
                "111": 32293,
                "110": 32294,
                "109": 32295,
                "108": 32296,
                "107": 32297,
                "106": 32298,
                "105": 32299,
                "104": 32300,
                "103": 32301,
                "102": 32302,
                "101": 32302,
                "100": 32302,
                "99": 32303,
                "98": 32304,
                "97": 32305,
                "96": 32306,
                "95": 32307,
                "94": 32308,
                "93": 32309,
                "92": 32310,
                "91": 32310,
                "90": 32310,
                "89": 32310,
                "88": 32310,
                "87": 32310,
                "86": 32311,
                "85": 32313,
                "84": 32313,
                "83": 32314,
                "82": 32315,
                "81": 32315,
                "80": 32315,
                "79": 32315,
                "78": 32315,
                "77": 32315,
                "76": 32315,
                "75": 32319,
                "74": 32319,
                "73": 32320,
                "72": 32320,
                "71": 32320,
                "70": 32320,
                "69": 32321,
                "68": 32322,
                "67": 32323,
                "66": 32324,
                "65": 32325,
                "64": 32325,
                "63": 32326,
                "62": 32326,
                "61": 32326,
                "60": 32326,
                "59": 32326,
                "58": 32326,
                "57": 32326,
                "56": 32329,
                "55": 32329,
                "54": 32331,
                "53": 32331,
                "52": 32331,
                "51": 32331,
                "50": 32331,
                "49": 32331,
                "48": 32331,
                "47": 32331,
                "46": 32331,
                "45": 32331,
                "44": 32334,
                "43": 32335,
                "42": 32335,
                "41": 32335,
                "40": 32335,
                "39": 32335,
                "38": 32335,
                "37": 32337,
                "36": 32338,
                "35": 32338,
                "34": 32338,
                "33": 32338,
                "32": 32338,
                "31": 32338,
                "30": 32338,
                "29": 32338,
                "28": 32338,
                "27": 32338,
                "26": 32338,
                "25": 32338,
                "24": 32338,
                "23": 32338,
                "22": 32338,
                "21": 32338,
                "20": 32338,
                "19": 32339,
                "18": 32340,
                "17": 32341,
                "16": 32341,
                "15": 32342,
                "14": 32342,
                "13": 32343,
                "12": 32344,
                "11": 32345,
                "10": 32346,
                "9": 32346,
                "8": 32346,
                "7": 32346,
                "6": 32348,
                "5": 32349,
                "4": 32349,
                "3": 32372,
                "2": 32372,
                "1": 32372,
                "0": 33369
            }
        }
    }
}