{
    "2017": {
        "山东": {
            "文科": {
                "651": 2118,
                "650": 2249,
                "649": 2387,
                "648": 2535,
                "647": 2685,
                "646": 2831,
                "645": 2982,
                "644": 3142,
                "643": 3304,
                "642": 3490,
                "641": 3681,
                "640": 3850,
                "639": 4038,
                "638": 4238,
                "637": 4411,
                "636": 4626,
                "635": 4841,
                "634": 5042,
                "633": 5256,
                "632": 5476,
                "631": 5739,
                "630": 5996,
                "629": 6225,
                "628": 6481,
                "627": 6722,
                "626": 7001,
                "625": 7281,
                "624": 7586,
                "623": 7917,
                "622": 8237,
                "621": 8562,
                "620": 8902,
                "619": 9250,
                "618": 9594,
                "617": 9923,
                "616": 10286,
                "615": 10663,
                "614": 11045,
                "613": 11444,
                "612": 11840,
                "611": 12236,
                "610": 12632,
                "609": 13020,
                "608": 13454,
                "607": 13869,
                "606": 14276,
                "605": 14697,
                "604": 15172,
                "603": 15651,
                "602": 16112,
                "601": 16581,
                "600": 17106,
                "599": 17632,
                "598": 18142,
                "597": 18641,
                "596": 19178,
                "595": 19716,
                "594": 20254,
                "593": 20792,
                "592": 21353,
                "591": 21936,
                "590": 22501,
                "589": 23125,
                "588": 23722,
                "587": 24321,
                "586": 24937,
                "585": 25539,
                "584": 26143,
                "583": 26799,
                "582": 27399,
                "581": 28061,
                "580": 28746,
                "579": 29444,
                "578": 30127,
                "577": 30841,
                "576": 31510,
                "575": 32236,
                "574": 32975,
                "573": 33759,
                "572": 34490,
                "571": 35258,
                "570": 36011,
                "569": 36740,
                "568": 37529,
                "567": 38325,
                "566": 39110,
                "565": 39885,
                "564": 40731,
                "563": 41532,
                "562": 42359,
                "561": 43182,
                "560": 44024,
                "559": 44890,
                "558": 45736,
                "557": 46608,
                "556": 47542,
                "555": 48436,
                "554": 49352,
                "553": 50266,
                "552": 51166,
                "551": 52094,
                "550": 52976,
                "549": 53907,
                "548": 54821,
                "547": 55775,
                "546": 56741,
                "545": 57715,
                "544": 58673,
                "543": 59651,
                "542": 60620,
                "541": 61660,
                "540": 62653,
                "539": 63646,
                "538": 64665,
                "537": 65674,
                "536": 66700,
                "535": 67704,
                "534": 68714,
                "533": 69763,
                "532": 70818,
                "531": 71872,
                "530": 72937,
                "529": 74025,
                "528": 75046,
                "527": 76026,
                "526": 77095,
                "525": 78181,
                "524": 79267,
                "523": 80364,
                "522": 81480,
                "521": 82606,
                "520": 83697,
                "519": 84818,
                "518": 85933,
                "517": 87051,
                "516": 88180,
                "515": 89273,
                "514": 90429,
                "513": 91521,
                "512": 92609,
                "511": 93735,
                "510": 94871,
                "509": 95982,
                "508": 97119,
                "507": 98259,
                "506": 99366,
                "505": 100495,
                "504": 101636,
                "503": 102765,
                "502": 103931,
                "501": 105092,
                "500": 106217,
                "499": 107390,
                "498": 108534,
                "497": 109724,
                "496": 110885,
                "495": 112076,
                "494": 113199,
                "493": 114356,
                "492": 115473,
                "491": 116563,
                "490": 117722,
                "489": 118871,
                "488": 120019,
                "487": 121168,
                "486": 122278,
                "485": 123433,
                "484": 124585,
                "483": 125699,
                "482": 126852,
                "481": 127960,
                "480": 129135,
                "479": 130314,
                "478": 131528,
                "477": 132624,
                "476": 133757,
                "475": 134881,
                "474": 136036,
                "473": 137179,
                "472": 138318,
                "471": 139453,
                "470": 140528,
                "469": 141646,
                "468": 142713,
                "467": 143752,
                "466": 144816,
                "465": 145943,
                "464": 147066,
                "463": 148145,
                "462": 149249,
                "461": 150398,
                "460": 151442,
                "459": 152454,
                "458": 153542,
                "457": 154587,
                "456": 155700,
                "455": 156728,
                "454": 157761,
                "453": 158759,
                "452": 159782,
                "451": 160814,
                "450": 161824,
                "449": 162831,
                "448": 163862,
                "447": 164866,
                "446": 165905,
                "445": 166906,
                "444": 167841,
                "443": 168784,
                "442": 169769,
                "441": 170706,
                "440": 171665,
                "439": 172582,
                "438": 173565,
                "437": 174432,
                "436": 175338,
                "435": 176259,
                "434": 177193,
                "433": 178078,
                "432": 178952,
                "431": 179782,
                "430": 180653,
                "429": 181555,
                "428": 182388,
                "427": 183238,
                "426": 184085,
                "425": 184919,
                "424": 185756,
                "423": 186617,
                "422": 187446,
                "421": 188224,
                "420": 189035,
                "419": 189789,
                "418": 190640,
                "417": 191405,
                "416": 192187,
                "415": 192949,
                "414": 193659,
                "413": 194387,
                "412": 195168,
                "411": 195883,
                "410": 196588,
                "409": 197262,
                "408": 197959,
                "407": 198656,
                "406": 199334,
                "405": 200045,
                "404": 200722,
                "403": 201410,
                "402": 202074,
                "401": 202734,
                "400": 203370,
                "399": 204016,
                "398": 204637,
                "397": 205310,
                "396": 205924,
                "395": 206516,
                "394": 207113,
                "393": 207685,
                "392": 208327,
                "391": 208929,
                "390": 209513,
                "389": 210156,
                "388": 210694,
                "387": 211241,
                "386": 211785,
                "385": 212346,
                "384": 212908,
                "383": 213480,
                "382": 214012,
                "381": 214541,
                "380": 215072,
                "379": 215589,
                "378": 216100,
                "377": 216623,
                "376": 217150,
                "375": 217651,
                "374": 218155,
                "373": 218657,
                "372": 219146,
                "371": 219640,
                "370": 220125,
                "369": 220628,
                "368": 221097,
                "367": 221572,
                "366": 222015,
                "365": 222527,
                "364": 222963,
                "363": 223470,
                "362": 223960,
                "361": 224391,
                "360": 224838,
                "359": 225261,
                "358": 225699,
                "357": 226158,
                "356": 226582,
                "355": 227006,
                "354": 227415,
                "353": 227820,
                "352": 228237,
                "351": 228669,
                "350": 229061,
                "349": 229478,
                "348": 229866,
                "347": 230248,
                "346": 230644,
                "345": 231035,
                "344": 231385,
                "343": 231764,
                "342": 232153,
                "341": 232520,
                "340": 232909,
                "339": 233254,
                "338": 233630,
                "337": 233998,
                "336": 234361,
                "335": 234697,
                "334": 235043,
                "333": 235355,
                "332": 235730,
                "331": 236098,
                "330": 236410,
                "329": 236737,
                "328": 237099,
                "327": 237433,
                "326": 237735,
                "325": 238077,
                "324": 238399,
                "323": 238724,
                "322": 239019,
                "321": 239347,
                "320": 239669,
                "319": 239972,
                "318": 240264,
                "317": 240549,
                "316": 240849,
                "315": 241129,
                "314": 241439,
                "313": 241743,
                "312": 242017,
                "311": 242280,
                "310": 242567,
                "309": 242854,
                "308": 243166,
                "307": 243436,
                "306": 243717,
                "305": 243959,
                "304": 244258,
                "303": 244507,
                "302": 244799,
                "301": 245043,
                "300": 245309,
                "299": 245600,
                "298": 245878,
                "297": 246139,
                "296": 246401,
                "295": 246640,
                "294": 246890,
                "293": 247145,
                "292": 247403,
                "291": 247678,
                "290": 247917,
                "289": 248162,
                "288": 248403,
                "287": 248635,
                "286": 248867,
                "285": 249107,
                "284": 249367,
                "283": 249582,
                "282": 249829,
                "281": 250077,
                "280": 250305,
                "279": 250543,
                "278": 250781,
                "277": 251007,
                "276": 251223,
                "275": 251456,
                "274": 251710,
                "273": 251945,
                "272": 252160,
                "271": 252366,
                "270": 252597,
                "269": 252823,
                "268": 253071,
                "267": 253283,
                "266": 253542,
                "265": 253754,
                "264": 253992,
                "263": 254249,
                "262": 254463,
                "261": 254703,
                "260": 254917,
                "259": 255130,
                "258": 255366,
                "257": 255601,
                "256": 255809,
                "255": 256012,
                "254": 256233,
                "253": 256459,
                "252": 256671,
                "251": 256902,
                "250": 257129,
                "249": 257306,
                "248": 257514,
                "247": 257719,
                "246": 257910,
                "245": 258112,
                "244": 258302,
                "243": 258498,
                "242": 258714,
                "241": 258909,
                "240": 259121,
                "239": 259312,
                "238": 259550,
                "237": 259725,
                "236": 259903,
                "235": 260085,
                "234": 260285,
                "233": 260479,
                "232": 260668,
                "231": 260859,
                "230": 261064,
                "229": 261260,
                "228": 261469,
                "227": 261649,
                "226": 261828,
                "225": 262020,
                "224": 262221,
                "223": 262409,
                "222": 262568,
                "221": 262740,
                "220": 262931,
                "219": 263098,
                "218": 263258,
                "217": 263422,
                "216": 263580,
                "215": 263749,
                "214": 263891,
                "213": 264046,
                "212": 264199,
                "211": 264347,
                "210": 264498,
                "209": 264690,
                "208": 264837,
                "207": 265010,
                "206": 265183,
                "205": 265330,
                "204": 265475,
                "203": 265608,
                "202": 265729,
                "201": 265881,
                "200": 266030,
                "199": 266144,
                "198": 266264,
                "197": 266379,
                "196": 266508,
                "195": 266631,
                "194": 266756,
                "193": 266862,
                "192": 266989,
                "191": 267081,
                "190": 267204,
                "189": 267324,
                "188": 267443,
                "187": 267568,
                "186": 267678,
                "185": 267800,
                "184": 267911,
                "183": 268003,
                "182": 268100,
                "181": 268192
            },
            "理科": {
                "651": 2118,
                "650": 2249,
                "649": 2387,
                "648": 2535,
                "647": 2685,
                "646": 2831,
                "645": 2982,
                "644": 3142,
                "643": 3304,
                "642": 3490,
                "641": 3681,
                "640": 3850,
                "639": 4038,
                "638": 4238,
                "637": 4411,
                "636": 4626,
                "635": 4841,
                "634": 5042,
                "633": 5256,
                "632": 5476,
                "631": 5739,
                "630": 5996,
                "629": 6225,
                "628": 6481,
                "627": 6722,
                "626": 7001,
                "625": 7281,
                "624": 7586,
                "623": 7917,
                "622": 8237,
                "621": 8562,
                "620": 8902,
                "619": 9250,
                "618": 9594,
                "617": 9923,
                "616": 10286,
                "615": 10663,
                "614": 11045,
                "613": 11444,
                "612": 11840,
                "611": 12236,
                "610": 12632,
                "609": 13020,
                "608": 13454,
                "607": 13869,
                "606": 14276,
                "605": 14697,
                "604": 15172,
                "603": 15651,
                "602": 16112,
                "601": 16581,
                "600": 17106,
                "599": 17632,
                "598": 18142,
                "597": 18641,
                "596": 19178,
                "595": 19716,
                "594": 20254,
                "593": 20792,
                "592": 21353,
                "591": 21936,
                "590": 22501,
                "589": 23125,
                "588": 23722,
                "587": 24321,
                "586": 24937,
                "585": 25539,
                "584": 26143,
                "583": 26799,
                "582": 27399,
                "581": 28061,
                "580": 28746,
                "579": 29444,
                "578": 30127,
                "577": 30841,
                "576": 31510,
                "575": 32236,
                "574": 32975,
                "573": 33759,
                "572": 34490,
                "571": 35258,
                "570": 36011,
                "569": 36740,
                "568": 37529,
                "567": 38325,
                "566": 39110,
                "565": 39885,
                "564": 40731,
                "563": 41532,
                "562": 42359,
                "561": 43182,
                "560": 44024,
                "559": 44890,
                "558": 45736,
                "557": 46608,
                "556": 47542,
                "555": 48436,
                "554": 49352,
                "553": 50266,
                "552": 51166,
                "551": 52094,
                "550": 52976,
                "549": 53907,
                "548": 54821,
                "547": 55775,
                "546": 56741,
                "545": 57715,
                "544": 58673,
                "543": 59651,
                "542": 60620,
                "541": 61660,
                "540": 62653,
                "539": 63646,
                "538": 64665,
                "537": 65674,
                "536": 66700,
                "535": 67704,
                "534": 68714,
                "533": 69763,
                "532": 70818,
                "531": 71872,
                "530": 72937,
                "529": 74025,
                "528": 75046,
                "527": 76026,
                "526": 77095,
                "525": 78181,
                "524": 79267,
                "523": 80364,
                "522": 81480,
                "521": 82606,
                "520": 83697,
                "519": 84818,
                "518": 85933,
                "517": 87051,
                "516": 88180,
                "515": 89273,
                "514": 90429,
                "513": 91521,
                "512": 92609,
                "511": 93735,
                "510": 94871,
                "509": 95982,
                "508": 97119,
                "507": 98259,
                "506": 99366,
                "505": 100495,
                "504": 101636,
                "503": 102765,
                "502": 103931,
                "501": 105092,
                "500": 106217,
                "499": 107390,
                "498": 108534,
                "497": 109724,
                "496": 110885,
                "495": 112076,
                "494": 113199,
                "493": 114356,
                "492": 115473,
                "491": 116563,
                "490": 117722,
                "489": 118871,
                "488": 120019,
                "487": 121168,
                "486": 122278,
                "485": 123433,
                "484": 124585,
                "483": 125699,
                "482": 126852,
                "481": 127960,
                "480": 129135,
                "479": 130314,
                "478": 131528,
                "477": 132624,
                "476": 133757,
                "475": 134881,
                "474": 136036,
                "473": 137179,
                "472": 138318,
                "471": 139453,
                "470": 140528,
                "469": 141646,
                "468": 142713,
                "467": 143752,
                "466": 144816,
                "465": 145943,
                "464": 147066,
                "463": 148145,
                "462": 149249,
                "461": 150398,
                "460": 151442,
                "459": 152454,
                "458": 153542,
                "457": 154587,
                "456": 155700,
                "455": 156728,
                "454": 157761,
                "453": 158759,
                "452": 159782,
                "451": 160814,
                "450": 161824,
                "449": 162831,
                "448": 163862,
                "447": 164866,
                "446": 165905,
                "445": 166906,
                "444": 167841,
                "443": 168784,
                "442": 169769,
                "441": 170706,
                "440": 171665,
                "439": 172582,
                "438": 173565,
                "437": 174432,
                "436": 175338,
                "435": 176259,
                "434": 177193,
                "433": 178078,
                "432": 178952,
                "431": 179782,
                "430": 180653,
                "429": 181555,
                "428": 182388,
                "427": 183238,
                "426": 184085,
                "425": 184919,
                "424": 185756,
                "423": 186617,
                "422": 187446,
                "421": 188224,
                "420": 189035,
                "419": 189789,
                "418": 190640,
                "417": 191405,
                "416": 192187,
                "415": 192949,
                "414": 193659,
                "413": 194387,
                "412": 195168,
                "411": 195883,
                "410": 196588,
                "409": 197262,
                "408": 197959,
                "407": 198656,
                "406": 199334,
                "405": 200045,
                "404": 200722,
                "403": 201410,
                "402": 202074,
                "401": 202734,
                "400": 203370,
                "399": 204016,
                "398": 204637,
                "397": 205310,
                "396": 205924,
                "395": 206516,
                "394": 207113,
                "393": 207685,
                "392": 208327,
                "391": 208929,
                "390": 209513,
                "389": 210156,
                "388": 210694,
                "387": 211241,
                "386": 211785,
                "385": 212346,
                "384": 212908,
                "383": 213480,
                "382": 214012,
                "381": 214541,
                "380": 215072,
                "379": 215589,
                "378": 216100,
                "377": 216623,
                "376": 217150,
                "375": 217651,
                "374": 218155,
                "373": 218657,
                "372": 219146,
                "371": 219640,
                "370": 220125,
                "369": 220628,
                "368": 221097,
                "367": 221572,
                "366": 222015,
                "365": 222527,
                "364": 222963,
                "363": 223470,
                "362": 223960,
                "361": 224391,
                "360": 224838,
                "359": 225261,
                "358": 225699,
                "357": 226158,
                "356": 226582,
                "355": 227006,
                "354": 227415,
                "353": 227820,
                "352": 228237,
                "351": 228669,
                "350": 229061,
                "349": 229478,
                "348": 229866,
                "347": 230248,
                "346": 230644,
                "345": 231035,
                "344": 231385,
                "343": 231764,
                "342": 232153,
                "341": 232520,
                "340": 232909,
                "339": 233254,
                "338": 233630,
                "337": 233998,
                "336": 234361,
                "335": 234697,
                "334": 235043,
                "333": 235355,
                "332": 235730,
                "331": 236098,
                "330": 236410,
                "329": 236737,
                "328": 237099,
                "327": 237433,
                "326": 237735,
                "325": 238077,
                "324": 238399,
                "323": 238724,
                "322": 239019,
                "321": 239347,
                "320": 239669,
                "319": 239972,
                "318": 240264,
                "317": 240549,
                "316": 240849,
                "315": 241129,
                "314": 241439,
                "313": 241743,
                "312": 242017,
                "311": 242280,
                "310": 242567,
                "309": 242854,
                "308": 243166,
                "307": 243436,
                "306": 243717,
                "305": 243959,
                "304": 244258,
                "303": 244507,
                "302": 244799,
                "301": 245043,
                "300": 245309,
                "299": 245600,
                "298": 245878,
                "297": 246139,
                "296": 246401,
                "295": 246640,
                "294": 246890,
                "293": 247145,
                "292": 247403,
                "291": 247678,
                "290": 247917,
                "289": 248162,
                "288": 248403,
                "287": 248635,
                "286": 248867,
                "285": 249107,
                "284": 249367,
                "283": 249582,
                "282": 249829,
                "281": 250077,
                "280": 250305,
                "279": 250543,
                "278": 250781,
                "277": 251007,
                "276": 251223,
                "275": 251456,
                "274": 251710,
                "273": 251945,
                "272": 252160,
                "271": 252366,
                "270": 252597,
                "269": 252823,
                "268": 253071,
                "267": 253283,
                "266": 253542,
                "265": 253754,
                "264": 253992,
                "263": 254249,
                "262": 254463,
                "261": 254703,
                "260": 254917,
                "259": 255130,
                "258": 255366,
                "257": 255601,
                "256": 255809,
                "255": 256012,
                "254": 256233,
                "253": 256459,
                "252": 256671,
                "251": 256902,
                "250": 257129,
                "249": 257306,
                "248": 257514,
                "247": 257719,
                "246": 257910,
                "245": 258112,
                "244": 258302,
                "243": 258498,
                "242": 258714,
                "241": 258909,
                "240": 259121,
                "239": 259312,
                "238": 259550,
                "237": 259725,
                "236": 259903,
                "235": 260085,
                "234": 260285,
                "233": 260479,
                "232": 260668,
                "231": 260859,
                "230": 261064,
                "229": 261260,
                "228": 261469,
                "227": 261649,
                "226": 261828,
                "225": 262020,
                "224": 262221,
                "223": 262409,
                "222": 262568,
                "221": 262740,
                "220": 262931,
                "219": 263098,
                "218": 263258,
                "217": 263422,
                "216": 263580,
                "215": 263749,
                "214": 263891,
                "213": 264046,
                "212": 264199,
                "211": 264347,
                "210": 264498,
                "209": 264690,
                "208": 264837,
                "207": 265010,
                "206": 265183,
                "205": 265330,
                "204": 265475,
                "203": 265608,
                "202": 265729,
                "201": 265881,
                "200": 266030,
                "199": 266144,
                "198": 266264,
                "197": 266379,
                "196": 266508,
                "195": 266631,
                "194": 266756,
                "193": 266862,
                "192": 266989,
                "191": 267081,
                "190": 267204,
                "189": 267324,
                "188": 267443,
                "187": 267568,
                "186": 267678,
                "185": 267800,
                "184": 267911,
                "183": 268003,
                "182": 268100,
                "181": 268192
            }
        }
    }
}