{
    "2017": {
        "河北": {
            "理科": {
                "701": 14,
                "700": 18,
                "699": 22,
                "698": 24,
                "697": 27,
                "696": 32,
                "695": 35,
                "694": 40,
                "693": 48,
                "692": 54,
                "691": 65,
                "690": 80,
                "689": 87,
                "688": 102,
                "687": 113,
                "686": 125,
                "685": 140,
                "684": 152,
                "683": 167,
                "682": 188,
                "681": 216,
                "680": 228,
                "679": 257,
                "678": 284,
                "677": 300,
                "676": 330,
                "675": 355,
                "674": 385,
                "673": 411,
                "672": 443,
                "671": 483,
                "670": 525,
                "669": 562,
                "668": 606,
                "667": 646,
                "666": 691,
                "665": 738,
                "664": 786,
                "663": 836,
                "662": 890,
                "661": 961,
                "660": 1031,
                "659": 1089,
                "658": 1147,
                "657": 1218,
                "656": 1274,
                "655": 1331,
                "654": 1385,
                "653": 1472,
                "652": 1555,
                "651": 1638,
                "650": 1723,
                "649": 1829,
                "648": 1921,
                "647": 2021,
                "646": 2123,
                "645": 2234,
                "644": 2334,
                "643": 2441,
                "642": 2549,
                "641": 2662,
                "640": 2804,
                "639": 2913,
                "638": 3040,
                "637": 3177,
                "636": 3332,
                "635": 3474,
                "634": 3628,
                "633": 3775,
                "632": 3916,
                "631": 4066,
                "630": 4240,
                "629": 4399,
                "628": 4539,
                "627": 4700,
                "626": 4895,
                "625": 5054,
                "624": 5231,
                "623": 5405,
                "622": 5557,
                "621": 5739,
                "620": 5922,
                "619": 6122,
                "618": 6324,
                "617": 6510,
                "616": 6702,
                "615": 6940,
                "614": 7140,
                "613": 7383,
                "612": 7600,
                "611": 7831,
                "610": 8074,
                "609": 8334,
                "608": 8591,
                "607": 8835,
                "606": 9083,
                "605": 9347,
                "604": 9608,
                "603": 9874,
                "602": 10146,
                "601": 10440,
                "600": 10716,
                "599": 11030,
                "598": 11316,
                "597": 11592,
                "596": 11858,
                "595": 12178,
                "594": 12512,
                "593": 12827,
                "592": 13153,
                "591": 13503,
                "590": 13846,
                "589": 14170,
                "588": 14525,
                "587": 14877,
                "586": 15261,
                "585": 15648,
                "584": 15990,
                "583": 16355,
                "582": 16740,
                "581": 17104,
                "580": 17506,
                "579": 17889,
                "578": 18298,
                "577": 18708,
                "576": 19113,
                "575": 19506,
                "574": 19963,
                "573": 20415,
                "572": 20835,
                "571": 21285,
                "570": 21740,
                "569": 22194,
                "568": 22656,
                "567": 23115,
                "566": 23575,
                "565": 24025,
                "564": 24486,
                "563": 24930,
                "562": 25415,
                "561": 25905,
                "560": 26391,
                "559": 26854,
                "558": 27373,
                "557": 27890,
                "556": 28435,
                "555": 28950,
                "554": 29432,
                "553": 29972,
                "552": 30485,
                "551": 31023,
                "550": 31544,
                "549": 32100,
                "548": 32657,
                "547": 33212,
                "546": 33741,
                "545": 34272,
                "544": 34841,
                "543": 35433,
                "542": 36044,
                "541": 36635,
                "540": 37224,
                "539": 37807,
                "538": 38377,
                "537": 38977,
                "536": 39582,
                "535": 40158,
                "534": 40770,
                "533": 41403,
                "532": 42008,
                "531": 42624,
                "530": 43218,
                "529": 43815,
                "528": 44452,
                "527": 45072,
                "526": 45732,
                "525": 46357,
                "524": 46986,
                "523": 47594,
                "522": 48240,
                "521": 48855,
                "520": 49484,
                "519": 50168,
                "518": 50815,
                "517": 51489,
                "516": 52199,
                "515": 52864,
                "514": 53504,
                "513": 54209,
                "512": 54866,
                "511": 55533,
                "510": 56199,
                "509": 56884,
                "508": 57534,
                "507": 58214,
                "506": 58916,
                "505": 59614,
                "504": 60233,
                "503": 60932,
                "502": 61644,
                "501": 62345,
                "500": 63013,
                "499": 63692,
                "498": 64347,
                "497": 65036,
                "496": 65767,
                "495": 66476,
                "494": 67190,
                "493": 67872,
                "492": 68563,
                "491": 69217,
                "490": 69944,
                "489": 70677,
                "488": 71414,
                "487": 72133,
                "486": 72831,
                "485": 73581,
                "484": 74282,
                "483": 74964,
                "482": 75663,
                "481": 76341,
                "480": 77063,
                "479": 77755,
                "478": 78426,
                "477": 79121,
                "476": 79856,
                "475": 80573,
                "474": 81275,
                "473": 81954,
                "472": 82628,
                "471": 83349,
                "470": 84050,
                "469": 84775,
                "468": 85511,
                "467": 86170,
                "466": 86896,
                "465": 87637,
                "464": 88357,
                "463": 89056,
                "462": 89785,
                "461": 90514,
                "460": 91192,
                "459": 91879,
                "458": 92541,
                "457": 93173,
                "456": 93820,
                "455": 94517,
                "454": 95163,
                "453": 95809,
                "452": 96512,
                "451": 97188,
                "450": 97878,
                "449": 98537,
                "448": 99198,
                "447": 99906,
                "446": 100583,
                "445": 101278,
                "444": 101968,
                "443": 102640,
                "442": 103324,
                "441": 103969,
                "440": 104671,
                "439": 105304,
                "438": 106024,
                "437": 106696,
                "436": 107388,
                "435": 108061,
                "434": 108727,
                "433": 109413,
                "432": 110072,
                "431": 110690,
                "430": 111358,
                "429": 111997,
                "428": 112678,
                "427": 113336,
                "426": 114005,
                "425": 114630,
                "424": 115313,
                "423": 115952,
                "422": 116582,
                "421": 117208,
                "420": 117900,
                "419": 118560,
                "418": 119203,
                "417": 119847,
                "416": 120489,
                "415": 121124,
                "414": 121747,
                "413": 122389,
                "412": 123070,
                "411": 123718,
                "410": 124358,
                "409": 124966,
                "408": 125595,
                "407": 126222,
                "406": 126850,
                "405": 127546,
                "404": 128154,
                "403": 128821,
                "402": 129452,
                "401": 130042,
                "400": 130678,
                "399": 131271,
                "398": 131862,
                "397": 132443,
                "396": 133025,
                "395": 133635,
                "394": 134245,
                "393": 134851,
                "392": 135468,
                "391": 136036,
                "390": 136652,
                "389": 137262,
                "388": 137875,
                "387": 138458,
                "386": 139047,
                "385": 139636,
                "384": 140226,
                "383": 140781,
                "382": 141404,
                "381": 141954,
                "380": 142580,
                "379": 143175,
                "378": 143736,
                "377": 144291,
                "376": 144865,
                "375": 145438,
                "374": 145991,
                "373": 146537,
                "372": 147106,
                "371": 147665,
                "370": 148248,
                "369": 148816,
                "368": 149374,
                "367": 149941,
                "366": 150471,
                "365": 151002,
                "364": 151525,
                "363": 152034,
                "362": 152609,
                "361": 153133,
                "360": 153672,
                "359": 154234,
                "358": 154736,
                "357": 155266,
                "356": 155776,
                "355": 156302,
                "354": 156826,
                "353": 157320,
                "352": 157808,
                "351": 158323,
                "350": 158824,
                "349": 159342,
                "348": 159878,
                "347": 160341,
                "346": 160851,
                "345": 161371,
                "344": 161894,
                "343": 162429,
                "342": 162938,
                "341": 163467,
                "340": 163953,
                "339": 164444,
                "338": 164941,
                "337": 165427,
                "336": 165912,
                "335": 166402,
                "334": 166874,
                "333": 167313,
                "332": 167782,
                "331": 168214,
                "330": 168658,
                "329": 169176,
                "328": 169652,
                "327": 170120,
                "326": 170589,
                "325": 171048,
                "324": 171491,
                "323": 171921,
                "322": 172385,
                "321": 172864,
                "320": 173298,
                "319": 173733,
                "318": 174171,
                "317": 174601,
                "316": 175068,
                "315": 175481,
                "314": 175924,
                "313": 176364,
                "312": 176784,
                "311": 177198,
                "310": 177596,
                "309": 177987,
                "308": 178372,
                "307": 178781,
                "306": 179199,
                "305": 179650,
                "304": 179995,
                "303": 180381,
                "302": 180781,
                "301": 181158,
                "300": 181569,
                "299": 181949,
                "298": 182313,
                "297": 182696,
                "296": 183090,
                "295": 183471,
                "294": 183862,
                "293": 184233,
                "292": 184597,
                "291": 184963,
                "290": 185302,
                "289": 185673,
                "288": 186004,
                "287": 186370,
                "286": 186755,
                "285": 187106,
                "284": 187484,
                "283": 187818,
                "282": 188163,
                "281": 188473,
                "280": 188830,
                "279": 189133,
                "278": 189466,
                "277": 189775,
                "276": 190099,
                "275": 190419,
                "274": 190727,
                "273": 191038,
                "272": 191353,
                "271": 191651,
                "270": 191931,
                "269": 192219,
                "268": 192516,
                "267": 192787,
                "266": 193081,
                "265": 193366,
                "264": 193628,
                "263": 193877,
                "262": 194166,
                "261": 194439,
                "260": 194688,
                "259": 194965,
                "258": 195213,
                "257": 195488,
                "256": 195751,
                "255": 195983,
                "254": 196221,
                "253": 196480,
                "252": 196715,
                "251": 196959,
                "250": 197205,
                "249": 197425,
                "248": 197644,
                "247": 197866,
                "246": 198101,
                "245": 198316,
                "244": 198514,
                "243": 198756,
                "242": 198971,
                "241": 199183,
                "240": 199400,
                "239": 199612,
                "238": 199802,
                "237": 200004,
                "236": 200190,
                "235": 200381,
                "234": 200557,
                "233": 200750,
                "232": 200918,
                "231": 201093,
                "230": 201252,
                "229": 201427,
                "228": 201588,
                "227": 201741,
                "226": 201892,
                "225": 202047,
                "224": 202203,
                "223": 202324,
                "222": 202477,
                "221": 202623,
                "220": 202764,
                "219": 202893,
                "218": 203043,
                "217": 203200,
                "216": 203340,
                "215": 203464,
                "214": 203585,
                "213": 203714,
                "212": 203825,
                "211": 203958,
                "210": 204068,
                "209": 204195,
                "208": 204302,
                "207": 204431,
                "206": 204530,
                "205": 204648,
                "204": 204760,
                "203": 204852,
                "202": 204930,
                "201": 205024,
                "200": 205119,
                "199": 205193,
                "198": 205281,
                "197": 205369,
                "196": 205451,
                "195": 205528,
                "194": 205607,
                "193": 205704,
                "192": 205777,
                "191": 205843,
                "190": 205933,
                "189": 206003,
                "188": 206072,
                "187": 206130,
                "186": 206202,
                "185": 206254,
                "184": 206324,
                "183": 206376,
                "182": 206434,
                "181": 206490,
                "180": 206542,
                "179": 206612,
                "178": 206661,
                "177": 206721,
                "176": 206774,
                "175": 206823,
                "174": 206874,
                "173": 206916,
                "172": 206966,
                "171": 207014,
                "170": 207061,
                "169": 207099,
                "168": 207142,
                "167": 207181,
                "166": 207215,
                "165": 207247,
                "164": 207276,
                "163": 207319,
                "162": 207358,
                "161": 207390,
                "160": 207420,
                "159": 207449,
                "158": 207482,
                "157": 207509,
                "156": 207535,
                "155": 207560,
                "154": 207587,
                "153": 207616,
                "152": 207633,
                "151": 207660,
                "150": 207679,
                "149": 207700,
                "148": 207717,
                "147": 207739,
                "146": 207757,
                "145": 207776,
                "144": 207794,
                "143": 207811,
                "142": 207821,
                "141": 207835,
                "140": 207848,
                "139": 207862,
                "138": 207875,
                "137": 207886,
                "136": 207898,
                "135": 207911,
                "134": 207927,
                "133": 207934,
                "132": 207943,
                "131": 207951,
                "130": 207960,
                "129": 207972,
                "128": 207977,
                "127": 207986,
                "126": 208000,
                "125": 208008,
                "124": 208014,
                "123": 208021,
                "122": 208026,
                "121": 208032,
                "120": 208037,
                "119": 208044,
                "118": 208050,
                "117": 208056,
                "116": 208062,
                "115": 208066,
                "114": 208070,
                "113": 208077,
                "112": 208079,
                "111": 208086,
                "110": 208089,
                "109": 208091,
                "108": 208096,
                "107": 208099,
                "106": 208103,
                "105": 208109,
                "104": 208115,
                "103": 208118,
                "102": 208119,
                "101": 208123,
                "100": 208124,
                "99": 208129,
                "98": 208130,
                "97": 208134,
                "96": 208136,
                "95": 208139,
                "94": 208140,
                "93": 208147,
                "92": 208147,
                "91": 208153,
                "90": 208156,
                "89": 208157,
                "88": 208159,
                "87": 208161,
                "86": 208164,
                "85": 208165,
                "84": 208166,
                "83": 208167,
                "82": 208170,
                "81": 208170,
                "80": 208170,
                "79": 208171,
                "78": 208174,
                "77": 208174,
                "76": 208177,
                "75": 208179,
                "74": 208179,
                "73": 208182,
                "72": 208183,
                "71": 208184,
                "70": 208185,
                "69": 208187,
                "68": 208190,
                "67": 208190,
                "66": 208191,
                "65": 208193,
                "64": 208195,
                "63": 208195,
                "62": 208197,
                "61": 208199,
                "60": 208200,
                "59": 208200,
                "58": 208201,
                "57": 208202,
                "56": 208203,
                "55": 208203,
                "54": 208206,
                "53": 208206,
                "52": 208206,
                "51": 208207,
                "50": 208207,
                "49": 208207,
                "48": 208207,
                "47": 208209,
                "46": 208210,
                "45": 208213,
                "44": 208214,
                "43": 208214,
                "42": 208215,
                "41": 208215,
                "40": 208215,
                "39": 208216,
                "38": 208216,
                "37": 208217,
                "36": 208217,
                "35": 208217,
                "34": 208218,
                "33": 208218,
                "32": 208219,
                "31": 208219,
                "30": 208219,
                "29": 208219,
                "28": 208219,
                "27": 208219,
                "26": 208223,
                "25": 208223,
                "24": 208223,
                "23": 208223,
                "22": 208223,
                "21": 208223,
                "20": 208224,
                "19": 208224,
                "18": 208226,
                "17": 208227,
                "16": 208229,
                "15": 208230,
                "14": 208231,
                "13": 208231,
                "12": 208232,
                "11": 208232,
                "10": 208233,
                "9": 208234,
                "8": 208235,
                "7": 208236,
                "6": 208236,
                "5": 208238,
                "4": 208238,
                "3": 208239,
                "2": 208239,
                "1": 208239,
                "0": 210305
            }
        }
    }
}