{
    "2017": {
        "贵州": {
            "理科": {
                "700": 2,
                "699": 2,
                "698": 2,
                "697": 2,
                "696": 2,
                "695": 6,
                "694": 7,
                "693": 8,
                "692": 9,
                "691": 10,
                "690": 11,
                "689": 14,
                "688": 14,
                "687": 14,
                "686": 14,
                "685": 15,
                "684": 15,
                "683": 15,
                "682": 19,
                "681": 20,
                "680": 20,
                "679": 22,
                "678": 27,
                "677": 30,
                "676": 31,
                "675": 32,
                "674": 35,
                "673": 36,
                "672": 37,
                "671": 38,
                "670": 43,
                "669": 48,
                "668": 51,
                "667": 54,
                "666": 57,
                "665": 62,
                "664": 66,
                "663": 70,
                "662": 76,
                "661": 85,
                "660": 90,
                "659": 95,
                "658": 97,
                "657": 103,
                "656": 106,
                "655": 110,
                "654": 119,
                "653": 129,
                "652": 140,
                "651": 149,
                "650": 162,
                "649": 172,
                "648": 180,
                "647": 191,
                "646": 204,
                "645": 216,
                "644": 229,
                "643": 240,
                "642": 254,
                "641": 268,
                "640": 287,
                "639": 297,
                "638": 305,
                "637": 319,
                "636": 337,
                "635": 360,
                "634": 377,
                "633": 390,
                "632": 405,
                "631": 413,
                "630": 425,
                "629": 442,
                "628": 467,
                "627": 489,
                "626": 514,
                "625": 543,
                "624": 567,
                "623": 587,
                "622": 617,
                "621": 644,
                "620": 678,
                "619": 704,
                "618": 730,
                "617": 751,
                "616": 778,
                "615": 804,
                "614": 835,
                "613": 868,
                "612": 903,
                "611": 939,
                "610": 972,
                "609": 1019,
                "608": 1057,
                "607": 1096,
                "606": 1133,
                "605": 1187,
                "604": 1244,
                "603": 1286,
                "602": 1323,
                "601": 1360,
                "600": 1412,
                "599": 1471,
                "598": 1520,
                "597": 1570,
                "596": 1635,
                "595": 1695,
                "594": 1751,
                "593": 1809,
                "592": 1876,
                "591": 1949,
                "590": 2026,
                "589": 2092,
                "588": 2161,
                "587": 2232,
                "586": 2295,
                "585": 2373,
                "584": 2459,
                "583": 2548,
                "582": 2618,
                "581": 2717,
                "580": 2811,
                "579": 2902,
                "578": 2981,
                "577": 3077,
                "576": 3175,
                "575": 3261,
                "574": 3379,
                "573": 3499,
                "572": 3616,
                "571": 3727,
                "570": 3832,
                "569": 3951,
                "568": 4068,
                "567": 4170,
                "566": 4290,
                "565": 4411,
                "564": 4543,
                "563": 4673,
                "562": 4815,
                "561": 4959,
                "560": 5085,
                "559": 5224,
                "558": 5385,
                "557": 5546,
                "556": 5713,
                "555": 5869,
                "554": 6015,
                "553": 6166,
                "552": 6340,
                "551": 6508,
                "550": 6665,
                "549": 6835,
                "548": 7012,
                "547": 7195,
                "546": 7369,
                "545": 7545,
                "544": 7743,
                "543": 7943,
                "542": 8122,
                "541": 8307,
                "540": 8496,
                "539": 8716,
                "538": 8930,
                "537": 9155,
                "536": 9365,
                "535": 9597,
                "534": 9815,
                "533": 10052,
                "532": 10287,
                "531": 10522,
                "530": 10762,
                "529": 10999,
                "528": 11245,
                "527": 11508,
                "526": 11775,
                "525": 12025,
                "524": 12257,
                "523": 12549,
                "522": 12835,
                "521": 13142,
                "520": 13429,
                "519": 13706,
                "518": 14002,
                "517": 14301,
                "516": 14594,
                "515": 14887,
                "514": 15201,
                "513": 15502,
                "512": 15831,
                "511": 16156,
                "510": 16480,
                "509": 16803,
                "508": 17130,
                "507": 17451,
                "506": 17784,
                "505": 18109,
                "504": 18462,
                "503": 18801,
                "502": 19165,
                "501": 19522,
                "500": 19913,
                "499": 20289,
                "498": 20650,
                "497": 21055,
                "496": 21484,
                "495": 21856,
                "494": 22232,
                "493": 22651,
                "492": 23041,
                "491": 23450,
                "490": 23887,
                "489": 24315,
                "488": 24755,
                "487": 25164,
                "486": 25613,
                "485": 26033,
                "484": 26464,
                "483": 26893,
                "482": 27345,
                "481": 27805,
                "480": 28298,
                "479": 28751,
                "478": 29215,
                "477": 29661,
                "476": 30149,
                "475": 30618,
                "474": 31067,
                "473": 31566,
                "472": 32081,
                "471": 32592,
                "470": 33093,
                "469": 33601,
                "468": 34156,
                "467": 34634,
                "466": 35173,
                "465": 35718,
                "464": 36213,
                "463": 36767,
                "462": 37293,
                "461": 37864,
                "460": 38436,
                "459": 39006,
                "458": 39605,
                "457": 40188,
                "456": 40753
            }
        }
    }
}