{
    "2017": {
        "浙江": {
            "综合": {
                "686": 318,
                "685": 356,
                "684": 397,
                "683": 445,
                "682": 494,
                "681": 545,
                "680": 607,
                "679": 669,
                "678": 737,
                "677": 821,
                "676": 886,
                "675": 969,
                "674": 1051,
                "673": 1138,
                "672": 1234,
                "671": 1306,
                "670": 1394,
                "669": 1498,
                "668": 1622,
                "667": 1745,
                "666": 1887,
                "665": 1991,
                "664": 2115,
                "663": 2246,
                "662": 2397,
                "661": 2566,
                "660": 2720,
                "659": 2873,
                "658": 3063,
                "657": 3261,
                "656": 3456,
                "655": 3671,
                "654": 3881,
                "653": 4088,
                "652": 4342,
                "651": 4562,
                "650": 4790,
                "649": 5059,
                "648": 5290,
                "647": 5562,
                "646": 5850,
                "645": 6144,
                "644": 6440,
                "643": 6765,
                "642": 7061,
                "641": 7361,
                "640": 7702,
                "639": 8047,
                "638": 8404,
                "637": 8762,
                "636": 9171,
                "635": 9523,
                "634": 9932,
                "633": 10319,
                "632": 10717,
                "631": 11154,
                "630": 11576,
                "629": 12017,
                "628": 12461,
                "627": 12947,
                "626": 13462,
                "625": 13955,
                "624": 14506,
                "623": 15077,
                "622": 15606,
                "621": 16119,
                "620": 16688,
                "619": 17234,
                "618": 17780,
                "617": 18377,
                "616": 18987,
                "615": 19623,
                "614": 20228,
                "613": 20904,
                "612": 21560,
                "611": 22222,
                "610": 22889,
                "609": 23528,
                "608": 24216,
                "607": 24863,
                "606": 25573,
                "605": 26307,
                "604": 27057,
                "603": 27809,
                "602": 28574,
                "601": 29359,
                "600": 30206,
                "599": 31044,
                "598": 31830,
                "597": 32637,
                "596": 33394,
                "595": 34237,
                "594": 35097,
                "593": 35985,
                "592": 36877,
                "591": 37770,
                "590": 38651,
                "589": 39609,
                "588": 40483,
                "587": 41413,
                "586": 42380,
                "585": 43278,
                "584": 44187,
                "583": 45152,
                "582": 46097,
                "581": 47048,
                "580": 48006,
                "579": 48965,
                "578": 49877,
                "577": 50840,
                "576": 51831,
                "575": 52832,
                "574": 53818,
                "573": 54775,
                "572": 55734,
                "571": 56781,
                "570": 57827,
                "569": 58836,
                "568": 59853,
                "567": 60855,
                "566": 61810,
                "565": 62859,
                "564": 63871,
                "563": 64916,
                "562": 65966,
                "561": 67004,
                "560": 68050,
                "559": 69054,
                "558": 70068,
                "557": 71111,
                "556": 72094,
                "555": 73140,
                "554": 74168,
                "553": 75129,
                "552": 76170,
                "551": 77188,
                "550": 78275,
                "549": 79368,
                "548": 80423,
                "547": 81491,
                "546": 82510,
                "545": 83601,
                "544": 84652,
                "543": 85697,
                "542": 86793,
                "541": 87862,
                "540": 88877,
                "539": 89970,
                "538": 91015,
                "537": 92063,
                "536": 93122,
                "535": 94128,
                "534": 95193,
                "533": 96249,
                "532": 97325,
                "531": 98361,
                "530": 99420,
                "529": 100528,
                "528": 101558,
                "527": 102566,
                "526": 103557,
                "525": 104617,
                "524": 105660,
                "523": 106721,
                "522": 107814,
                "521": 108877,
                "520": 109898,
                "519": 110940,
                "518": 112023,
                "517": 113143,
                "516": 114208,
                "515": 115265,
                "514": 116292,
                "513": 117338,
                "512": 118378,
                "511": 119426,
                "510": 120471,
                "509": 121480,
                "508": 122501,
                "507": 123545,
                "506": 124554,
                "505": 125553,
                "504": 126596,
                "503": 127623,
                "502": 128680,
                "501": 129706,
                "500": 130687,
                "499": 131754,
                "498": 132755,
                "497": 133747,
                "496": 134699,
                "495": 135713,
                "494": 136733,
                "493": 137763,
                "492": 138803,
                "491": 139803,
                "490": 140825,
                "489": 141822,
                "488": 142817,
                "487": 143771,
                "486": 144739,
                "485": 145741,
                "484": 146727,
                "483": 147710,
                "482": 148687,
                "481": 149665,
                "480": 150635,
                "479": 151657,
                "478": 152606,
                "477": 153525,
                "476": 154490,
                "475": 155436,
                "474": 156339,
                "473": 157294,
                "472": 158200,
                "471": 159141,
                "470": 160075,
                "469": 161016,
                "468": 161891,
                "467": 162845,
                "466": 163757,
                "465": 164666,
                "464": 165560,
                "463": 166490,
                "462": 167400,
                "461": 168258,
                "460": 169146,
                "459": 170039,
                "458": 170861,
                "457": 171682,
                "456": 172498,
                "455": 173330,
                "454": 174104,
                "453": 174909,
                "452": 175722,
                "451": 176548,
                "450": 177353,
                "449": 178167,
                "448": 179011,
                "447": 179799,
                "446": 180615,
                "445": 181430,
                "444": 182233,
                "443": 183004,
                "442": 183702,
                "441": 184457,
                "440": 185206,
                "439": 185976,
                "438": 186693,
                "437": 187393,
                "436": 188076,
                "435": 188804,
                "434": 189493,
                "433": 190243,
                "432": 190917,
                "431": 191568,
                "430": 192263,
                "429": 192901,
                "428": 193573,
                "427": 194272,
                "426": 194979,
                "425": 195636,
                "424": 196248,
                "423": 196858,
                "422": 197549,
                "421": 198204,
                "420": 198811,
                "419": 199456,
                "418": 200036,
                "417": 200639,
                "416": 201244,
                "415": 201785,
                "414": 202363,
                "413": 202957,
                "412": 203526,
                "411": 204116,
                "410": 204647,
                "409": 205218,
                "408": 205775,
                "407": 206313,
                "406": 206848,
                "405": 207333,
                "404": 207875,
                "403": 208424,
                "402": 208905,
                "401": 209391,
                "400": 209894,
                "399": 210330,
                "398": 210790,
                "397": 211277,
                "396": 211759,
                "395": 212204,
                "394": 212677,
                "393": 213151,
                "392": 213602,
                "391": 214048,
                "390": 214472,
                "389": 214914,
                "388": 215362,
                "387": 215759,
                "386": 216145,
                "385": 216563,
                "384": 216939,
                "383": 217307,
                "382": 217701,
                "381": 218073,
                "380": 218412,
                "379": 218745,
                "378": 219093,
                "377": 219431,
                "376": 219770,
                "375": 220112,
                "374": 220441,
                "373": 220771,
                "372": 221102,
                "371": 221428,
                "370": 221727,
                "369": 222025,
                "368": 222311,
                "367": 222589,
                "366": 222910,
                "365": 223201,
                "364": 223478,
                "363": 223771,
                "362": 224044,
                "361": 224289,
                "360": 224546,
                "359": 224831
            }
        }
    }
}