{
    "2017": {
        "安徽": {
            "理科": {
                "706": 1,
                "705": 1,
                "704": 1,
                "703": 1,
                "702": 1,
                "701": 2,
                "700": 2,
                "699": 3,
                "698": 3,
                "697": 3,
                "696": 4,
                "695": 4,
                "694": 4,
                "693": 6,
                "692": 7,
                "691": 7,
                "690": 7,
                "689": 8,
                "688": 8,
                "687": 11,
                "686": 12,
                "685": 13,
                "684": 14,
                "683": 17,
                "682": 18,
                "681": 21,
                "680": 28,
                "679": 33,
                "678": 37,
                "677": 47,
                "676": 56,
                "675": 64,
                "674": 70,
                "673": 78,
                "672": 84,
                "671": 88,
                "670": 98,
                "669": 108,
                "668": 117,
                "667": 120,
                "666": 131,
                "665": 141,
                "664": 156,
                "663": 172,
                "662": 190,
                "661": 210,
                "660": 225,
                "659": 244,
                "658": 263,
                "657": 286,
                "656": 310,
                "655": 333,
                "654": 366,
                "653": 397,
                "652": 425,
                "651": 461,
                "650": 490,
                "649": 515,
                "648": 543,
                "647": 582,
                "646": 616,
                "645": 650,
                "644": 697,
                "643": 748,
                "642": 800,
                "641": 848,
                "640": 893,
                "639": 952,
                "638": 1001,
                "637": 1057,
                "636": 1115,
                "635": 1174,
                "634": 1258,
                "633": 1324,
                "632": 1389,
                "631": 1461,
                "630": 1540,
                "629": 1629,
                "628": 1712,
                "627": 1815,
                "626": 1899,
                "625": 1989,
                "624": 2084,
                "623": 2170,
                "622": 2268,
                "621": 2376,
                "620": 2479,
                "619": 2577,
                "618": 2688,
                "617": 2814,
                "616": 2925,
                "615": 3054,
                "614": 3181,
                "613": 3301,
                "612": 3436,
                "611": 3579,
                "610": 3721,
                "609": 3879,
                "608": 4004,
                "607": 4155,
                "606": 4307,
                "605": 4478,
                "604": 4656,
                "603": 4821,
                "602": 5013,
                "601": 5180,
                "600": 5388,
                "599": 5570,
                "598": 5764,
                "597": 5961,
                "596": 6181,
                "595": 6393,
                "594": 6592,
                "593": 6814,
                "592": 7025,
                "591": 7258,
                "590": 7503,
                "589": 7742,
                "588": 7973,
                "587": 8201,
                "586": 8468,
                "585": 8743,
                "584": 8977,
                "583": 9238,
                "582": 9512,
                "581": 9790,
                "580": 10042,
                "579": 10323,
                "578": 10583,
                "577": 10908,
                "576": 11224,
                "575": 11562,
                "574": 11875,
                "573": 12197,
                "572": 12528,
                "571": 12850,
                "570": 13207,
                "569": 13530,
                "568": 13902,
                "567": 14277,
                "566": 14654,
                "565": 15010,
                "564": 15395,
                "563": 15792,
                "562": 16186,
                "561": 16591,
                "560": 17011,
                "559": 17432,
                "558": 17860,
                "557": 18284,
                "556": 18735,
                "555": 19209,
                "554": 19657,
                "553": 20129,
                "552": 20574,
                "551": 21050,
                "550": 21517,
                "549": 22018,
                "548": 22517,
                "547": 23063,
                "546": 23562,
                "545": 24062,
                "544": 24537,
                "543": 25094,
                "542": 25589,
                "541": 26183,
                "540": 26720,
                "539": 27321,
                "538": 27899,
                "537": 28512,
                "536": 29086,
                "535": 29698,
                "534": 30279,
                "533": 30909,
                "532": 31491,
                "531": 32109,
                "530": 32767,
                "529": 33436,
                "528": 34046,
                "527": 34767,
                "526": 35423,
                "525": 36052,
                "524": 36776,
                "523": 37472,
                "522": 38213,
                "521": 38922,
                "520": 39659,
                "519": 40378,
                "518": 41109,
                "517": 41862,
                "516": 42612,
                "515": 43318,
                "514": 44040,
                "513": 44805,
                "512": 45611,
                "511": 46444,
                "510": 47314,
                "509": 48152,
                "508": 48990,
                "507": 49819,
                "506": 50680,
                "505": 51492,
                "504": 52339,
                "503": 53208,
                "502": 54063,
                "501": 54920,
                "500": 55773,
                "499": 56691,
                "498": 57590,
                "497": 58559,
                "496": 59475,
                "495": 60467,
                "494": 61393,
                "493": 62377,
                "492": 63351,
                "491": 64309,
                "490": 65273,
                "489": 66236,
                "488": 67201,
                "487": 68200
            }
        }
    }
}