{
    "2017": {
        "云南": {
            "文科": {
                "700": 0,
                "695": 2,
                "690": 5,
                "685": 7,
                "680": 10,
                "675": 20,
                "670": 31,
                "665": 53,
                "660": 59,
                "655": 79,
                "650": 125,
                "645": 196,
                "640": 287,
                "635": 404,
                "630": 546,
                "625": 740,
                "620": 947,
                "615": 1198,
                "610": 1460,
                "605": 1822,
                "600": 2193,
                "595": 2693,
                "590": 3217,
                "585": 3802,
                "580": 4434,
                "575": 5123,
                "570": 5915,
                "565": 6728,
                "560": 7663,
                "555": 8701,
                "550": 9776,
                "545": 11016,
                "540": 12288,
                "535": 13664,
                "530": 15092,
                "525": 16708,
                "520": 18447,
                "515": 20178,
                "510": 22116,
                "505": 24131,
                "500": 26253,
                "495": 28464,
                "490": 30739,
                "485": 33196,
                "480": 35721,
                "475": 38244,
                "470": 40897,
                "465": 43582,
                "460": 46342,
                "455": 49072,
                "450": 51941,
                "445": 54853,
                "440": 57724,
                "435": 60563,
                "430": 63352,
                "425": 66268,
                "420": 69177,
                "415": 72017,
                "410": 74781,
                "405": 77409,
                "400": 80058,
                "395": 82597,
                "390": 85097,
                "385": 87443,
                "380": 89640,
                "375": 91711,
                "370": 93620,
                "365": 95415,
                "360": 97051,
                "355": 98538,
                "350": 99896,
                "345": 101137,
                "340": 102233,
                "335": 103177,
                "330": 104009,
                "325": 104757,
                "320": 105386,
                "315": 105955,
                "310": 106459,
                "305": 106857,
                "300": 107226,
                "295": 107581,
                "290": 107852,
                "285": 108054,
                "280": 108251,
                "275": 108394,
                "270": 108519,
                "265": 108635,
                "260": 108735,
                "255": 108808,
                "250": 108860,
                "245": 108925,
                "240": 108977,
                "235": 109011,
                "230": 109051,
                "225": 109078,
                "220": 109101,
                "215": 109123,
                "210": 109143,
                "205": 109152,
                "200": 109168,
                "195": 109177,
                "190": 109184,
                "185": 109197,
                "180": 109205,
                "175": 109208,
                "170": 109210,
                "165": 109217,
                "160": 109224,
                "155": 109231,
                "150": 109235,
                "145": 109241,
                "140": 109246,
                "135": 109248,
                "130": 109250,
                "125": 109256,
                "120": 109259,
                "115": 109262,
                "110": 109268,
                "105": 109268,
                "100": 109268,
                "0": 115414
            }
        }
    }
}