{
    "2018": {
        "云南": {
            "理科": {
                "700": 56,
                "699": 59,
                "698": 62,
                "697": 64,
                "696": 65,
                "695": 74,
                "694": 78,
                "693": 81,
                "692": 87,
                "691": 98,
                "690": 108,
                "689": 117,
                "688": 133,
                "687": 149,
                "686": 164,
                "685": 181,
                "684": 198,
                "683": 217,
                "682": 237,
                "681": 251,
                "680": 278,
                "679": 305,
                "678": 328,
                "677": 356,
                "676": 384,
                "675": 408,
                "674": 438,
                "673": 467,
                "672": 493,
                "671": 526,
                "670": 555,
                "669": 588,
                "668": 629,
                "667": 681,
                "666": 724,
                "665": 759,
                "664": 818,
                "663": 882,
                "662": 939,
                "661": 986,
                "660": 1030,
                "659": 1099,
                "658": 1174,
                "657": 1239,
                "656": 1303,
                "655": 1370,
                "654": 1450,
                "653": 1523,
                "652": 1599,
                "651": 1672,
                "650": 1745,
                "649": 1830,
                "648": 1915,
                "647": 1990,
                "646": 2086,
                "645": 2167,
                "644": 2276,
                "643": 2366,
                "642": 2457,
                "641": 2579,
                "640": 2687,
                "639": 2786,
                "638": 2892,
                "637": 2996,
                "636": 3122,
                "635": 3233,
                "634": 3357,
                "633": 3471,
                "632": 3609,
                "631": 3734,
                "630": 3859,
                "629": 3994,
                "628": 4127,
                "627": 4275,
                "626": 4439,
                "625": 4601,
                "624": 4758,
                "623": 4919,
                "622": 5045,
                "621": 5205,
                "620": 5366,
                "619": 5535,
                "618": 5693,
                "617": 5880,
                "616": 6050,
                "615": 6228,
                "614": 6421,
                "613": 6591,
                "612": 6797,
                "611": 6989,
                "610": 7189,
                "609": 7410,
                "608": 7574,
                "607": 7769,
                "606": 7961,
                "605": 8182,
                "604": 8400,
                "603": 8575,
                "602": 8764,
                "601": 8969,
                "600": 9165,
                "599": 9391,
                "598": 9594,
                "597": 9808,
                "596": 10048,
                "595": 10287,
                "594": 10531,
                "593": 10764,
                "592": 11027,
                "591": 11279,
                "590": 11529,
                "589": 11788,
                "588": 12014,
                "587": 12264,
                "586": 12530,
                "585": 12767,
                "584": 13040,
                "583": 13320,
                "582": 13574,
                "581": 13840,
                "580": 14115,
                "579": 14407,
                "578": 14669,
                "577": 14960,
                "576": 15258,
                "575": 15578,
                "574": 15872,
                "573": 16149,
                "572": 16443,
                "571": 16757,
                "570": 17053,
                "569": 17341,
                "568": 17674,
                "567": 18003,
                "566": 18320,
                "565": 18651,
                "564": 18963,
                "563": 19276,
                "562": 19598,
                "561": 19925,
                "560": 20287,
                "559": 20635,
                "558": 20977,
                "557": 21365,
                "556": 21672,
                "555": 22056,
                "554": 22452,
                "553": 22819,
                "552": 23167,
                "551": 23513,
                "550": 23882,
                "549": 24258,
                "548": 24648,
                "547": 25005,
                "546": 25385,
                "545": 25763,
                "544": 26156,
                "543": 26518,
                "542": 26898,
                "541": 27269,
                "540": 27666,
                "539": 28094,
                "538": 28494,
                "537": 28906,
                "536": 29315,
                "535": 29729,
                "534": 30122,
                "533": 30529,
                "532": 30954,
                "531": 31378,
                "530": 31804
            }
        }
    }
}