{
    "2018": {
        "云南": {
            "文科": {
                "671": 50,
                "670": 55,
                "669": 62,
                "668": 66,
                "667": 68,
                "666": 76,
                "665": 86,
                "664": 93,
                "663": 103,
                "662": 113,
                "661": 121,
                "660": 133,
                "659": 150,
                "658": 164,
                "657": 176,
                "656": 187,
                "655": 209,
                "654": 226,
                "653": 247,
                "652": 273,
                "651": 297,
                "650": 329,
                "649": 358,
                "648": 376,
                "647": 403,
                "646": 432,
                "645": 461,
                "644": 496,
                "643": 542,
                "642": 586,
                "641": 620,
                "640": 678,
                "639": 716,
                "638": 761,
                "637": 797,
                "636": 853,
                "635": 908,
                "634": 953,
                "633": 999,
                "632": 1043,
                "631": 1086,
                "630": 1133,
                "629": 1196,
                "628": 1270,
                "627": 1346,
                "626": 1417,
                "625": 1489,
                "624": 1554,
                "623": 1644,
                "622": 1721,
                "621": 1813,
                "620": 1906,
                "619": 2003,
                "618": 2103,
                "617": 2206,
                "616": 2307,
                "615": 2400,
                "614": 2485,
                "613": 2592,
                "612": 2707,
                "611": 2831,
                "610": 2950,
                "609": 3061,
                "608": 3202,
                "607": 3308,
                "606": 3443,
                "605": 3588,
                "604": 3732,
                "603": 3880,
                "602": 4013,
                "601": 4155,
                "600": 4285,
                "599": 4428,
                "598": 4570,
                "597": 4730,
                "596": 4889,
                "595": 5051,
                "594": 5263,
                "593": 5448,
                "592": 5612,
                "591": 5807,
                "590": 5988,
                "589": 6184,
                "588": 6355,
                "587": 6558,
                "586": 6772,
                "585": 6961,
                "584": 7175,
                "583": 7404,
                "582": 7624,
                "581": 7853,
                "580": 8096,
                "579": 8326,
                "578": 8549,
                "577": 8750,
                "576": 8966,
                "575": 9215
            }
        }
    }
}