{
    "2018": {
        "广西": {
            "文科": {
                "660": 11,
                "659": 11,
                "658": 11,
                "657": 12,
                "656": 12,
                "655": 16,
                "654": 18,
                "653": 24,
                "652": 25,
                "651": 30,
                "650": 34,
                "649": 37,
                "648": 45,
                "647": 49,
                "646": 55,
                "645": 60,
                "644": 64,
                "643": 72,
                "642": 81,
                "641": 94,
                "640": 100,
                "639": 108,
                "638": 115,
                "637": 132,
                "636": 141,
                "635": 155,
                "634": 168,
                "633": 179,
                "632": 198,
                "631": 215,
                "630": 230,
                "629": 247,
                "628": 272,
                "627": 296,
                "626": 320,
                "625": 335,
                "624": 354,
                "623": 380,
                "622": 409,
                "621": 428,
                "620": 444,
                "619": 472,
                "618": 498,
                "617": 540,
                "616": 573,
                "615": 620,
                "614": 651,
                "613": 683,
                "612": 730,
                "611": 775,
                "610": 823,
                "609": 866,
                "608": 912,
                "607": 946,
                "606": 1001,
                "605": 1058,
                "604": 1111,
                "603": 1166,
                "602": 1224,
                "601": 1292,
                "600": 1342,
                "599": 1391,
                "598": 1442,
                "597": 1511,
                "596": 1585,
                "595": 1664,
                "594": 1734,
                "593": 1815,
                "592": 1904,
                "591": 1981,
                "590": 2068,
                "589": 2143,
                "588": 2216,
                "587": 2292,
                "586": 2367,
                "585": 2442,
                "584": 2538,
                "583": 2613,
                "582": 2708,
                "581": 2819,
                "580": 2921,
                "579": 3039,
                "578": 3157,
                "577": 3254,
                "576": 3346,
                "575": 3452,
                "574": 3588,
                "573": 3699,
                "572": 3837,
                "571": 3964,
                "570": 4100,
                "569": 4217,
                "568": 4350,
                "567": 4468,
                "566": 4580,
                "565": 4724,
                "564": 4849,
                "563": 4984,
                "562": 5126,
                "561": 5264,
                "560": 5412,
                "559": 5566,
                "558": 5714,
                "557": 5852,
                "556": 6004,
                "555": 6162,
                "554": 6325,
                "553": 6498,
                "552": 6657,
                "551": 6813,
                "550": 7006,
                "549": 7174,
                "548": 7345,
                "547": 7543,
                "546": 7735,
                "545": 7920,
                "544": 8088,
                "543": 8270,
                "542": 8484,
                "541": 8680,
                "540": 8884,
                "539": 9086,
                "538": 9290,
                "537": 9498,
                "536": 9715,
                "535": 9884,
                "534": 10063,
                "533": 10287,
                "532": 10518,
                "531": 10737,
                "530": 10919,
                "529": 11107,
                "528": 11297,
                "527": 11483,
                "526": 11694,
                "525": 11897,
                "524": 12114,
                "523": 12316,
                "522": 12529,
                "521": 12715,
                "520": 12936,
                "519": 13158,
                "518": 13384,
                "517": 13595,
                "516": 13786,
                "515": 14020,
                "514": 14265,
                "513": 14489,
                "512": 14718,
                "511": 14917,
                "510": 15160,
                "509": 15393,
                "508": 15630,
                "507": 15863,
                "506": 16084,
                "505": 16305,
                "504": 16542,
                "503": 16799,
                "502": 17029,
                "501": 17268,
                "500": 17513,
                "499": 17744,
                "498": 18019,
                "497": 18266,
                "496": 18516,
                "495": 18750,
                "494": 19012,
                "493": 19265,
                "492": 19511,
                "491": 19730,
                "490": 20003,
                "489": 20250,
                "488": 20535,
                "487": 20796,
                "486": 21089,
                "485": 21401,
                "484": 21671,
                "483": 21946,
                "482": 22184,
                "481": 22470,
                "480": 22732,
                "479": 22981,
                "478": 23245,
                "477": 23516,
                "476": 23775,
                "475": 24037,
                "474": 24292,
                "473": 24563,
                "472": 24823,
                "471": 25106,
                "470": 25376,
                "469": 25661,
                "468": 25961,
                "467": 26263,
                "466": 26541,
                "465": 26807,
                "464": 27101,
                "463": 27400,
                "462": 27682,
                "461": 27979,
                "460": 28291,
                "459": 28585,
                "458": 28887,
                "457": 29194,
                "456": 29502,
                "455": 29806,
                "454": 30131,
                "453": 30436,
                "452": 30770,
                "451": 31096,
                "450": 31428,
                "449": 31725,
                "448": 32018,
                "447": 32335,
                "446": 32631,
                "445": 32914,
                "444": 33233,
                "443": 33553,
                "442": 33867,
                "441": 34183,
                "440": 34517,
                "439": 34823,
                "438": 35120,
                "437": 35457,
                "436": 35810,
                "435": 36117,
                "434": 36456,
                "433": 36791,
                "432": 37122,
                "431": 37442,
                "430": 37805,
                "429": 38157,
                "428": 38527,
                "427": 38865,
                "426": 39200,
                "425": 39532,
                "424": 39882,
                "423": 40233,
                "422": 40553,
                "421": 40909,
                "420": 41273,
                "419": 41634,
                "418": 41994,
                "417": 42351,
                "416": 42692,
                "415": 43081,
                "414": 43427,
                "413": 43808,
                "412": 44181,
                "411": 44579,
                "410": 44954,
                "409": 45312,
                "408": 45669,
                "407": 46020,
                "406": 46410,
                "405": 46787,
                "404": 47197,
                "403": 47588,
                "402": 47999,
                "401": 48388,
                "400": 48784,
                "399": 49161,
                "398": 49532,
                "397": 49920,
                "396": 50316,
                "395": 50707,
                "394": 51139,
                "393": 51523,
                "392": 51943,
                "391": 52362,
                "390": 52778,
                "389": 53157,
                "388": 53574,
                "387": 53938,
                "386": 54319,
                "385": 54737,
                "384": 55110,
                "383": 55529,
                "382": 55914,
                "381": 56317,
                "380": 56727,
                "379": 57140,
                "378": 57561,
                "377": 57944,
                "376": 58374,
                "375": 58795,
                "374": 59182,
                "373": 59596,
                "372": 60010,
                "371": 60462,
                "370": 60866,
                "369": 61263,
                "368": 61676,
                "367": 62105,
                "366": 62499,
                "365": 62917,
                "364": 63337,
                "363": 63750,
                "362": 64172,
                "361": 64609,
                "360": 65046,
                "359": 65450,
                "358": 65875,
                "357": 66325,
                "356": 66732,
                "355": 67190,
                "354": 67594,
                "353": 68005,
                "352": 68427,
                "351": 68883,
                "350": 69308,
                "349": 69762,
                "348": 70178,
                "347": 70585,
                "346": 71024,
                "345": 71412,
                "344": 71814,
                "343": 72216,
                "342": 72685,
                "341": 73137,
                "340": 73526,
                "339": 73949,
                "338": 74355,
                "337": 74775,
                "336": 75218,
                "335": 75624,
                "334": 76037,
                "333": 76463,
                "332": 76882,
                "331": 77325,
                "330": 77760,
                "329": 78209,
                "328": 78637,
                "327": 79051,
                "326": 79482,
                "325": 79893,
                "324": 80283,
                "323": 80670,
                "322": 81085,
                "321": 81453,
                "320": 81858,
                "319": 82252,
                "318": 82621,
                "317": 83027,
                "316": 83400,
                "315": 83787,
                "314": 84192,
                "313": 84586,
                "312": 84979,
                "311": 85348,
                "310": 85742,
                "309": 86108,
                "308": 86483,
                "307": 86860,
                "306": 87248,
                "305": 87613,
                "304": 87992,
                "303": 88354,
                "302": 88703,
                "301": 89049,
                "300": 89393,
                "299": 89731,
                "298": 90037,
                "297": 90367,
                "296": 90723,
                "295": 91050,
                "294": 91385,
                "293": 91682,
                "292": 92007,
                "291": 92334,
                "290": 92654,
                "289": 92921,
                "288": 93218,
                "287": 93525,
                "286": 93841,
                "285": 94116,
                "284": 94447,
                "283": 94742,
                "282": 95057,
                "281": 95331,
                "280": 95613,
                "279": 95860,
                "278": 96130,
                "277": 96372,
                "276": 96640,
                "275": 96922,
                "274": 97182,
                "273": 97430,
                "272": 97697,
                "271": 97919,
                "270": 98152,
                "269": 98389,
                "268": 98644,
                "267": 98841,
                "266": 99064,
                "265": 99295,
                "264": 99526,
                "263": 99738,
                "262": 99960,
                "261": 100173,
                "260": 100395,
                "259": 100606,
                "258": 100816,
                "257": 101007,
                "256": 101178,
                "255": 101366,
                "254": 101529,
                "253": 101714,
                "252": 101885,
                "251": 102053,
                "250": 102213,
                "249": 102371,
                "248": 102524,
                "247": 102667,
                "246": 102829,
                "245": 102996,
                "244": 103151,
                "243": 103302,
                "242": 103445,
                "241": 103569,
                "240": 103703,
                "239": 103826,
                "238": 103961,
                "237": 104102,
                "236": 104234,
                "235": 104365,
                "234": 104485,
                "233": 104610,
                "232": 104726,
                "231": 104846,
                "230": 104947,
                "229": 105055,
                "228": 105161,
                "227": 105276,
                "226": 105360,
                "225": 105470,
                "224": 105582,
                "223": 105666,
                "222": 105746,
                "221": 105821,
                "220": 105902,
                "219": 105995,
                "218": 106082,
                "217": 106152,
                "216": 106229,
                "215": 106317,
                "214": 106382,
                "213": 106432,
                "212": 106500,
                "211": 106562,
                "210": 106642,
                "209": 106709,
                "208": 106773,
                "207": 106828,
                "206": 106882,
                "205": 106948,
                "204": 107003,
                "203": 107043,
                "202": 107085,
                "201": 107128,
                "200": 107172
            }
        }
    }
}