{
  "2018": {
         "山东省": {
              "文科": {
                "663": 24,
                "662": 29,
                "661": 37,
                "660": 45,
                "659": 54,
                "658": 65,
                "657": 76,
                "656": 89,
                "655": 106,
                "654": 118,
                "653": 133,
                "652": 151,
                "651": 172,
                "650": 190,
                "649": 218,
                "648": 239,
                "647": 265,
                "646": 289,
                "645": 314,
                "644": 357,
                "643": 389,
                "642": 432,
                "641": 474,
                "640": 514,
                "639": 561,
                "638": 606,
                "637": 658,
                "636": 704,
                "635": 757,
                "634": 811,
                "633": 875,
                "632": 943,
                "631": 1010,
                "630": 1075,
                "629": 1158,
                "628": 1231,
                "627": 1313,
                "626": 1405,
                "625": 1491,
                "624": 1581,
                "623": 1680,
                "622": 1791,
                "621": 1894,
                "620": 1999,
                "619": 2122,
                "618": 2232,
                "617": 2358,
                "616": 2484,
                "615": 2640,
                "614": 2780,
                "613": 2936,
                "612": 3095,
                "611": 3247,
                "610": 3402,
                "609": 3571,
                "608": 3734,
                "607": 3903,
                "606": 4088,
                "605": 4263,
                "604": 4462,
                "603": 4657,
                "602": 4859,
                "601": 5068,
                "600": 5255,
                "599": 5471,
                "598": 5682,
                "597": 5900,
                "596": 6154,
                "589": 8013,
                "588": 8327,
                "587": 8633,
                "586": 8924,
                "585": 9235,
                "584": 9546,
                "583": 9839,
                "582": 10150,
                "581": 10506,
                "580": 10827,
                "579": 11158,
                "578": 11519,
                "577": 11873,
                "576": 12249,
                "575": 12580,
                "574": 12970,
                "573": 13386,
                "572": 13742,
                "571": 14130,
                "570": 14568,
                "569": 14979,
                "568": 15415,
                "567": 15853,
                "566": 16307,
                "565": 16773,
                "564": 17218,
                "563": 17682,
                "562": 18150,
                "561": 18611,
                "560": 19067,
                "559": 19553,
                "558": 20027,
                "557": 20495,
                "556": 20976,
                "555": 21502,
                "554": 21999,
                "553": 22504,
                "552": 22998,
                "551": 23531,
                "550": 24052,
                "549": 24582,
                "548": 25110,
                "547": 25707,
                "546": 26274,
                "545": 26771,
                "544": 27377,
                "543": 27930,
                "542": 28497,
                "541": 29058,
                "540": 29636,
                "539": 30264,
                "538": 30850,
                "537": 31412,
                "536": 31996,
                "535": 32548,
                "534": 33163,
                "533": 33754,
                "532": 34322,
                "531": 34926,
                "530": 35531,
                "529": 36114,
                "528": 36759,
                "527": 37341,
                "526": 38013,
                "525": 38633,
                "524": 39281,
                "523": 39893,
                "522": 40495,
                "521": 41107,
                "520": 41728,
                "519": 42331,
                "518": 42912,
                "517": 43531,
                "516": 44127,
                "515": 44708,
                "514": 45357,
                "513": 45955,
                "512": 46582,
                "511": 47191,
                "510": 47778,
                "509": 48373,
                "508": 48962,
                "507": 49586,
                "506": 50171,
                "505": 50734"
      }
    }
  }
}