{
    "2018": {
        "重庆": {
            "理科": {
                "700": 10,
                "699": 15,
                "698": 21,
                "697": 22,
                "696": 26,
                "695": 33,
                "694": 39,
                "693": 44,
                "692": 54,
                "691": 58,
                "690": 70,
                "689": 79,
                "688": 89,
                "687": 101,
                "686": 112,
                "685": 129,
                "684": 154,
                "683": 169,
                "682": 186,
                "681": 206,
                "680": 224,
                "679": 247,
                "678": 263,
                "677": 288,
                "676": 324,
                "675": 367,
                "674": 410,
                "673": 452,
                "672": 497,
                "671": 546,
                "670": 593,
                "669": 632,
                "668": 677,
                "667": 750,
                "666": 807,
                "665": 864,
                "664": 936,
                "663": 1008,
                "662": 1081,
                "661": 1152,
                "660": 1229,
                "659": 1298,
                "658": 1387,
                "657": 1455,
                "656": 1541,
                "655": 1624,
                "654": 1700,
                "653": 1773,
                "652": 1876,
                "651": 1988,
                "650": 2092,
                "649": 2195,
                "648": 2306,
                "647": 2416,
                "646": 2530,
                "645": 2642,
                "644": 2758,
                "643": 2878,
                "642": 3018,
                "641": 3142,
                "640": 3251,
                "639": 3403,
                "638": 3536,
                "637": 3674,
                "636": 3835,
                "635": 3994,
                "634": 4130,
                "633": 4286,
                "632": 4443,
                "631": 4600,
                "630": 4709,
                "629": 4861,
                "628": 5036
            }
        }
    }
}