{
    "2018": {
        "天津": {
            "理科": {
                "698": 24,
                "697": 29,
                "696": 36,
                "695": 41,
                "694": 43,
                "693": 53,
                "692": 58,
                "691": 70,
                "690": 87,
                "689": 104,
                "688": 115,
                "687": 135,
                "686": 150,
                "685": 163,
                "684": 184,
                "683": 206,
                "682": 218,
                "681": 237,
                "680": 261,
                "679": 296,
                "678": 330,
                "677": 363,
                "676": 391,
                "675": 418,
                "674": 442,
                "673": 482,
                "672": 517,
                "671": 558,
                "670": 602,
                "669": 639,
                "668": 683,
                "667": 731,
                "666": 783,
                "665": 823,
                "664": 859,
                "663": 914,
                "662": 969,
                "661": 1014,
                "660": 1070,
                "659": 1126,
                "658": 1180,
                "657": 1238,
                "656": 1294,
                "655": 1347,
                "654": 1395,
                "653": 1441,
                "652": 1496,
                "651": 1552,
                "650": 1619,
                "649": 1685,
                "648": 1751,
                "647": 1821,
                "646": 1902,
                "645": 1990,
                "644": 2080,
                "643": 2144,
                "642": 2209,
                "641": 2285,
                "640": 2359,
                "639": 2442,
                "638": 2520,
                "637": 2600,
                "636": 2676,
                "635": 2771,
                "634": 2845,
                "633": 2952,
                "632": 3029,
                "631": 3113,
                "630": 3200,
                "629": 3266,
                "628": 3359,
                "627": 3447,
                "626": 3529,
                "625": 3624,
                "624": 3704,
                "623": 3803,
                "622": 3893,
                "621": 3975,
                "620": 4067,
                "619": 4163,
                "618": 4252,
                "617": 4349,
                "616": 4432,
                "615": 4532,
                "614": 4647,
                "613": 4739,
                "612": 4811,
                "611": 4914,
                "610": 5031,
                "609": 5148,
                "608": 5259,
                "607": 5359,
                "606": 5447,
                "605": 5549,
                "604": 5672,
                "603": 5771,
                "602": 5877,
                "601": 5991,
                "600": 6086,
                "599": 6178,
                "598": 6291,
                "597": 6425
            }
        }
    }
}