{
    "2018": {
        "辽宁": {
            "文科": {
                "652": 10,
                "651": 11,
                "650": 13,
                "649": 14,
                "648": 15,
                "647": 17,
                "646": 24,
                "645": 29,
                "644": 32,
                "643": 38,
                "642": 45,
                "641": 55,
                "640": 60,
                "639": 68,
                "638": 75,
                "637": 80,
                "636": 94,
                "635": 110,
                "634": 123,
                "633": 134,
                "632": 147,
                "631": 158,
                "630": 167,
                "629": 180,
                "628": 200,
                "627": 221,
                "626": 241,
                "625": 255,
                "624": 275,
                "623": 295,
                "622": 316,
                "621": 349,
                "620": 378,
                "619": 407,
                "618": 451,
                "617": 486,
                "616": 524,
                "615": 558,
                "614": 595,
                "613": 641,
                "612": 679,
                "611": 721,
                "610": 777,
                "609": 817,
                "608": 873,
                "607": 926,
                "606": 992,
                "605": 1045,
                "604": 1109,
                "603": 1159
            }
        }
    }
}