{
    "2018": {
        "北京": {
            "理科": {
                "705": 14,
                "704": 18,
                "703": 28,
                "702": 35,
                "701": 42,
                "700": 53,
                "699": 60,
                "698": 68,
                "697": 80,
                "696": 93,
                "695": 106,
                "694": 119,
                "693": 137,
                "692": 148,
                "691": 174,
                "690": 199,
                "689": 215,
                "688": 231,
                "687": 253,
                "686": 278,
                "685": 305,
                "684": 336,
                "683": 362,
                "682": 391,
                "681": 429,
                "680": 468,
                "679": 514,
                "678": 555,
                "677": 591,
                "676": 641,
                "675": 690,
                "674": 742,
                "673": 801,
                "672": 851,
                "671": 899,
                "670": 957,
                "669": 1002,
                "668": 1054,
                "667": 1114,
                "666": 1199,
                "665": 1251,
                "664": 1329,
                "663": 1394,
                "662": 1460,
                "661": 1528,
                "660": 1589,
                "659": 1668,
                "658": 1731,
                "657": 1805,
                "656": 1895,
                "655": 1962,
                "654": 2030,
                "653": 2116,
                "652": 2209,
                "651": 2289,
                "650": 2379,
                "649": 2469,
                "648": 2547,
                "647": 2633,
                "646": 2719,
                "645": 2814,
                "644": 2916,
                "643": 3021,
                "642": 3125,
                "641": 3209,
                "640": 3302,
                "639": 3415,
                "638": 3529,
                "637": 3644,
                "636": 3750,
                "635": 3872,
                "634": 3996,
                "633": 4116,
                "632": 4218,
                "631": 4325,
                "630": 4427,
                "629": 4559,
                "628": 4680
            }
        }
    }
}