{
    "2018": {
        "贵州": {
            "文科": {
                "698": 16,
                "697": 18,
                "696": 19,
                "695": 27,
                "694": 28,
                "693": 31,
                "692": 33,
                "691": 36,
                "690": 39,
                "689": 44,
                "688": 49,
                "687": 52,
                "686": 54,
                "685": 61,
                "684": 67,
                "683": 74,
                "682": 82,
                "681": 96,
                "680": 104,
                "679": 113,
                "678": 124,
                "677": 136,
                "676": 146,
                "675": 164,
                "674": 182,
                "673": 200,
                "672": 221,
                "671": 239,
                "670": 257,
                "669": 274,
                "668": 309,
                "667": 320,
                "666": 343,
                "665": 361,
                "664": 377,
                "663": 395,
                "662": 420,
                "661": 452,
                "660": 479,
                "659": 514,
                "658": 547,
                "657": 583,
                "656": 618,
                "655": 647,
                "654": 681,
                "653": 716,
                "652": 749,
                "651": 796,
                "650": 838,
                "649": 886,
                "648": 929,
                "647": 976,
                "646": 1022,
                "645": 1080,
                "644": 1131,
                "643": 1194,
                "642": 1246,
                "641": 1303,
                "640": 1370,
                "639": 1439,
                "638": 1517,
                "637": 1576,
                "636": 1639,
                "635": 1703,
                "634": 1769,
                "633": 1832,
                "632": 1911,
                "631": 1989,
                "630": 2076,
                "629": 2165,
                "628": 2238,
                "627": 2305,
                "626": 2388,
                "625": 2471,
                "624": 2559,
                "623": 2636,
                "622": 2742,
                "621": 2813,
                "620": 2893,
                "619": 2993,
                "618": 3091,
                "617": 3180,
                "616": 3276,
                "615": 3382,
                "614": 3524,
                "613": 3631,
                "612": 3739,
                "611": 3858,
                "610": 3977,
                "609": 4086,
                "608": 4200,
                "607": 4337,
                "606": 4492,
                "605": 4610,
                "604": 4741,
                "603": 4874,
                "602": 5008,
                "601": 5125,
                "600": 5274,
                "599": 5412,
                "598": 5559,
                "597": 5715,
                "596": 5873,
                "595": 6009,
                "594": 6170,
                "593": 6321,
                "592": 6471,
                "591": 6632,
                "590": 6816,
                "589": 6975,
                "588": 7150,
                "587": 7326,
                "586": 7507,
                "585": 7677,
                "584": 7868,
                "583": 8077,
                "582": 8289,
                "581": 8475,
                "580": 8666,
                "579": 8857,
                "578": 9075,
                "577": 9272,
                "576": 9479,
                "575": 9704,
                "574": 9907,
                "573": 10103,
                "572": 10328,
                "571": 10563,
                "570": 10789,
                "569": 11036,
                "568": 11263,
                "567": 11477,
                "566": 11707,
                "565": 11940,
                "564": 12187,
                "563": 12434,
                "562": 12719,
                "561": 12962,
                "560": 13229,
                "559": 13481,
                "558": 13736,
                "557": 13990,
                "556": 14282,
                "555": 14541,
                "554": 14815,
                "553": 15094,
                "552": 15364,
                "551": 15654,
                "550": 15946,
                "549": 16220,
                "548": 16512,
                "547": 16818,
                "546": 17111,
                "545": 17419,
                "544": 17733,
                "543": 18061,
                "542": 18412,
                "541": 18741,
                "540": 19081,
                "539": 19423,
                "538": 19747,
                "537": 20101,
                "536": 20468,
                "535": 20806,
                "534": 21167,
                "533": 21551,
                "532": 21902,
                "531": 22257,
                "530": 22604,
                "529": 23031,
                "528": 23433,
                "527": 23789,
                "526": 24201,
                "525": 24613,
                "524": 25032,
                "523": 25450,
                "522": 25832,
                "521": 26268,
                "520": 26695,
                "519": 27132,
                "518": 27575,
                "517": 28032,
                "516": 28513,
                "515": 28953,
                "514": 29391,
                "513": 29880,
                "512": 30336,
                "511": 30794,
                "510": 31258,
                "509": 31766,
                "508": 32208,
                "507": 32665,
                "506": 33210,
                "505": 33718,
                "504": 34222,
                "503": 34678,
                "502": 35212,
                "501": 35748,
                "500": 36250,
                "499": 36792,
                "498": 37314,
                "497": 37807,
                "496": 38358,
                "495": 38899,
                "494": 39430,
                "493": 39993,
                "492": 40495,
                "491": 41040,
                "490": 41599,
                "489": 42160,
                "488": 42710,
                "487": 43299,
                "486": 43822,
                "485": 44447,
                "484": 45004,
                "483": 45569,
                "482": 46121,
                "481": 46679,
                "480": 47263,
                "479": 47848,
                "478": 48415,
                "477": 49045,
                "476": 49617,
                "475": 50214,
                "474": 50793,
                "473": 51351,
                "472": 51917,
                "471": 52489,
                "470": 53062,
                "469": 53622,
                "468": 54225,
                "467": 54845,
                "466": 55409,
                "465": 55969,
                "464": 56529,
                "463": 57164,
                "462": 57706,
                "461": 58323,
                "460": 58883,
                "459": 59510,
                "458": 60108,
                "457": 60715,
                "456": 61338,
                "455": 61900,
                "454": 62512,
                "453": 63089,
                "452": 63699,
                "451": 64293,
                "450": 64916,
                "449": 65503,
                "448": 66099,
                "447": 66694,
                "446": 67282,
                "445": 67895,
                "444": 68488,
                "443": 69117,
                "442": 69717,
                "441": 70254,
                "440": 70824,
                "439": 71415,
                "438": 72025,
                "437": 72602,
                "436": 73176,
                "435": 73755,
                "434": 74355,
                "433": 74919,
                "432": 75509,
                "431": 76061,
                "430": 76667,
                "429": 77264,
                "428": 77855,
                "427": 78372,
                "426": 78957,
                "425": 79572,
                "424": 80149,
                "423": 80697,
                "422": 81266,
                "421": 81816,
                "420": 82409,
                "419": 82945,
                "418": 83479,
                "417": 83978,
                "416": 84480,
                "415": 85035,
                "414": 85567,
                "413": 86075,
                "412": 86625,
                "411": 87134,
                "410": 87687,
                "409": 88195,
                "408": 88673,
                "407": 89195,
                "406": 89682,
                "405": 90176,
                "404": 90631,
                "403": 91140,
                "402": 91607,
                "401": 92072,
                "400": 92503,
                "399": 92954,
                "398": 93401,
                "397": 93854,
                "396": 94347,
                "395": 94767,
                "394": 95219,
                "393": 95643,
                "392": 96082,
                "391": 96523,
                "390": 96953,
                "389": 97376,
                "388": 97824,
                "387": 98240,
                "386": 98638,
                "385": 99033,
                "384": 99435,
                "383": 99807,
                "382": 100174,
                "381": 100517,
                "380": 100907,
                "379": 101242,
                "378": 101588,
                "377": 101948,
                "376": 102287,
                "375": 102647,
                "374": 102956,
                "373": 103267,
                "372": 103614,
                "371": 103953,
                "370": 104285,
                "369": 104606,
                "368": 104924,
                "367": 105194,
                "366": 105496,
                "365": 105790,
                "364": 106070,
                "363": 106328,
                "362": 106618,
                "361": 106879,
                "360": 107194,
                "359": 107461,
                "358": 107703,
                "357": 107969,
                "356": 108216,
                "355": 108465,
                "354": 108703,
                "353": 108946,
                "352": 109206,
                "351": 109441,
                "350": 109703,
                "349": 109948,
                "348": 110170,
                "347": 110403,
                "346": 110643,
                "345": 110849,
                "344": 111027,
                "343": 111243,
                "342": 111439,
                "341": 111636,
                "340": 111841,
                "339": 112023,
                "338": 112211,
                "337": 112412,
                "336": 112593,
                "335": 112764,
                "334": 112940,
                "333": 113109,
                "332": 113292,
                "331": 113479,
                "330": 113629,
                "329": 113793,
                "328": 113960,
                "327": 114108,
                "326": 114259,
                "325": 114387,
                "324": 114526,
                "323": 114671,
                "322": 114795,
                "321": 114961,
                "320": 115073,
                "319": 115200,
                "318": 115338,
                "317": 115474,
                "316": 115584,
                "315": 115702,
                "314": 115828,
                "313": 115932,
                "312": 116042,
                "311": 116156,
                "310": 116255,
                "309": 116358,
                "308": 116461,
                "307": 116558,
                "306": 116656,
                "305": 116740,
                "304": 116835,
                "303": 116926,
                "302": 117019,
                "301": 117109,
                "300": 117205,
                "299": 117275,
                "298": 117356,
                "297": 117446,
                "296": 117521,
                "295": 117590,
                "294": 117657,
                "293": 117738,
                "292": 117808,
                "291": 117881,
                "290": 117945,
                "289": 118000,
                "288": 118062,
                "287": 118125,
                "286": 118192,
                "285": 118272,
                "284": 118325,
                "283": 118387,
                "282": 118428,
                "281": 118480,
                "280": 118529,
                "279": 118577,
                "278": 118631,
                "277": 118699,
                "276": 118761,
                "275": 118816,
                "274": 118846,
                "273": 118887,
                "272": 118935,
                "271": 118980,
                "270": 119031,
                "269": 119061,
                "268": 119103,
                "267": 119132,
                "266": 119159,
                "265": 119197,
                "264": 119232,
                "263": 119263,
                "262": 119290,
                "261": 119318,
                "260": 119340,
                "259": 119373,
                "258": 119400,
                "257": 119438,
                "256": 119464,
                "255": 119482,
                "254": 119500,
                "253": 119526,
                "252": 119556,
                "251": 119572,
                "250": 119597,
                "249": 119622,
                "248": 119636,
                "247": 119658,
                "246": 119677,
                "245": 119698,
                "244": 119710,
                "243": 119730,
                "242": 119747,
                "241": 119757,
                "240": 119778,
                "239": 119790,
                "238": 119808,
                "237": 119823,
                "236": 119837,
                "235": 119855,
                "234": 119871,
                "233": 119884,
                "232": 119894,
                "231": 119907,
                "230": 119919,
                "229": 119928,
                "228": 119940,
                "227": 119951,
                "226": 119956,
                "225": 119970,
                "224": 119982,
                "223": 119986,
                "222": 119998,
                "221": 120011,
                "220": 120017,
                "219": 120024
            }
        }
    }
}