{
    "2018": {
        "海南": {
            "理科": {
                "938": 1,
                "927": 2,
                "915": 3,
                "909": 4,
                "902": 5,
                "897": 6,
                "893": 7,
                "889": 8,
                "885": 9,
                "882": 11,
                "879": 12,
                "878": 13,
                "876": 14,
                "874": 15,
                "870": 17,
                "869": 18,
                "866": 20,
                "861": 24,
                "859": 25,
                "857": 26,
                "856": 27,
                "855": 28,
                "854": 30,
                "852": 31,
                "851": 32,
                "849": 34,
                "848": 37,
                "845": 39,
                "844": 41,
                "843": 42,
                "842": 44,
                "841": 46,
                "840": 48,
                "838": 50,
                "837": 52,
                "836": 53,
                "835": 54,
                "833": 56,
                "832": 60,
                "831": 63,
                "830": 64,
                "829": 68,
                "828": 69,
                "827": 70,
                "826": 74,
                "824": 77,
                "823": 81,
                "822": 83,
                "821": 85,
                "820": 90,
                "819": 93,
                "818": 94,
                "817": 98,
                "816": 101,
                "815": 102,
                "814": 108,
                "813": 110,
                "811": 114,
                "810": 118,
                "809": 121,
                "808": 126,
                "807": 131,
                "806": 135,
                "805": 138,
                "804": 143,
                "803": 146,
                "802": 149,
                "801": 159,
                "800": 161,
                "799": 170,
                "798": 175,
                "797": 179,
                "796": 184,
                "795": 188,
                "794": 194,
                "793": 201,
                "792": 204,
                "791": 211,
                "790": 217,
                "789": 225,
                "788": 234,
                "787": 238,
                "786": 246,
                "785": 252,
                "784": 258,
                "783": 264,
                "782": 271,
                "781": 280,
                "780": 292,
                "779": 295,
                "778": 304,
                "777": 316,
                "776": 320,
                "775": 326,
                "774": 337,
                "773": 348,
                "772": 358,
                "771": 371,
                "770": 382,
                "769": 387,
                "768": 400,
                "767": 408,
                "766": 422,
                "765": 436,
                "764": 444,
                "763": 457,
                "762": 468,
                "761": 476,
                "760": 487,
                "759": 501,
                "758": 516,
                "757": 531,
                "756": 549,
                "755": 560,
                "754": 574,
                "753": 591,
                "752": 601,
                "751": 620,
                "750": 636,
                "749": 646,
                "748": 658,
                "747": 680,
                "746": 701,
                "745": 716,
                "744": 732,
                "743": 753,
                "742": 768,
                "741": 788,
                "740": 810,
                "739": 822,
                "738": 838,
                "737": 861,
                "736": 885,
                "735": 911,
                "734": 932,
                "733": 953,
                "732": 976,
                "731": 998,
                "730": 1023,
                "729": 1046,
                "728": 1068,
                "727": 1089,
                "726": 1111,
                "725": 1133,
                "724": 1163,
                "723": 1189,
                "722": 1211,
                "721": 1236,
                "720": 1265,
                "719": 1294,
                "718": 1326,
                "717": 1354,
                "716": 1388,
                "715": 1417,
                "714": 1442,
                "713": 1470,
                "712": 1502,
                "711": 1543,
                "710": 1584,
                "709": 1615,
                "708": 1652,
                "707": 1694,
                "706": 1718,
                "705": 1753,
                "704": 1790,
                "703": 1834,
                "702": 1875,
                "701": 1912,
                "700": 1947,
                "699": 1983,
                "698": 2027,
                "697": 2062,
                "696": 2102,
                "695": 2146,
                "694": 2183,
                "693": 2223,
                "692": 2276,
                "691": 2336,
                "690": 2374,
                "689": 2418,
                "688": 2461,
                "687": 2504,
                "686": 2565,
                "685": 2618,
                "684": 2672,
                "683": 2719,
                "682": 2763,
                "681": 2810,
                "680": 2853,
                "679": 2904,
                "678": 2963,
                "677": 3009,
                "676": 3062,
                "675": 3122,
                "674": 3185,
                "673": 3268,
                "672": 3325,
                "671": 3389,
                "670": 3446,
                "669": 3506,
                "668": 3561,
                "667": 3627,
                "666": 3688,
                "665": 3748,
                "664": 3817,
                "663": 3866,
                "662": 3934,
                "661": 3999,
                "660": 4062,
                "659": 4136,
                "658": 4227,
                "657": 4292,
                "656": 4375,
                "655": 4434,
                "654": 4515,
                "653": 4591,
                "652": 4669,
                "651": 4742,
                "650": 4820,
                "649": 4908,
                "648": 4997,
                "647": 5067,
                "646": 5153,
                "645": 5223,
                "644": 5308,
                "643": 5381,
                "642": 5486,
                "641": 5561,
                "640": 5655,
                "639": 5745,
                "638": 5811,
                "637": 5890,
                "636": 5976,
                "635": 6061,
                "634": 6139,
                "633": 6229,
                "632": 6321,
                "631": 6431,
                "630": 6525,
                "629": 6610,
                "628": 6709,
                "627": 6793,
                "626": 6883,
                "625": 6991,
                "624": 7082,
                "623": 7186,
                "622": 7277,
                "621": 7392,
                "620": 7498,
                "619": 7608,
                "618": 7710,
                "617": 7831,
                "616": 7952,
                "615": 8061,
                "614": 8159,
                "613": 8270,
                "612": 8378,
                "611": 8483,
                "610": 8591,
                "609": 8683,
                "608": 8789,
                "607": 8897,
                "606": 9015,
                "605": 9137,
                "604": 9245,
                "603": 9344,
                "602": 9484,
                "601": 9598,
                "600": 9722,
                "599": 9842,
                "598": 9967,
                "597": 10095,
                "596": 10200,
                "595": 10314,
                "594": 10431,
                "593": 10567,
                "592": 10685,
                "591": 10802,
                "590": 10925,
                "589": 11054,
                "588": 11172,
                "587": 11307,
                "586": 11433,
                "585": 11544,
                "584": 11683,
                "583": 11802,
                "582": 11948,
                "581": 12071,
                "580": 12192,
                "579": 12325,
                "578": 12448,
                "577": 12582,
                "576": 12715,
                "575": 12844,
                "574": 12977,
                "573": 13124,
                "572": 13270,
                "571": 13402,
                "570": 13555,
                "569": 13687,
                "568": 13821,
                "567": 13954,
                "566": 14076,
                "565": 14217,
                "564": 14334,
                "563": 14475,
                "562": 14627,
                "561": 14781,
                "560": 14914,
                "559": 15036,
                "558": 15179,
                "557": 15299,
                "556": 15423,
                "555": 15577,
                "554": 15733,
                "553": 15866,
                "552": 16022,
                "551": 16174,
                "550": 16309,
                "549": 16436,
                "548": 16570,
                "547": 16719,
                "546": 16855,
                "545": 16977,
                "544": 17105,
                "543": 17272,
                "542": 17396,
                "541": 17539,
                "540": 17671,
                "539": 17790
            }
        }
    }
}