{
    "2018": {
        "广西": {
            "理科": {
                "694": 11,
                "693": 13,
                "692": 14,
                "691": 17,
                "690": 20,
                "689": 23,
                "688": 27,
                "687": 28,
                "686": 32,
                "685": 39,
                "684": 45,
                "683": 55,
                "682": 62,
                "681": 69,
                "680": 78,
                "679": 90,
                "678": 99,
                "677": 111,
                "676": 121,
                "675": 131,
                "674": 147,
                "673": 156,
                "672": 176,
                "671": 182,
                "670": 194,
                "669": 218,
                "668": 246,
                "667": 270,
                "666": 295,
                "665": 311,
                "664": 341,
                "663": 357,
                "662": 396,
                "661": 423,
                "660": 460,
                "659": 494,
                "658": 541,
                "657": 573,
                "656": 611,
                "655": 649,
                "654": 693,
                "653": 728,
                "652": 786,
                "651": 843,
                "650": 886,
                "649": 938,
                "648": 994,
                "647": 1052,
                "646": 1113,
                "645": 1168,
                "644": 1228,
                "643": 1298,
                "642": 1383,
                "641": 1445,
                "640": 1523,
                "639": 1596,
                "638": 1677,
                "637": 1766,
                "636": 1850,
                "635": 1941,
                "634": 2018,
                "633": 2098,
                "632": 2187,
                "631": 2279,
                "630": 2370,
                "629": 2484,
                "628": 2596,
                "627": 2721,
                "626": 2833,
                "625": 2924,
                "624": 3021,
                "623": 3141,
                "622": 3251,
                "621": 3394,
                "620": 3512,
                "619": 3634,
                "618": 3752,
                "617": 3885,
                "616": 4037,
                "615": 4180,
                "614": 4320,
                "613": 4477,
                "612": 4602,
                "611": 4768,
                "610": 4907,
                "609": 5056,
                "608": 5204,
                "607": 5380,
                "606": 5542,
                "605": 5707,
                "604": 5868,
                "603": 6061,
                "602": 6253,
                "601": 6452,
                "600": 6658,
                "599": 6862,
                "598": 7044,
                "597": 7216,
                "596": 7407,
                "595": 7599,
                "594": 7787,
                "593": 7991,
                "592": 8192,
                "591": 8392,
                "590": 8603,
                "589": 8808,
                "588": 9004,
                "587": 9244,
                "586": 9471,
                "585": 9714,
                "584": 9943,
                "583": 10197,
                "582": 10432,
                "581": 10682,
                "580": 10927,
                "579": 11162,
                "578": 11424,
                "577": 11688,
                "576": 11962,
                "575": 12205,
                "574": 12468,
                "573": 12735,
                "572": 12983,
                "571": 13290,
                "570": 13573,
                "569": 13844,
                "568": 14129,
                "567": 14403,
                "566": 14675,
                "565": 14968,
                "564": 15266,
                "563": 15547,
                "562": 15816,
                "561": 16111,
                "560": 16420,
                "559": 16720,
                "558": 17034,
                "557": 17377,
                "556": 17703,
                "555": 18014,
                "554": 18340,
                "553": 18669,
                "552": 18987,
                "551": 19321,
                "550": 19677,
                "549": 20018,
                "548": 20367,
                "547": 20716,
                "546": 21080,
                "545": 21421,
                "544": 21752,
                "543": 22084,
                "542": 22416,
                "541": 22762,
                "540": 23097,
                "539": 23517,
                "538": 23870,
                "537": 24253,
                "536": 24631,
                "535": 25005,
                "534": 25367,
                "533": 25732,
                "532": 26102,
                "531": 26441,
                "530": 26806,
                "529": 27197,
                "528": 27588,
                "527": 27962,
                "526": 28327,
                "525": 28715,
                "524": 29081,
                "523": 29484,
                "522": 29848,
                "521": 30276,
                "520": 30672,
                "519": 31111,
                "518": 31522,
                "517": 31895,
                "516": 32321,
                "515": 32681,
                "514": 33106,
                "513": 33542,
                "512": 33966,
                "511": 34347,
                "510": 34778,
                "509": 35153,
                "508": 35576,
                "507": 35995,
                "506": 36427,
                "505": 36861,
                "504": 37278,
                "503": 37720,
                "502": 38113,
                "501": 38516,
                "500": 38943,
                "499": 39384,
                "498": 39791,
                "497": 40210,
                "496": 40644,
                "495": 41088,
                "494": 41528,
                "493": 41984,
                "492": 42421,
                "491": 42807,
                "490": 43209,
                "489": 43610,
                "488": 44035,
                "487": 44460,
                "486": 44881,
                "485": 45309,
                "484": 45729,
                "483": 46160,
                "482": 46596,
                "481": 47028,
                "480": 47441,
                "479": 47881,
                "478": 48350,
                "477": 48779,
                "476": 49181,
                "475": 49615,
                "474": 50055,
                "473": 50543,
                "472": 50973,
                "471": 51430,
                "470": 51879,
                "469": 52315,
                "468": 52795,
                "467": 53197,
                "466": 53675,
                "465": 54122,
                "464": 54568,
                "463": 55042,
                "462": 55488,
                "461": 55924,
                "460": 56403,
                "459": 56868,
                "458": 57342,
                "457": 57829,
                "456": 58275,
                "455": 58758,
                "454": 59200,
                "453": 59670,
                "452": 60121,
                "451": 60566,
                "450": 61003,
                "449": 61433,
                "448": 61870,
                "447": 62331,
                "446": 62793,
                "445": 63266,
                "444": 63745,
                "443": 64244,
                "442": 64727,
                "441": 65180,
                "440": 65671,
                "439": 66171,
                "438": 66631,
                "437": 67146,
                "436": 67650,
                "435": 68110,
                "434": 68614,
                "433": 69119,
                "432": 69609,
                "431": 70088,
                "430": 70529,
                "429": 71040,
                "428": 71521,
                "427": 72005,
                "426": 72502,
                "425": 73042,
                "424": 73578,
                "423": 74124,
                "422": 74645,
                "421": 75175,
                "420": 75674,
                "419": 76194,
                "418": 76672,
                "417": 77181,
                "416": 77665,
                "415": 78158,
                "414": 78713,
                "413": 79245,
                "412": 79721,
                "411": 80227,
                "410": 80769,
                "409": 81243,
                "408": 81763,
                "407": 82309,
                "406": 82833,
                "405": 83354,
                "404": 83884,
                "403": 84379,
                "402": 84867,
                "401": 85424,
                "400": 85944,
                "399": 86454,
                "398": 86973,
                "397": 87482,
                "396": 88058,
                "395": 88578,
                "394": 89100,
                "393": 89601,
                "392": 90133,
                "391": 90675,
                "390": 91185,
                "389": 91687,
                "388": 92226,
                "387": 92746,
                "386": 93288,
                "385": 93841,
                "384": 94384,
                "383": 94878,
                "382": 95411,
                "381": 95970,
                "380": 96547,
                "379": 97101,
                "378": 97633,
                "377": 98170,
                "376": 98703,
                "375": 99245,
                "374": 99807,
                "373": 100353,
                "372": 100906,
                "371": 101435,
                "370": 101998,
                "369": 102546,
                "368": 103093,
                "367": 103623,
                "366": 104116,
                "365": 104646,
                "364": 105171,
                "363": 105694,
                "362": 106226,
                "361": 106766,
                "360": 107296,
                "359": 107833,
                "358": 108384,
                "357": 108931,
                "356": 109492,
                "355": 110061,
                "354": 110617,
                "353": 111132,
                "352": 111699,
                "351": 112282,
                "350": 112791,
                "349": 113335,
                "348": 113861,
                "347": 114381,
                "346": 114920,
                "345": 115436,
                "344": 115993,
                "343": 116518,
                "342": 117025,
                "341": 117588,
                "340": 118102,
                "339": 118626,
                "338": 119127,
                "337": 119632,
                "336": 120157,
                "335": 120724,
                "334": 121257,
                "333": 121793,
                "332": 122303,
                "331": 122846,
                "330": 123369,
                "329": 123914,
                "328": 124430,
                "327": 124962,
                "326": 125476,
                "325": 126014,
                "324": 126521,
                "323": 127017,
                "322": 127535,
                "321": 128080,
                "320": 128624,
                "319": 129148,
                "318": 129645,
                "317": 130187,
                "316": 130736,
                "315": 131247,
                "314": 131692,
                "313": 132199,
                "312": 132693,
                "311": 133173,
                "310": 133670,
                "309": 134184,
                "308": 134684,
                "307": 135119,
                "306": 135592,
                "305": 136091,
                "304": 136563,
                "303": 137034,
                "302": 137501,
                "301": 137970,
                "300": 138436,
                "299": 138933,
                "298": 139384,
                "297": 139847,
                "296": 140351,
                "295": 140802,
                "294": 141285,
                "293": 141754,
                "292": 142199,
                "291": 142647,
                "290": 143108,
                "289": 143562,
                "288": 143985,
                "287": 144382,
                "286": 144832,
                "285": 145284,
                "284": 145683,
                "283": 146118,
                "282": 146565,
                "281": 146993,
                "280": 147426,
                "279": 147850,
                "278": 148292,
                "277": 148729,
                "276": 149200,
                "275": 149603,
                "274": 150021,
                "273": 150424,
                "272": 150824,
                "271": 151221,
                "270": 151671,
                "269": 152061,
                "268": 152491,
                "267": 152859,
                "266": 153237,
                "265": 153604,
                "264": 153997,
                "263": 154357,
                "262": 154738,
                "261": 155115,
                "260": 155504,
                "259": 155886,
                "258": 156239,
                "257": 156610,
                "256": 156977,
                "255": 157343,
                "254": 157713,
                "253": 158066,
                "252": 158457,
                "251": 158806,
                "250": 159132,
                "249": 159487,
                "248": 159848,
                "247": 160184,
                "246": 160505,
                "245": 160840,
                "244": 161157,
                "243": 161512,
                "242": 161859,
                "241": 162158,
                "240": 162489,
                "239": 162812,
                "238": 163099,
                "237": 163409,
                "236": 163707,
                "235": 163972,
                "234": 164245,
                "233": 164520,
                "232": 164794,
                "231": 165106,
                "230": 165400,
                "229": 165669,
                "228": 165927,
                "227": 166198,
                "226": 166474,
                "225": 166735,
                "224": 167004,
                "223": 167289,
                "222": 167542,
                "221": 167759,
                "220": 167998,
                "219": 168249,
                "218": 168471,
                "217": 168698,
                "216": 168947,
                "215": 169164,
                "214": 169416,
                "213": 169633,
                "212": 169854,
                "211": 170076,
                "210": 170282,
                "209": 170457,
                "208": 170644,
                "207": 170844,
                "206": 171034,
                "205": 171227,
                "204": 171405,
                "203": 171582,
                "202": 171798,
                "201": 171988,
                "200": 172144
            }
        }
    }
}