{
    "2018": {
        "宁夏": {
            "理科": {
                "630": 241,
                "629": 251,
                "628": 261,
                "627": 274,
                "626": 287,
                "625": 294,
                "624": 302,
                "623": 312,
                "622": 326,
                "621": 346,
                "620": 367,
                "619": 376,
                "618": 386,
                "617": 403,
                "616": 420,
                "615": 437,
                "614": 451,
                "613": 464,
                "612": 496,
                "611": 511,
                "610": 535,
                "609": 544,
                "608": 572,
                "607": 592,
                "606": 614,
                "605": 636,
                "604": 656,
                "603": 681,
                "602": 703,
                "601": 723,
                "600": 735,
                "599": 763,
                "598": 793,
                "597": 821,
                "596": 846,
                "595": 876,
                "594": 913,
                "593": 929,
                "592": 962,
                "591": 981,
                "590": 1008,
                "589": 1031,
                "588": 1070,
                "587": 1089,
                "586": 1115,
                "585": 1142,
                "584": 1180,
                "583": 1213,
                "582": 1243,
                "581": 1272,
                "580": 1310,
                "579": 1334,
                "578": 1381,
                "577": 1421,
                "576": 1459,
                "575": 1493,
                "574": 1531,
                "573": 1562,
                "572": 1612,
                "571": 1635,
                "570": 1678,
                "569": 1722,
                "568": 1767,
                "567": 1814,
                "566": 1853,
                "565": 1884,
                "564": 1932,
                "563": 1977,
                "562": 2020,
                "561": 2068,
                "560": 2113,
                "559": 2161,
                "558": 2200,
                "557": 2260,
                "556": 2313,
                "555": 2350,
                "554": 2385,
                "553": 2429,
                "552": 2475,
                "551": 2532,
                "550": 2585,
                "549": 2627,
                "548": 2689,
                "547": 2749,
                "546": 2808,
                "545": 2862,
                "544": 2918,
                "543": 2981,
                "542": 3045,
                "541": 3107,
                "540": 3153,
                "539": 3209,
                "538": 3271,
                "537": 3330,
                "536": 3393,
                "535": 3447,
                "534": 3512,
                "533": 3582,
                "532": 3639,
                "531": 3699,
                "530": 3776,
                "529": 3856,
                "528": 3929,
                "527": 3999,
                "526": 4060,
                "525": 4126,
                "524": 4210,
                "523": 4283,
                "522": 4357,
                "521": 4440,
                "520": 4510,
                "519": 4580,
                "518": 4650,
                "517": 4733,
                "516": 4814,
                "515": 4901
            }
        }
    }
}