{
    "2018": {
        "吉林": {
            "文科": {
                "643": 51,
                "642": 54,
                "641": 61,
                "640": 67,
                "639": 72,
                "638": 76,
                "637": 80,
                "636": 83,
                "635": 90,
                "634": 98,
                "633": 101,
                "632": 106,
                "631": 114,
                "630": 122,
                "629": 128,
                "628": 138,
                "627": 146,
                "626": 164,
                "625": 171,
                "624": 180,
                "623": 191,
                "622": 196,
                "621": 211,
                "620": 218,
                "619": 230,
                "618": 239,
                "617": 256,
                "616": 266,
                "615": 275,
                "614": 294,
                "613": 305,
                "612": 321,
                "611": 337,
                "610": 353,
                "609": 367,
                "608": 387,
                "607": 406,
                "606": 422,
                "605": 441,
                "604": 461,
                "603": 483,
                "602": 507,
                "601": 529,
                "600": 558,
                "599": 580,
                "598": 603,
                "597": 624,
                "596": 649,
                "595": 677,
                "594": 695,
                "593": 721,
                "592": 750,
                "591": 783,
                "590": 816,
                "589": 839,
                "588": 871,
                "587": 898,
                "586": 933,
                "585": 964,
                "584": 1005,
                "583": 1038,
                "582": 1073,
                "581": 1104,
                "580": 1146,
                "579": 1179,
                "578": 1231,
                "577": 1267,
                "576": 1321,
                "575": 1354,
                "574": 1392,
                "573": 1437,
                "572": 1472,
                "571": 1520,
                "570": 1570,
                "569": 1618,
                "568": 1663,
                "567": 1718,
                "566": 1775,
                "565": 1828,
                "564": 1883,
                "563": 1939,
                "562": 1999,
                "561": 2070,
                "560": 2117,
                "559": 2158,
                "558": 2209,
                "557": 2253,
                "556": 2302,
                "555": 2367,
                "554": 2430,
                "553": 2499,
                "552": 2561,
                "551": 2631,
                "550": 2706,
                "549": 2777,
                "548": 2846,
                "547": 2898,
                "546": 2959,
                "545": 3020,
                "544": 3094,
                "543": 3164,
                "542": 3245,
                "541": 3324,
                "540": 3393,
                "539": 3456,
                "538": 3530,
                "537": 3604,
                "536": 3667,
                "535": 3742,
                "534": 3830,
                "533": 3922,
                "532": 4004,
                "531": 4082,
                "530": 4159,
                "529": 4252,
                "528": 4312,
                "527": 4387,
                "526": 4467,
                "525": 4547,
                "524": 4635,
                "523": 4719,
                "522": 4830,
                "521": 4906,
                "520": 5006,
                "519": 5090,
                "518": 5192,
                "517": 5283,
                "516": 5366,
                "515": 5457,
                "514": 5548,
                "513": 5644,
                "512": 5745,
                "511": 5824,
                "510": 5917,
                "509": 6013,
                "508": 6120,
                "507": 6211,
                "506": 6310,
                "505": 6401,
                "504": 6493,
                "503": 6581,
                "502": 6684,
                "501": 6776,
                "500": 6876,
                "499": 6985,
                "498": 7081,
                "497": 7203,
                "496": 7293,
                "495": 7383,
                "494": 7483,
                "493": 7575,
                "492": 7673,
                "491": 7777,
                "490": 7865,
                "489": 7970,
                "488": 8058,
                "487": 8158,
                "486": 8270,
                "485": 8377,
                "484": 8494,
                "483": 8593,
                "482": 8708,
                "481": 8802,
                "480": 8905,
                "479": 9009,
                "478": 9115,
                "477": 9217,
                "476": 9347,
                "475": 9442,
                "474": 9560,
                "473": 9665,
                "472": 9769,
                "471": 9900,
                "470": 10018,
                "469": 10119,
                "468": 10218,
                "467": 10352,
                "466": 10460,
                "465": 10577,
                "464": 10675,
                "463": 10806,
                "462": 10925,
                "461": 11041,
                "460": 11169,
                "459": 11276,
                "458": 11400,
                "457": 11515,
                "456": 11650,
                "455": 11754,
                "454": 11877,
                "453": 11986,
                "452": 12088,
                "451": 12196,
                "450": 12316,
                "449": 12431,
                "448": 12539,
                "447": 12635,
                "446": 12753,
                "445": 12879,
                "444": 12988,
                "443": 13100,
                "442": 13196,
                "441": 13289,
                "440": 13399,
                "439": 13488,
                "438": 13595,
                "437": 13707,
                "436": 13797,
                "435": 13908,
                "434": 14005,
                "433": 14091,
                "432": 14199,
                "431": 14298,
                "430": 14403,
                "429": 14515,
                "428": 14612,
                "427": 14715,
                "426": 14840,
                "425": 14944,
                "424": 15051,
                "423": 15161,
                "422": 15262,
                "421": 15366,
                "420": 15482,
                "419": 15591,
                "418": 15704,
                "417": 15818,
                "416": 15927,
                "415": 16026,
                "414": 16135,
                "413": 16232,
                "412": 16318,
                "411": 16412,
                "410": 16517,
                "409": 16629,
                "408": 16729,
                "407": 16821,
                "406": 16944,
                "405": 17051,
                "404": 17150,
                "403": 17270,
                "402": 17362,
                "401": 17472,
                "400": 17576,
                "399": 17665,
                "398": 17761,
                "397": 17865,
                "396": 17941,
                "395": 18030,
                "394": 18133,
                "393": 18222,
                "392": 18316,
                "391": 18410,
                "390": 18507,
                "389": 18610,
                "388": 18709,
                "387": 18810,
                "386": 18901,
                "385": 18998,
                "384": 19089,
                "383": 19178,
                "382": 19267,
                "381": 19368,
                "380": 19450,
                "379": 19544,
                "378": 19634,
                "377": 19716,
                "376": 19815,
                "375": 19898,
                "374": 19979,
                "373": 20051,
                "372": 20147,
                "371": 20216,
                "370": 20290,
                "369": 20362,
                "368": 20439,
                "367": 20520,
                "366": 20586,
                "365": 20671,
                "364": 20769,
                "363": 20863,
                "362": 20946,
                "361": 21017,
                "360": 21079,
                "359": 21141,
                "358": 21220,
                "357": 21304,
                "356": 21387,
                "355": 21482,
                "354": 21574,
                "353": 21638,
                "352": 21711,
                "351": 21763,
                "350": 21830,
                "349": 21891,
                "348": 21969,
                "347": 22040,
                "346": 22130,
                "345": 22203,
                "344": 22278,
                "343": 22339,
                "342": 22415,
                "341": 22484,
                "340": 22550,
                "339": 22622,
                "338": 22696,
                "337": 22767,
                "336": 22818,
                "335": 22896,
                "334": 22952,
                "333": 23018,
                "332": 23090,
                "331": 23152,
                "330": 23219,
                "329": 23272,
                "328": 23332,
                "327": 23390,
                "326": 23447,
                "325": 23498,
                "324": 23558,
                "323": 23619,
                "322": 23691,
                "321": 23766,
                "320": 23811,
                "319": 23889,
                "318": 23946,
                "317": 24017,
                "316": 24073,
                "315": 24122,
                "314": 24180,
                "313": 24231,
                "312": 24279,
                "311": 24328,
                "310": 24382,
                "309": 24425,
                "308": 24474,
                "307": 24522,
                "306": 24581,
                "305": 24633,
                "304": 24688,
                "303": 24738,
                "302": 24783,
                "301": 24825,
                "300": 24874,
                "299": 24931,
                "298": 24991,
                "297": 25044,
                "296": 25098,
                "295": 25148,
                "294": 25190,
                "293": 25228,
                "292": 25279,
                "291": 25318,
                "290": 25358,
                "289": 25394,
                "288": 25427,
                "287": 25477,
                "286": 25523,
                "285": 25565,
                "284": 25607,
                "283": 25654,
                "282": 25696,
                "281": 25731,
                "280": 25777,
                "279": 25821,
                "278": 25859,
                "277": 25897,
                "276": 25940,
                "275": 25993,
                "274": 26035,
                "273": 26067,
                "272": 26096,
                "271": 26128,
                "270": 26164,
                "269": 26199,
                "268": 26225,
                "267": 26252,
                "266": 26292,
                "265": 26327,
                "264": 26359,
                "263": 26389,
                "262": 26410,
                "261": 26443,
                "260": 26481,
                "259": 26516,
                "258": 26539,
                "257": 26574,
                "256": 26607,
                "255": 26636,
                "254": 26664,
                "253": 26691,
                "252": 26712,
                "251": 26745,
                "250": 26767,
                "249": 26794,
                "248": 26821,
                "247": 26843,
                "246": 26879,
                "245": 26898,
                "244": 26922,
                "243": 26948,
                "242": 26976,
                "241": 26998,
                "240": 27029,
                "239": 27052,
                "238": 27073,
                "237": 27095,
                "236": 27110,
                "235": 27131,
                "234": 27155,
                "233": 27177,
                "232": 27192,
                "231": 27207,
                "230": 27227,
                "229": 27243,
                "228": 27259,
                "227": 27277,
                "226": 27286,
                "225": 27303,
                "224": 27321,
                "223": 27344,
                "222": 27365,
                "221": 27374,
                "220": 27385,
                "219": 27395,
                "218": 27410,
                "217": 27425,
                "216": 27443,
                "215": 27456,
                "214": 27468,
                "213": 27484,
                "212": 27496,
                "211": 27509,
                "210": 27525,
                "209": 27544,
                "208": 27556,
                "207": 27570,
                "206": 27582,
                "205": 27593,
                "204": 27605,
                "203": 27611,
                "202": 27632,
                "201": 27641,
                "200": 27645,
                "199": 27657,
                "198": 27671,
                "197": 27683,
                "196": 27690,
                "195": 27697,
                "194": 27704,
                "193": 27709,
                "192": 27717,
                "191": 27723,
                "190": 27728,
                "189": 27734,
                "188": 27738,
                "187": 27748,
                "186": 27755,
                "185": 27762,
                "184": 27772,
                "183": 27777,
                "182": 27781,
                "181": 27785,
                "180": 27791,
                "179": 27796,
                "178": 27799,
                "177": 27804,
                "176": 27805,
                "175": 27808,
                "174": 27811,
                "173": 27820,
                "172": 27824,
                "171": 27828,
                "170": 27831,
                "169": 27832,
                "168": 27835,
                "167": 27839,
                "166": 27843,
                "165": 27846,
                "164": 27848,
                "163": 27851,
                "162": 27856,
                "161": 27860,
                "160": 27863,
                "159": 27864,
                "158": 27868,
                "157": 27870,
                "156": 27875,
                "155": 27882,
                "154": 27885,
                "153": 27887,
                "152": 27889,
                "151": 27891,
                "150": 27893,
                "149": 27895,
                "148": 27897,
                "147": 27899,
                "146": 27899,
                "145": 27901,
                "144": 27903,
                "143": 27903,
                "142": 27904,
                "141": 27904,
                "140": 27904,
                "139": 27905,
                "138": 27907,
                "137": 27910,
                "136": 27911,
                "135": 27912,
                "134": 27915,
                "133": 27917,
                "132": 27919,
                "131": 27922,
                "130": 27924,
                "129": 27924,
                "128": 27927,
                "127": 27929,
                "126": 27930,
                "125": 27932,
                "124": 27932,
                "123": 27933,
                "122": 27935,
                "121": 27935,
                "120": 27936,
                "119": 27937,
                "118": 27940,
                "117": 27942,
                "116": 27942,
                "115": 27943,
                "114": 27945,
                "113": 27946,
                "112": 27947,
                "111": 27947,
                "110": 27949,
                "109": 27950,
                "108": 27950,
                "107": 27950,
                "106": 27951,
                "105": 27952,
                "104": 27953,
                "103": 27953,
                "102": 27954,
                "101": 27954,
                "100": 27955
            }
        }
    }
}