{
    "2018": {
        "辽宁": {
            "理科": {
                "699": 9,
                "698": 14,
                "697": 16,
                "696": 17,
                "695": 19,
                "694": 22,
                "693": 28,
                "692": 35,
                "691": 44,
                "690": 52,
                "689": 63,
                "688": 74,
                "687": 82,
                "686": 94,
                "685": 109,
                "684": 118,
                "683": 135,
                "682": 159,
                "681": 186,
                "680": 207,
                "679": 232,
                "678": 263,
                "677": 296,
                "676": 324,
                "675": 370,
                "674": 408,
                "673": 455,
                "672": 492,
                "671": 532,
                "670": 586,
                "669": 640,
                "668": 701,
                "667": 758,
                "666": 801,
                "665": 857,
                "664": 912,
                "663": 968,
                "662": 1034,
                "661": 1100,
                "660": 1159,
                "659": 1234,
                "658": 1303,
                "657": 1394,
                "656": 1475,
                "655": 1577,
                "654": 1678,
                "653": 1781,
                "652": 1885,
                "651": 1998,
                "650": 2116,
                "649": 2256,
                "648": 2381,
                "647": 2510,
                "646": 2625,
                "645": 2768,
                "644": 2904,
                "643": 3032,
                "642": 3175,
                "641": 3328,
                "640": 3460,
                "639": 3599,
                "638": 3767,
                "637": 3922,
                "636": 4090,
                "635": 4276,
                "634": 4429
            }
        }
    }
}