{
    "2018": {
        "河北": {
            "文科": {
                "697": 9,
                "696": 12,
                "695": 12,
                "694": 15,
                "693": 19,
                "692": 22,
                "691": 27,
                "690": 29,
                "689": 32,
                "688": 38,
                "687": 42,
                "686": 49,
                "685": 52,
                "684": 62,
                "683": 70,
                "682": 81,
                "681": 91,
                "680": 104,
                "679": 115,
                "678": 126,
                "677": 143,
                "676": 151,
                "675": 166,
                "674": 191,
                "673": 207,
                "672": 227,
                "671": 250,
                "670": 267,
                "669": 302,
                "668": 328,
                "667": 354,
                "666": 389,
                "665": 421,
                "664": 464,
                "663": 500,
                "662": 529,
                "661": 572,
                "660": 603,
                "659": 656,
                "658": 708,
                "657": 749,
                "656": 791,
                "655": 847,
                "654": 914,
                "653": 962,
                "652": 1023,
                "651": 1075,
                "650": 1138,
                "649": 1205,
                "648": 1269,
                "647": 1337,
                "646": 1419,
                "645": 1498,
                "644": 1569,
                "643": 1650,
                "642": 1721,
                "641": 1811,
                "640": 1897,
                "639": 1984,
                "638": 2069,
                "637": 2153,
                "636": 2236,
                "635": 2324,
                "634": 2425,
                "633": 2527,
                "632": 2613,
                "631": 2709,
                "630": 2813
            }
        }
    }
}