{
    "2018": {
        "青海": {
            "理科": {
                "682": 1,
                "681": 1,
                "680": 1,
                "679": 1,
                "678": 1,
                "677": 1,
                "676": 1,
                "675": 1,
                "674": 1,
                "673": 1,
                "672": 2,
                "671": 2,
                "670": 2,
                "669": 2,
                "668": 4,
                "667": 5,
                "666": 5,
                "665": 6,
                "664": 6,
                "663": 7,
                "662": 7,
                "661": 8,
                "660": 8,
                "659": 8,
                "658": 8,
                "657": 9,
                "656": 10,
                "655": 10,
                "654": 10,
                "653": 10,
                "652": 13,
                "651": 14,
                "650": 14,
                "649": 15,
                "648": 16,
                "647": 17,
                "646": 17,
                "645": 18,
                "644": 20,
                "643": 20,
                "642": 21,
                "641": 21,
                "640": 24,
                "639": 24,
                "638": 24,
                "637": 25,
                "636": 27,
                "635": 28,
                "634": 29,
                "633": 33,
                "632": 35,
                "631": 38,
                "630": 41,
                "629": 41,
                "628": 42,
                "627": 43,
                "626": 44,
                "625": 47,
                "624": 47,
                "623": 51,
                "622": 55,
                "621": 58,
                "620": 62,
                "619": 65,
                "618": 73,
                "617": 77,
                "616": 80,
                "615": 81,
                "614": 84,
                "613": 89,
                "612": 93,
                "611": 96,
                "610": 102,
                "609": 107,
                "608": 116,
                "607": 120,
                "606": 126,
                "605": 134,
                "604": 138,
                "603": 143,
                "602": 151,
                "601": 156,
                "600": 166,
                "599": 177,
                "598": 182,
                "597": 191,
                "596": 200,
                "595": 211,
                "594": 225,
                "593": 230,
                "592": 235,
                "591": 244,
                "590": 251,
                "589": 262,
                "588": 274,
                "587": 287,
                "586": 299,
                "585": 307,
                "584": 324,
                "583": 327,
                "582": 341,
                "581": 349,
                "580": 364,
                "579": 373,
                "578": 388,
                "577": 395,
                "576": 403,
                "575": 413,
                "574": 423,
                "573": 443,
                "572": 455,
                "571": 469,
                "570": 483,
                "569": 500,
                "568": 512,
                "567": 527,
                "566": 540,
                "565": 557,
                "564": 578,
                "563": 594,
                "562": 603,
                "561": 618,
                "560": 639,
                "559": 659,
                "558": 673,
                "557": 694,
                "556": 710,
                "555": 727,
                "554": 752,
                "553": 770,
                "552": 784,
                "551": 806,
                "550": 818,
                "549": 835,
                "548": 856,
                "547": 874,
                "546": 901,
                "545": 924,
                "544": 939,
                "543": 960,
                "542": 988,
                "541": 998,
                "540": 1025,
                "539": 1051,
                "538": 1069,
                "537": 1088,
                "536": 1127,
                "535": 1151,
                "534": 1181,
                "533": 1209,
                "532": 1238,
                "531": 1263,
                "530": 1283,
                "529": 1311,
                "528": 1339,
                "527": 1361,
                "526": 1381,
                "525": 1412,
                "524": 1445,
                "523": 1475,
                "522": 1513,
                "521": 1542,
                "520": 1571,
                "519": 1596,
                "518": 1627,
                "517": 1662,
                "516": 1695,
                "515": 1721,
                "514": 1756,
                "513": 1789,
                "512": 1818,
                "511": 1854,
                "510": 1890,
                "509": 1909,
                "508": 1935,
                "507": 1967,
                "506": 2006,
                "505": 2024,
                "504": 2049,
                "503": 2098,
                "502": 2143,
                "501": 2181,
                "500": 2220,
                "499": 2248,
                "498": 2280,
                "497": 2321,
                "496": 2358,
                "495": 2399,
                "494": 2434,
                "493": 2473,
                "492": 2520,
                "491": 2556,
                "490": 2604,
                "489": 2638,
                "488": 2680,
                "487": 2735,
                "486": 2775,
                "485": 2824,
                "484": 2873,
                "483": 2917,
                "482": 2973,
                "481": 3015,
                "480": 3052,
                "479": 3098,
                "478": 3126,
                "477": 3186,
                "476": 3240,
                "475": 3286,
                "474": 3337,
                "473": 3392,
                "472": 3439,
                "471": 3508,
                "470": 3563
            }
        }
    }
}