{
    "2018": {
        "宁夏": {
            "文科": {
                "600": 327,
                "599": 338,
                "598": 357,
                "597": 373,
                "596": 392,
                "595": 405,
                "594": 420,
                "593": 437,
                "592": 454,
                "591": 477,
                "590": 495,
                "589": 510,
                "588": 530,
                "587": 552,
                "586": 571,
                "585": 596,
                "584": 614,
                "583": 631,
                "582": 650,
                "581": 673,
                "580": 692,
                "579": 707,
                "578": 726,
                "577": 753,
                "576": 784,
                "575": 809,
                "574": 838,
                "573": 860,
                "572": 882,
                "571": 904,
                "570": 933,
                "569": 964,
                "568": 996,
                "567": 1025,
                "566": 1064,
                "565": 1091,
                "564": 1116,
                "563": 1144,
                "562": 1172,
                "561": 1203,
                "560": 1236,
                "559": 1265,
                "558": 1295,
                "557": 1324,
                "556": 1361,
                "555": 1401,
                "554": 1428,
                "553": 1477,
                "552": 1520,
                "551": 1551,
                "550": 1602,
                "549": 1642,
                "548": 1694,
                "547": 1748,
                "546": 1794,
                "545": 1848,
                "544": 1889,
                "543": 1933,
                "542": 1978,
                "541": 2024,
                "540": 2062,
                "539": 2128,
                "538": 2176,
                "537": 2232,
                "536": 2278,
                "535": 2339,
                "534": 2394,
                "533": 2446,
                "532": 2501,
                "531": 2554,
                "530": 2612,
                "529": 2673,
                "528": 2725,
                "527": 2783,
                "526": 2842,
                "525": 2910,
                "524": 2974,
                "523": 3032,
                "522": 3096,
                "521": 3177,
                "520": 3253,
                "519": 3321,
                "518": 3386,
                "517": 3466,
                "516": 3558,
                "515": 3625,
                "514": 3704,
                "513": 3775,
                "512": 3852,
                "511": 3932,
                "510": 4011,
                "509": 4092,
                "508": 4174,
                "507": 4259,
                "506": 4340,
                "505": 4416,
                "504": 4499,
                "503": 4593,
                "502": 4674,
                "501": 4770,
                "500": 4838,
                "499": 4908
            }
        }
    }
}