{
    "2018": {
        "新疆": {
            "理科": {
                "699": 1,
                "698": 1,
                "697": 2,
                "696": 3,
                "695": 11,
                "694": 11,
                "693": 11,
                "692": 11,
                "691": 11,
                "690": 11,
                "689": 19,
                "688": 42,
                "687": 42,
                "686": 42,
                "685": 42,
                "684": 42,
                "683": 42,
                "682": 42,
                "681": 42,
                "680": 42,
                "679": 42,
                "678": 42,
                "677": 42,
                "676": 42,
                "675": 42,
                "674": 42,
                "673": 65,
                "672": 89,
                "671": 89,
                "670": 89,
                "669": 89,
                "668": 89,
                "667": 114,
                "666": 114,
                "665": 132,
                "664": 149,
                "663": 158,
                "662": 158,
                "661": 167,
                "660": 196,
                "659": 196,
                "658": 225,
                "657": 230,
                "656": 230,
                "655": 265,
                "654": 285,
                "653": 300,
                "652": 300,
                "651": 332,
                "650": 646,
                "649": 646,
                "648": 388,
                "647": 403,
                "646": 403,
                "645": 449,
                "644": 472,
                "643": 502,
                "642": 502,
                "641": 532,
                "640": 601,
                "639": 601,
                "638": 601,
                "637": 601,
                "636": 670,
                "635": 726,
                "634": 726,
                "633": 783,
                "632": 811,
                "631": 830,
                "630": 874,
                "629": 903,
                "628": 903,
                "627": 977,
                "626": 1010,
                "625": 1079,
                "624": 1107,
                "623": 1171,
                "622": 1171,
                "621": 1236,
                "620": 1239,
                "619": 1335,
                "618": 1371,
                "617": 1445,
                "616": 1445,
                "615": 1532,
                "614": 1615,
                "613": 1654,
                "612": 1684,
                "611": 1719,
                "610": 1806,
                "609": 1849,
                "608": 1880,
                "607": 1930,
                "606": 1972,
                "605": 2016,
                "604": 2060,
                "603": 2060,
                "602": 2300,
                "601": 2300,
                "600": 2340,
                "599": 2382,
                "598": 2382,
                "597": 2536,
                "596": 2558
            }
        }
    }
}