{
    "2018": {
        "内蒙古": {
            "文科": {
                "616": 129,
                "615": 140,
                "614": 147,
                "613": 159,
                "612": 170,
                "611": 181,
                "610": 192,
                "609": 206,
                "608": 217,
                "607": 224,
                "606": 241,
                "605": 260,
                "604": 276,
                "603": 291,
                "602": 319,
                "601": 335,
                "600": 357,
                "599": 375,
                "598": 390,
                "597": 416,
                "596": 440,
                "595": 463,
                "594": 483,
                "593": 508,
                "592": 532,
                "591": 552,
                "590": 580,
                "589": 615,
                "588": 656,
                "587": 685,
                "586": 716,
                "585": 752,
                "584": 785,
                "583": 807,
                "582": 837,
                "581": 872,
                "580": 917,
                "579": 958,
                "578": 1005,
                "577": 1049,
                "576": 1094,
                "575": 1130,
                "574": 1164,
                "573": 1205,
                "572": 1248,
                "571": 1299,
                "570": 1341,
                "569": 1393,
                "568": 1451,
                "567": 1502,
                "566": 1560,
                "565": 1613,
                "564": 1665,
                "563": 1711,
                "562": 1787,
                "561": 1842,
                "560": 1899,
                "559": 1953,
                "558": 2011,
                "557": 2064,
                "556": 2114,
                "555": 2175,
                "554": 2242,
                "553": 2303,
                "552": 2373,
                "551": 2445,
                "550": 2502
            }
        }
    }
}