{
    "2018": {
        "黑龙江": {
            "理科": {
                "691": 10,
                "688": 15,
                "687": 18,
                "686": 20,
                "685": 27,
                "684": 28,
                "683": 33,
                "682": 37,
                "681": 39,
                "680": 45,
                "679": 54,
                "678": 66,
                "677": 78,
                "676": 89,
                "675": 110,
                "674": 120,
                "673": 136,
                "672": 150,
                "671": 170,
                "670": 191,
                "669": 217,
                "668": 232,
                "667": 248,
                "666": 274,
                "665": 294,
                "664": 324,
                "663": 359,
                "662": 381,
                "661": 423,
                "660": 465,
                "659": 505,
                "658": 538,
                "657": 579,
                "656": 628,
                "655": 673,
                "654": 724,
                "653": 761,
                "652": 797,
                "651": 844,
                "650": 898,
                "649": 950,
                "648": 1007,
                "647": 1063,
                "646": 1107,
                "645": 1174,
                "644": 1240,
                "643": 1304,
                "642": 1381,
                "641": 1444,
                "640": 1515,
                "639": 1583,
                "638": 1649,
                "637": 1725,
                "636": 1798,
                "635": 1882,
                "634": 1958,
                "633": 2052,
                "632": 2142,
                "631": 2223,
                "630": 2316,
                "629": 2410,
                "628": 2532,
                "627": 2624,
                "626": 2722,
                "625": 2844,
                "624": 2947,
                "623": 3046,
                "622": 3152,
                "621": 3257,
                "620": 3378,
                "619": 3479,
                "618": 3591,
                "617": 3712,
                "616": 3826,
                "615": 3936,
                "614": 4048,
                "613": 4170,
                "612": 4287,
                "611": 4428,
                "610": 4549,
                "609": 4686,
                "608": 4838,
                "607": 4964,
                "606": 5102,
                "605": 5218,
                "604": 5367,
                "603": 5496,
                "602": 5624,
                "601": 5765,
                "600": 5911,
                "599": 6048,
                "598": 6207,
                "597": 6368,
                "596": 6521,
                "595": 6665,
                "594": 6802,
                "593": 6960,
                "592": 7093,
                "591": 7244,
                "590": 7382,
                "589": 7539,
                "588": 7711,
                "587": 7872,
                "586": 8052,
                "585": 8207,
                "584": 8388,
                "583": 8583,
                "582": 8737,
                "581": 8918,
                "580": 9107,
                "579": 9276,
                "578": 9456,
                "577": 9617,
                "576": 9802,
                "575": 9979,
                "574": 10167,
                "573": 10338,
                "572": 10544,
                "571": 10699,
                "570": 10879,
                "569": 11064,
                "568": 11242,
                "567": 11427,
                "566": 11603,
                "565": 11793,
                "564": 11999,
                "563": 12208,
                "562": 12397,
                "561": 12612,
                "560": 12824,
                "559": 12991,
                "558": 13209,
                "557": 13416,
                "556": 13636,
                "555": 13852,
                "554": 14050,
                "553": 14226,
                "552": 14414,
                "551": 14626,
                "550": 14809,
                "549": 15013,
                "548": 15250,
                "547": 15483,
                "546": 15705,
                "545": 15913,
                "544": 16112,
                "543": 16350,
                "542": 16548,
                "541": 16779,
                "540": 17009,
                "539": 17232,
                "538": 17451,
                "537": 17702,
                "536": 17918,
                "535": 18133,
                "534": 18381,
                "533": 18625,
                "532": 18871,
                "531": 19097,
                "530": 19310,
                "529": 19566,
                "528": 19808,
                "527": 20057,
                "526": 20325,
                "525": 20582,
                "524": 20813,
                "523": 21048,
                "522": 21294,
                "521": 21548,
                "520": 21760,
                "519": 22015,
                "518": 22274,
                "517": 22508,
                "516": 22750,
                "515": 23028,
                "514": 23277,
                "513": 23535,
                "512": 23799,
                "511": 24077,
                "510": 24327,
                "509": 24578,
                "508": 24817,
                "507": 25048,
                "506": 25303,
                "505": 25550,
                "504": 25848,
                "503": 26123,
                "502": 26393,
                "501": 26671,
                "500": 26939,
                "499": 27175,
                "498": 27438,
                "497": 27687,
                "496": 27950,
                "495": 28224,
                "494": 28466,
                "493": 28771,
                "492": 29041,
                "491": 29313,
                "490": 29573,
                "489": 29839,
                "488": 30099,
                "487": 30396,
                "486": 30658,
                "485": 30940,
                "484": 31247,
                "483": 31494,
                "482": 31757,
                "481": 32067,
                "480": 32338,
                "479": 32628,
                "478": 32907,
                "477": 33206,
                "476": 33475,
                "475": 33766,
                "474": 34039,
                "473": 34304,
                "472": 34588,
                "471": 34877,
                "470": 35195,
                "469": 35533,
                "468": 35837,
                "467": 36137,
                "466": 36450,
                "465": 36747,
                "464": 37017,
                "463": 37312,
                "462": 37609,
                "461": 37912,
                "460": 38215,
                "459": 38523,
                "458": 38839,
                "457": 39154,
                "456": 39453,
                "455": 39758,
                "454": 40103,
                "453": 40389,
                "452": 40686,
                "451": 40994,
                "450": 41263,
                "449": 41599,
                "448": 41911,
                "447": 42224,
                "446": 42506,
                "445": 42806,
                "444": 43119,
                "443": 43431,
                "442": 43709,
                "441": 44009,
                "440": 44267,
                "439": 44592,
                "438": 44891,
                "437": 45222,
                "436": 45514,
                "435": 45828,
                "434": 46138,
                "433": 46465,
                "432": 46783,
                "431": 47093,
                "430": 47432,
                "429": 47781,
                "428": 48099,
                "427": 48424,
                "426": 48750,
                "425": 49055,
                "424": 49364,
                "423": 49682,
                "422": 50024,
                "421": 50366,
                "420": 50676,
                "419": 50994,
                "418": 51310,
                "417": 51620,
                "416": 51924,
                "415": 52216,
                "414": 52544,
                "413": 52861,
                "412": 53168,
                "411": 53434,
                "410": 53739,
                "409": 54077,
                "408": 54408,
                "407": 54725,
                "406": 55041,
                "405": 55368,
                "404": 55666,
                "403": 55980,
                "402": 56280,
                "401": 56572,
                "400": 56904,
                "399": 57213,
                "398": 57525,
                "397": 57841,
                "396": 58191,
                "395": 58500,
                "394": 58823,
                "393": 59115,
                "392": 59420,
                "391": 59721,
                "390": 60048,
                "389": 60354,
                "388": 60644,
                "387": 60969,
                "386": 61278,
                "385": 61594,
                "384": 61914,
                "383": 62215,
                "382": 62547,
                "381": 62849,
                "380": 63136,
                "379": 63451,
                "378": 63743,
                "377": 64060,
                "376": 64385,
                "375": 64668,
                "374": 64994,
                "373": 65340,
                "372": 65657,
                "371": 65971,
                "370": 66254,
                "369": 66582,
                "368": 66875,
                "367": 67185,
                "366": 67495,
                "365": 67784,
                "364": 68126,
                "363": 68430,
                "362": 68722,
                "361": 69005,
                "360": 69284,
                "359": 69561,
                "358": 69888,
                "357": 70168,
                "356": 70459,
                "355": 70781,
                "354": 71062,
                "353": 71354,
                "352": 71629,
                "351": 71913,
                "350": 72187,
                "349": 72479,
                "348": 72728,
                "347": 72994,
                "346": 73295,
                "345": 73581,
                "344": 73842,
                "343": 74110,
                "342": 74413,
                "341": 74706,
                "340": 74976,
                "339": 75271,
                "338": 75530,
                "337": 75816,
                "336": 76081,
                "335": 76322,
                "334": 76599,
                "333": 76878,
                "332": 77148,
                "331": 77406,
                "330": 77676,
                "329": 77926,
                "328": 78196,
                "327": 78464,
                "326": 78715,
                "325": 78972,
                "324": 79247,
                "323": 79516,
                "322": 79778,
                "321": 80029,
                "320": 80296,
                "319": 80576,
                "318": 80806,
                "317": 81042,
                "316": 81290,
                "315": 81572,
                "314": 81838,
                "313": 82102,
                "312": 82340,
                "311": 82587,
                "310": 82833,
                "309": 83074,
                "308": 83306,
                "307": 83562,
                "306": 83810,
                "305": 84049,
                "304": 84295,
                "303": 84561,
                "302": 84797,
                "301": 85032,
                "300": 85243,
                "299": 85470,
                "298": 85683,
                "297": 85891,
                "296": 86118,
                "295": 86352,
                "294": 86611,
                "293": 86834,
                "292": 87046,
                "291": 87290,
                "290": 87516,
                "289": 87751,
                "288": 87971,
                "287": 88222,
                "286": 88439,
                "285": 88668,
                "284": 88899,
                "283": 89101,
                "282": 89330,
                "281": 89549,
                "280": 89785,
                "279": 90003,
                "278": 90221,
                "277": 90459,
                "276": 90669,
                "275": 90876,
                "274": 91078,
                "273": 91295,
                "272": 91470,
                "271": 91691,
                "270": 91920,
                "269": 92137,
                "268": 92343,
                "267": 92557,
                "266": 92746,
                "265": 92956,
                "264": 93163,
                "263": 93356,
                "262": 93536,
                "261": 93758,
                "260": 93962,
                "259": 94174,
                "258": 94360,
                "257": 94582,
                "256": 94765,
                "255": 94929,
                "254": 95108,
                "253": 95280,
                "252": 95482,
                "251": 95681,
                "250": 95872,
                "249": 96056,
                "248": 96238,
                "247": 96421,
                "246": 96599,
                "245": 96788,
                "244": 96968,
                "243": 97135,
                "242": 97317,
                "241": 97489,
                "240": 97658,
                "239": 97816,
                "238": 97977,
                "237": 98132,
                "236": 98272,
                "235": 98434,
                "234": 98610,
                "233": 98749,
                "232": 98918,
                "231": 99071,
                "230": 99224,
                "229": 99370,
                "228": 99544,
                "227": 99690,
                "226": 99832,
                "225": 99971,
                "224": 100122,
                "223": 100261,
                "222": 100399,
                "221": 100554,
                "220": 100691,
                "219": 100820,
                "218": 100956,
                "217": 101096,
                "216": 101234,
                "215": 101357,
                "214": 101469,
                "213": 101594,
                "212": 101719,
                "211": 101852,
                "210": 101989,
                "209": 102099,
                "208": 102217,
                "207": 102312,
                "206": 102417,
                "205": 102512,
                "204": 102617,
                "203": 102734,
                "202": 102833,
                "201": 102929,
                "200": 103053,
                "199": 103164,
                "198": 103279,
                "197": 103381,
                "196": 103481,
                "195": 103568,
                "194": 103653,
                "193": 103748,
                "192": 103824,
                "191": 103926,
                "190": 104011,
                "189": 104095,
                "188": 104169,
                "187": 104248,
                "186": 104323,
                "185": 104396,
                "184": 104482,
                "183": 104569,
                "182": 104651,
                "181": 104723,
                "180": 104793,
                "179": 104856,
                "178": 104909,
                "177": 104979,
                "176": 105055,
                "175": 105116,
                "174": 105180,
                "173": 105236,
                "172": 105301,
                "171": 105360,
                "170": 105411,
                "169": 105466,
                "168": 105528,
                "167": 105582,
                "166": 105620,
                "165": 105663,
                "164": 105707,
                "163": 105751,
                "162": 105794,
                "161": 105836,
                "160": 105882,
                "159": 105926,
                "158": 105975,
                "157": 106015,
                "156": 106055,
                "155": 106084,
                "154": 106117,
                "153": 106157,
                "152": 106194,
                "151": 106233,
                "150": 106257,
                "149": 106301,
                "148": 106333,
                "147": 106362,
                "146": 106387,
                "145": 106413,
                "144": 106434,
                "143": 106470,
                "142": 106496,
                "141": 106524,
                "140": 106545,
                "139": 106565,
                "138": 106592,
                "137": 106610,
                "136": 106632,
                "135": 106656,
                "134": 106677,
                "133": 106692,
                "132": 106708,
                "131": 106725,
                "130": 106751,
                "129": 106769,
                "128": 106781,
                "127": 106799,
                "126": 106818,
                "125": 106830,
                "124": 106845,
                "123": 106854,
                "122": 106862,
                "121": 106880,
                "120": 106892,
                "119": 106906,
                "118": 106917,
                "117": 106926,
                "116": 106936,
                "115": 106942,
                "114": 106951,
                "113": 106957,
                "112": 106966,
                "111": 106976,
                "110": 106980,
                "109": 106990,
                "108": 106998,
                "107": 107005,
                "106": 107013,
                "105": 107023,
                "104": 107028,
                "103": 107033,
                "102": 107038,
                "101": 107045,
                "100": 107051,
                "99": 107060,
                "98": 107065,
                "97": 107066,
                "96": 107069,
                "95": 107072,
                "94": 107079,
                "93": 107083,
                "92": 107084,
                "91": 107087,
                "90": 107090,
                "89": 107092,
                "88": 107095,
                "87": 107100,
                "86": 107103,
                "85": 107109,
                "84": 107114,
                "83": 107116,
                "82": 107118,
                "81": 107121,
                "80": 107124,
                "79": 107126,
                "78": 107128,
                "77": 107129,
                "75": 107131,
                "74": 107132,
                "73": 107134,
                "72": 107135,
                "71": 107136,
                "70": 107137,
                "69": 107140,
                "68": 107143,
                "66": 107145,
                "64": 107148,
                "61": 107149,
                "60": 107151,
                "59": 107153,
                "57": 107154,
                "56": 107155,
                "54": 107157,
                "52": 107158,
                "51": 107159,
                "49": 107160,
                "48": 107161,
                "46": 107162,
                "42": 107163,
                "41": 107164,
                "40": 107165,
                "34": 107166,
                "26": 107167,
                "25": 107168,
                "22": 107169,
                "21": 107170,
                "19": 107172,
                "17": 107173,
                "16": 107175,
                "14": 107176,
                "13": 107177,
                "9": 107178,
                "6": 107179,
                "3": 107181,
                "0": 108242
            }
        }
    }
}