{
    "2019": {
        "天津": {
            "文科": {
                "660": 4,
                "659": 5,
                "658": 6,
                "657": 7,
                "656": 8,
                "655": 8,
                "654": 9,
                "653": 10,
                "652": 12,
                "651": 16,
                "650": 18,
                "649": 21,
                "648": 24,
                "647": 29,
                "646": 30,
                "645": 31,
                "644": 33,
                "643": 34,
                "642": 36,
                "641": 38,
                "640": 42,
                "639": 44,
                "638": 53,
                "637": 60,
                "636": 63,
                "635": 67,
                "634": 72,
                "633": 79,
                "632": 86,
                "631": 92,
                "630": 100,
                "629": 109,
                "628": 117,
                "627": 128,
                "626": 137,
                "625": 145,
                "624": 153,
                "623": 161,
                "622": 178,
                "621": 189,
                "620": 198,
                "619": 203,
                "618": 221,
                "617": 233,
                "616": 246,
                "615": 258,
                "614": 271,
                "613": 286,
                "612": 296,
                "611": 319,
                "610": 329,
                "609": 338,
                "608": 347,
                "607": 364,
                "606": 385,
                "605": 406,
                "604": 421,
                "603": 443,
                "602": 465,
                "601": 481,
                "600": 497,
                "599": 517,
                "598": 541,
                "597": 558,
                "596": 585,
                "595": 601,
                "594": 622,
                "593": 645,
                "592": 672,
                "591": 705,
                "590": 735,
                "589": 761,
                "588": 794,
                "587": 823,
                "586": 859,
                "585": 897,
                "584": 903,
                "583": 959,
                "582": 989,
                "581": 1019,
                "580": 1047,
                "579": 1079,
                "578": 1116,
                "577": 1151,
                "576": 1183,
                "575": 1219,
                "574": 1245,
                "573": 1276,
                "572": 1314,
                "571": 1357,
                "570": 1388,
                "569": 1427,
                "568": 1464,
                "567": 1496,
                "566": 1540,
                "565": 1575,
                "564": 1610,
                "563": 1651,
                "562": 1711,
                "561": 1757,
                "560": 1807,
                "559": 1850,
                "558": 1897,
                "557": 1928,
                "556": 1969,
                "555": 2017,
                "554": 2066,
                "553": 2105,
                "552": 2157,
                "551": 2203,
                "550": 2254
            }
        }
    }
}