{
    "2019": {
        "安徽": {
            "理科": {
                "685": 55,
                "684": 57,
                "683": 71,
                "682": 77,
                "681": 82,
                "680": 94,
                "679": 105,
                "678": 119,
                "677": 134,
                "676": 148,
                "675": 160,
                "674": 178,
                "673": 200,
                "672": 224,
                "671": 254,
                "670": 291,
                "669": 319,
                "668": 345,
                "667": 384,
                "666": 411,
                "665": 438,
                "664": 474,
                "663": 521,
                "662": 569,
                "661": 611,
                "660": 652,
                "659": 708,
                "658": 756,
                "657": 808,
                "656": 871,
                "655": 917,
                "654": 981,
                "653": 1053,
                "652": 1137,
                "651": 1206,
                "650": 1288,
                "649": 1376,
                "648": 1462,
                "647": 1551,
                "646": 1644,
                "645": 1737,
                "644": 1818,
                "643": 1906,
                "642": 1995,
                "641": 2103,
                "640": 2211,
                "639": 2333,
                "638": 2454,
                "637": 2560,
                "636": 2683,
                "635": 2811,
                "634": 2935,
                "633": 3069,
                "632": 3206,
                "631": 3360,
                "630": 3518,
                "629": 3683,
                "628": 3852,
                "627": 4020,
                "626": 4168,
                "625": 4360,
                "624": 4555,
                "623": 4752,
                "622": 4936,
                "621": 5124,
                "620": 5336,
                "619": 5536,
                "618": 5755,
                "617": 5974,
                "616": 6168,
                "615": 6405,
                "614": 6647,
                "613": 6897,
                "612": 7163,
                "611": 7439,
                "610": 7687,
                "609": 7931,
                "608": 8202,
                "607": 8450,
                "606": 8750,
                "605": 9017,
                "604": 9303,
                "603": 9581,
                "602": 9845,
                "601": 10113,
                "600": 10406,
                "599": 10711,
                "598": 11012,
                "597": 11326,
                "596": 11636,
                "595": 11931,
                "594": 12260,
                "593": 12598,
                "592": 12960,
                "591": 13304,
                "590": 13673
            }
        }
    }
}