{
    "2019": {
        "江苏": {
            "文科": {
                "411": 20,
                "410": 25,
                "409": 29,
                "408": 36,
                "407": 42,
                "406": 60,
                "405": 68,
                "404": 81,
                "403": 96,
                "402": 111,
                "401": 127,
                "400": 149,
                "399": 168,
                "398": 190,
                "397": 213,
                "396": 240,
                "395": 269,
                "394": 313,
                "393": 360,
                "392": 400,
                "391": 451,
                "390": 511,
                "389": 574,
                "388": 637,
                "387": 727,
                "386": 803,
                "385": 875,
                "384": 965,
                "383": 1073,
                "382": 1181,
                "381": 1283,
                "380": 1405,
                "379": 1526,
                "378": 1667,
                "377": 1815,
                "376": 1974,
                "375": 2160,
                "374": 2358,
                "373": 2557,
                "372": 2753,
                "371": 2962,
                "370": 3200,
                "369": 3473,
                "368": 3721,
                "367": 3974,
                "366": 4239,
                "365": 4519,
                "364": 4877,
                "363": 5214,
                "362": 5553,
                "361": 5926,
                "360": 6262,
                "359": 6664,
                "358": 7111,
                "357": 7510,
                "356": 7915,
                "355": 8402,
                "354": 8864,
                "353": 9365,
                "352": 9868,
                "351": 10369,
                "350": 10856,
                "349": 11409,
                "348": 11942,
                "347": 12480,
                "346": 13091,
                "345": 13695,
                "344": 14284,
                "343": 14896,
                "342": 15520,
                "341": 16145,
                "340": 16781,
                "339": 17388,
                "338": 18048,
                "337": 18739,
                "336": 19427,
                "335": 20126,
                "334": 20790,
                "333": 21489,
                "332": 22183,
                "331": 22856,
                "330": 23520,
                "329": 24199,
                "328": 24861,
                "327": 25530,
                "326": 26229,
                "325": 26887,
                "324": 27526,
                "323": 28194,
                "322": 28848,
                "321": 29452,
                "320": 30091,
                "319": 30739,
                "318": 31359,
                "317": 31941,
                "316": 32482,
                "315": 33070,
                "314": 33631,
                "313": 34191,
                "312": 34694,
                "311": 35219,
                "310": 35688,
                "309": 36198,
                "308": 36679,
                "307": 37158,
                "306": 37610,
                "305": 38033,
                "304": 38476,
                "303": 38854,
                "302": 39266,
                "301": 39668,
                "300": 40036,
                "299": 40434,
                "298": 40792,
                "297": 41121,
                "296": 41430,
                "295": 41716,
                "294": 41998,
                "293": 42287,
                "292": 42533,
                "291": 42816,
                "290": 43030,
                "289": 43258,
                "288": 43477,
                "287": 43670,
                "286": 43847,
                "285": 44036,
                "284": 44226,
                "283": 44400,
                "282": 44558,
                "281": 44700,
                "280": 44845,
                "279": 44996,
                "278": 45114,
                "277": 45229,
                "276": 45345,
                "275": 45471,
                "274": 45569,
                "273": 45665,
                "272": 45749,
                "271": 45829,
                "270": 45913,
                "269": 45991,
                "268": 46065,
                "267": 46149
            }
        }
    }
}