{
    "2019": {
        "北京": {
            "文科": {
                "680": 14,
                "679": 17,
                "678": 19,
                "677": 21,
                "676": 23,
                "675": 26,
                "674": 29,
                "673": 33,
                "672": 37,
                "671": 39,
                "670": 45,
                "669": 51,
                "668": 58,
                "667": 66,
                "666": 73,
                "665": 77,
                "664": 83,
                "663": 91,
                "662": 101,
                "661": 110,
                "660": 122,
                "659": 130,
                "658": 138,
                "657": 145,
                "656": 150,
                "655": 167,
                "654": 187,
                "653": 205,
                "652": 219,
                "651": 234,
                "650": 243,
                "649": 261,
                "648": 283,
                "647": 298,
                "646": 317,
                "645": 335,
                "644": 360,
                "643": 379,
                "642": 396,
                "641": 415,
                "640": 443,
                "639": 459,
                "638": 484,
                "637": 505,
                "636": 531,
                "635": 563,
                "634": 595,
                "633": 628,
                "632": 656,
                "631": 680,
                "630": 711,
                "629": 748,
                "628": 779,
                "627": 806,
                "626": 831,
                "625": 868,
                "624": 906,
                "623": 944,
                "622": 977,
                "621": 1014,
                "620": 1055,
                "619": 1087,
                "618": 1129,
                "617": 1176,
                "616": 1218,
                "615": 1259,
                "614": 1301,
                "613": 1343,
                "612": 1387,
                "611": 1430,
                "610": 1478,
                "609": 1527,
                "608": 1572,
                "607": 1625,
                "606": 1669,
                "605": 1722,
                "604": 1764,
                "603": 1799,
                "602": 1853,
                "601": 1894,
                "600": 1951,
                "599": 1996,
                "598": 2037,
                "597": 2093,
                "596": 2149,
                "595": 2192,
                "594": 2264,
                "593": 2328,
                "592": 2386,
                "591": 2438,
                "590": 2480,
                "589": 2540,
                "588": 2594,
                "587": 2646,
                "586": 2721,
                "585": 2761,
                "584": 2813,
                "583": 2877,
                "582": 2929,
                "581": 2985,
                "580": 3039,
                "578": 3149,
                "577": 3204,
                "576": 3267,
                "575": 3325,
                "574": 3378,
                "573": 3443,
                "572": 3509,
                "571": 3563,
                "570": 3623,
                "569": 3685,
                "568": 3747,
                "567": 3820,
                "566": 3869,
                "565": 3940,
                "564": 4001,
                "563": 4063,
                "562": 4113,
                "561": 4162,
                "560": 4224,
                "559": 4286,
                "558": 4345,
                "557": 4409,
                "556": 4464,
                "555": 4530,
                "554": 4597,
                "553": 4662,
                "552": 4721,
                "551": 4777,
                "550": 4830,
                "549": 4883,
                "548": 4941,
                "547": 4999,
                "546": 5069,
                "545": 5125,
                "544": 5178,
                "543": 5240,
                "542": 5301,
                "541": 5372,
                "540": 5445,
                "539": 5505,
                "538": 5568,
                "537": 5638,
                "536": 5688,
                "535": 5744,
                "534": 5804,
                "533": 5869,
                "532": 5950,
                "531": 6014,
                "530": 6069,
                "529": 6132,
                "528": 6197,
                "527": 6257,
                "526": 6317,
                "525": 6387,
                "524": 6447,
                "523": 6503,
                "522": 6567,
                "521": 6637,
                "520": 6702,
                "519": 6770,
                "518": 6823,
                "517": 6888,
                "516": 6951,
                "515": 7018,
                "514": 7076,
                "513": 7148,
                "512": 7227,
                "511": 7302,
                "510": 7370,
                "509": 7425,
                "508": 7479,
                "507": 7547,
                "506": 7612,
                "505": 7678,
                "504": 7731,
                "503": 7784,
                "502": 7848,
                "501": 7903,
                "500": 7954,
                "499": 8016,
                "498": 8082,
                "497": 8141,
                "496": 8200,
                "495": 8267,
                "494": 8327,
                "493": 8389,
                "492": 8440,
                "491": 8500,
                "490": 8566,
                "489": 8624,
                "488": 8674,
                "487": 8729,
                "486": 8788,
                "485": 8842,
                "484": 8893,
                "483": 8958,
                "482": 9009,
                "481": 9066,
                "480": 9124
            }
        }
    }
}