{
    "2019": {
        "山东": {
            "理科": {
                "654": 1633,
                "653": 1723,
                "652": 1819,
                "651": 1933,
                "650": 2048,
                "649": 2175,
                "648": 2294,
                "647": 2433,
                "646": 2565,
                "645": 2706,
                "644": 2858,
                "643": 2995,
                "642": 3160,
                "641": 3326,
                "640": 3468,
                "639": 3637,
                "638": 3818,
                "637": 4032,
                "636": 4216,
                "635": 4434,
                "634": 4648,
                "633": 4856,
                "632": 5073,
                "631": 5324,
                "630": 5582,
                "629": 5818,
                "628": 6090,
                "627": 6360,
                "626": 6671,
                "625": 6954,
                "624": 7219,
                "623": 7523,
                "622": 7825,
                "621": 8136,
                "620": 8428,
                "619": 8756,
                "618": 9114,
                "617": 9465,
                "616": 9775,
                "615": 10132,
                "614": 10491,
                "613": 10858,
                "612": 11219,
                "611": 11591,
                "610": 11988,
                "609": 12428,
                "608": 12830,
                "607": 13250,
                "606": 13691,
                "605": 14124,
                "604": 14572,
                "603": 15060,
                "602": 15500,
                "601": 15959,
                "600": 16457,
                "599": 16911,
                "598": 17451,
                "597": 17957,
                "596": 18503,
                "595": 19010,
                "594": 19555,
                "593": 20095,
                "592": 20690,
                "591": 21290,
                "590": 21869,
                "589": 22465,
                "588": 23105,
                "587": 23678,
                "586": 24316,
                "585": 24938,
                "584": 25549,
                "583": 26188,
                "582": 26841,
                "581": 27540,
                "580": 28249,
                "579": 28967,
                "578": 29690,
                "577": 30424,
                "576": 31179,
                "575": 31958,
                "574": 32688,
                "573": 33455,
                "572": 34184,
                "571": 34957,
                "570": 35748,
                "569": 36546,
                "568": 37323,
                "567": 38151,
                "566": 38980,
                "565": 39820,
                "564": 40659,
                "563": 41536,
                "562": 42418,
                "561": 43293,
                "560": 44202,
                "559": 45023,
                "558": 45882,
                "557": 46735,
                "556": 47652,
                "555": 48616,
                "554": 49516,
                "553": 50524,
                "552": 51492,
                "551": 52445,
                "550": 53410,
                "549": 54340,
                "548": 55298,
                "547": 56281,
                "546": 57323,
                "545": 58371,
                "544": 59340,
                "543": 60363,
                "542": 61412,
                "541": 62485,
                "540": 63552,
                "539": 64608,
                "538": 65694,
                "537": 66765,
                "536": 67872,
                "535": 68971,
                "534": 70108,
                "533": 71272,
                "532": 72373,
                "531": 73518,
                "530": 74626,
                "529": 75764,
                "528": 76912,
                "527": 78029,
                "526": 79222,
                "525": 80363,
                "524": 81520,
                "523": 82671,
                "522": 83933,
                "521": 85165,
                "520": 86371,
                "519": 87567,
                "518": 88794,
                "517": 89964,
                "516": 91268,
                "515": 92458,
                "514": 93667,
                "513": 94952,
                "512": 96272,
                "511": 97561,
                "510": 98833,
                "509": 100119,
                "508": 101393,
                "507": 102695,
                "506": 103995,
                "505": 105289,
                "504": 106576,
                "503": 107835,
                "502": 109179,
                "501": 110441,
                "500": 111761,
                "499": 113083,
                "498": 114417,
                "497": 115745,
                "496": 117015,
                "495": 118391,
                "494": 119728,
                "493": 121024,
                "492": 122388,
                "491": 123725,
                "490": 125071,
                "489": 126442,
                "488": 127803,
                "487": 129131,
                "486": 130471,
                "485": 131841,
                "484": 133233,
                "483": 134583,
                "482": 135973,
                "481": 137328,
                "480": 138703,
                "479": 140059,
                "478": 141399,
                "477": 142707,
                "476": 144087,
                "475": 145405,
                "474": 146752,
                "473": 148086,
                "472": 149397,
                "471": 150712,
                "470": 152050,
                "469": 153404,
                "468": 154694,
                "467": 156020,
                "466": 157325,
                "465": 158615,
                "464": 159932,
                "463": 161218,
                "462": 162513,
                "461": 163828,
                "460": 165091,
                "459": 166366,
                "458": 167592,
                "457": 168841,
                "456": 170072,
                "455": 171311,
                "454": 172529,
                "453": 173748,
                "452": 174988,
                "451": 176155,
                "450": 177371,
                "449": 178595,
                "448": 179753,
                "447": 180889,
                "446": 182077,
                "445": 183169,
                "444": 184284,
                "443": 185380,
                "442": 186474,
                "441": 187612,
                "440": 188684,
                "439": 189743,
                "438": 190814,
                "437": 191879,
                "436": 192936,
                "435": 193971,
                "434": 195079,
                "433": 196106,
                "432": 197144,
                "431": 198138,
                "430": 199136,
                "429": 200121,
                "428": 201056,
                "427": 201996,
                "426": 202933,
                "425": 203861,
                "424": 204758,
                "423": 205715,
                "422": 206636,
                "421": 207486,
                "420": 208408,
                "419": 209269,
                "418": 210159,
                "417": 211026,
                "416": 211879,
                "415": 212766,
                "414": 213638,
                "413": 214513,
                "412": 215293,
                "411": 216099,
                "410": 216884,
                "409": 217646,
                "408": 218408,
                "407": 219191,
                "406": 219901,
                "405": 220611,
                "404": 221382,
                "403": 222076,
                "402": 222785,
                "401": 223540,
                "400": 224198,
                "399": 224881,
                "398": 225557,
                "397": 226177,
                "396": 226808,
                "395": 227490,
                "394": 228092,
                "393": 228697,
                "392": 229283,
                "391": 229907,
                "390": 230535,
                "389": 231142,
                "388": 231709,
                "387": 232292,
                "386": 232888,
                "385": 233465,
                "384": 234021,
                "383": 234574,
                "382": 235085,
                "381": 235625,
                "380": 236185,
                "379": 236714,
                "378": 237232,
                "377": 237712,
                "376": 238224,
                "375": 238714,
                "374": 239181,
                "373": 239687,
                "372": 240143,
                "371": 240581,
                "370": 241047,
                "369": 241459,
                "368": 241925,
                "367": 242340,
                "366": 242730,
                "365": 243137,
                "364": 243578,
                "363": 243971,
                "362": 244387,
                "361": 244782,
                "360": 245246,
                "359": 245631,
                "358": 246004,
                "357": 246376,
                "356": 246750,
                "355": 247117,
                "354": 247473,
                "353": 247843,
                "352": 248164,
                "351": 248510,
                "350": 248853,
                "349": 249213,
                "348": 249571,
                "347": 249888,
                "346": 250187,
                "345": 250494,
                "344": 250834,
                "343": 251136,
                "342": 251464,
                "341": 251765,
                "340": 252087,
                "339": 252392,
                "338": 252703,
                "337": 252992,
                "336": 253265,
                "335": 253581,
                "334": 253870,
                "333": 254171,
                "332": 254450,
                "331": 254716,
                "330": 254971,
                "329": 255255,
                "328": 255539,
                "327": 255829,
                "326": 256119,
                "325": 256376,
                "324": 256604,
                "323": 256871,
                "322": 257114,
                "321": 257357,
                "320": 257603,
                "319": 257895,
                "318": 258135,
                "317": 258371,
                "316": 258604,
                "315": 258842,
                "314": 259063,
                "313": 259278,
                "312": 259489,
                "311": 259687,
                "310": 259892,
                "309": 260117,
                "308": 260313,
                "307": 260508,
                "306": 260717,
                "305": 260916,
                "304": 261131,
                "303": 261322,
                "302": 261518,
                "301": 261722,
                "300": 261883,
                "299": 262075,
                "298": 262256,
                "297": 262456,
                "296": 262640,
                "295": 262813,
                "294": 263024,
                "293": 263197,
                "292": 263368,
                "291": 263576,
                "290": 263765,
                "289": 263946,
                "288": 264110,
                "287": 264303,
                "286": 264460,
                "285": 264614,
                "284": 264788,
                "283": 264953,
                "282": 265127,
                "281": 265276,
                "280": 265442,
                "279": 265594,
                "278": 265755,
                "277": 265910,
                "276": 266076,
                "275": 266233,
                "274": 266381,
                "273": 266519,
                "272": 266666,
                "271": 266823,
                "270": 266996,
                "269": 267154,
                "268": 267300,
                "267": 267426,
                "266": 267568,
                "265": 267722,
                "264": 267859,
                "263": 267989,
                "262": 268129,
                "261": 268267,
                "260": 268416,
                "259": 268567,
                "258": 268695,
                "257": 268839,
                "256": 268975,
                "255": 269089,
                "254": 269223,
                "253": 269338,
                "252": 269449,
                "251": 269575,
                "250": 269693,
                "249": 269820,
                "248": 269931,
                "247": 270044,
                "246": 270172,
                "245": 270303,
                "244": 270424,
                "243": 270537,
                "242": 270653,
                "241": 270769,
                "240": 270900,
                "239": 271017,
                "238": 271133,
                "237": 271249,
                "236": 271360,
                "235": 271471,
                "234": 271582,
                "233": 271725,
                "232": 271831,
                "231": 271938,
                "230": 272042,
                "229": 272144,
                "228": 272244,
                "227": 272376,
                "226": 272487,
                "225": 272588,
                "224": 272702,
                "223": 272799,
                "222": 272899,
                "221": 273001,
                "220": 273109,
                "219": 273205,
                "218": 273310,
                "217": 273407,
                "216": 273500,
                "215": 273594,
                "214": 273691,
                "213": 273780,
                "212": 273883,
                "211": 273964,
                "210": 274056,
                "209": 274132,
                "208": 274194,
                "207": 274286,
                "206": 274359,
                "205": 274446,
                "204": 274528,
                "203": 274606,
                "202": 274686,
                "201": 274757,
                "200": 274825,
                "199": 274893,
                "198": 274975,
                "197": 275037,
                "196": 275100,
                "195": 275169,
                "194": 275239,
                "193": 275297,
                "192": 275366,
                "191": 275422,
                "190": 275482,
                "189": 275548,
                "188": 275608,
                "187": 275655,
                "186": 275728,
                "185": 275783,
                "184": 275841,
                "183": 275887,
                "182": 275928,
                "181": 275973,
                "180": 276019,
                "179": 276068,
                "178": 276113,
                "177": 276152,
                "176": 276200,
                "175": 276238,
                "174": 276268,
                "173": 276308,
                "172": 276340,
                "171": 276379
            }
        }
    }
}