{
    "2019": {
        "江苏": {
            "理科": {
                "426": 37,
                "425": 45,
                "424": 55,
                "423": 59,
                "422": 71,
                "421": 83,
                "420": 100,
                "419": 113,
                "418": 135,
                "417": 163,
                "416": 188,
                "415": 216,
                "414": 264,
                "413": 316,
                "412": 378,
                "411": 429,
                "410": 519,
                "409": 595,
                "408": 696,
                "407": 800,
                "406": 919,
                "405": 1052,
                "404": 1206,
                "403": 1363,
                "402": 1564,
                "401": 1770,
                "400": 2001,
                "399": 2275,
                "398": 2535,
                "397": 2820,
                "396": 3133,
                "395": 3492,
                "394": 3896,
                "393": 4296,
                "392": 4729,
                "391": 5228,
                "390": 5770,
                "389": 6303,
                "388": 6927,
                "387": 7545,
                "386": 8190,
                "385": 8908,
                "384": 9668,
                "383": 10426,
                "382": 11281,
                "381": 12196,
                "380": 13104,
                "379": 14108,
                "378": 15130,
                "377": 16205,
                "376": 17378,
                "375": 18574,
                "374": 19829,
                "373": 21047,
                "372": 22302,
                "371": 23723,
                "370": 25164,
                "369": 26577,
                "368": 28088,
                "367": 29561,
                "366": 31193,
                "365": 32803,
                "364": 34469,
                "363": 36294,
                "362": 38103,
                "361": 39963,
                "360": 41787,
                "359": 43716,
                "358": 45695,
                "357": 47649,
                "356": 49577,
                "355": 51597,
                "354": 53614,
                "353": 55695,
                "352": 57764,
                "351": 59871,
                "350": 61998,
                "349": 64137,
                "348": 66234,
                "347": 68357,
                "346": 70478,
                "345": 72591,
                "344": 74674,
                "343": 76736,
                "342": 78841,
                "341": 80960,
                "340": 82986,
                "339": 85032,
                "338": 87046,
                "337": 89025,
                "336": 90940,
                "335": 92808,
                "334": 94684,
                "333": 96520,
                "332": 98391,
                "331": 100161,
                "330": 101921,
                "329": 103543,
                "328": 105202,
                "327": 106839,
                "326": 108405,
                "325": 109893,
                "324": 111399,
                "323": 112802,
                "322": 114211,
                "321": 115525,
                "320": 116814,
                "319": 118065,
                "318": 119316,
                "317": 120472,
                "316": 121558,
                "315": 122662,
                "314": 123677,
                "313": 124697,
                "312": 125643,
                "311": 126610,
                "310": 127473,
                "309": 128299,
                "308": 129129,
                "307": 129869,
                "306": 130592,
                "305": 131251,
                "304": 131874,
                "303": 132520,
                "302": 133187,
                "301": 133802,
                "300": 134335,
                "299": 134833,
                "298": 135352,
                "297": 135797
            }
        }
    }
}