{
    "2019":{
        "河北":{
            "理科":{
                "703":18,
                "702":21,
                "701":23,
                "700":27,
                "699":34,
                "698":36,
                "697":43,
                "696":51,
                "695":54,
                "694":61,
                "693":74,
                "692":78,
                "691":89,
                "690":103,
                "689":116,
                "688":131,
                "687":142,
                "686":165,
                "685":190,
                "684":219,
                "683":236,
                "682":260,
                "681":289,
                "680":625,
                "679":349,
                "678":391,
                "677":427,
                "676":464,
                "675":504,
                "674":544,
                "673":588,
                "672":634,
                "671":681,
                "670":729,
                "669":782,
                "668":847,
                "667":906,
                "666":968,
                "665":1027,
                "664":1093,
                "663":1179,
                "662":1266,
                "661":1355,
                "660":1436,
                "659":1529,
                "658":1626,
                "657":1736,
                "656":1840,
                "655":1925,
                "654":2032,
                "653":2144,
                "652":2260,
                "651":2378,
                "650":2531,
                "649":2680,
                "648":2792,
                "647":2941,
                "646":3121,
                "645":3271,
                "644":3444,
                "643":3612,
                "642":3783,
                "641":3969,
                "640":4145,
                "639":4320,
                "638":4514,
                "637":4722,
                "636":4920,
                "635":5141,
                "634":5361,
                "633":5579,
                "632":5834,
                "631":6064,
                "630":6333,
                "629":6594,
                "628":6846,
                "627":7112,
                "626":7347,
                "625":7605,
                "624":7890,
                "623":8135,
                "622":8419,
                "621":8689,
                "620":9000,
                "619":9344,
                "618":9672,
                "617":9996,
                "616":10336,
                "615":10666,
                "614":11004,
                "613":11383,
                "612":11742,
                "611":12087,
                "610":12503,
                "609":12848,
                "608":13248,
                "607":13652,
                "606":14039,
                "605":14431,
                "604":14859,
                "603":15293,
                "602":15767,
                "601":16169,
                "600":16609,
                "599":17069	
                "598":17507,	
                "597":18005,	
                "596":18477,	
                "595":18946,	
                "594":19433,	
                "593":19896,	
                "592":20375,	
                "591":20862,	
                "590":21374,	
                "589":21878,	
                "588":22432,	
                "587":22969,	
                "586":23534,	
                "585":24047,	
                "584":24582,	
                "583":25132,	
                "582":25703,	
                "581":26258,	
                "580":26824,	
                "579":27412,	
                "578":28045,	
                "577":28644,	
                "576":29219,	
                "575":29802,	
                "574":30420,	
                "573":31087,	
                "572":31745,	
                "571":32398,	
                "570":33029,	
                "569":33670,	
                "568":34359,	
                "567":35025,	
                "566":35694,	
                "565":36399,	
                "564":37097,	
                "563":37783,	
                "562":38496,	
                "561":39135,	
                "560":39881,	
                "559":40660,	
                "558":41404,	
                "557":42141,	
                "556":42812,	
                "555":43493,	
                "554":44192,	
                "553":44904,	
                "552":45590,	
                "551":46366,	
                "550":47105,	
                "549":47833,	
                "548":48578,	
                "547":49324,	
                "546":50106,	
                "545":50904,	
                "544":51727,	
                "543":52494,	
                "542":53279,	
                "541":54043,	
                "540":54856,	
                "539":55672,	
                "538":56564,	
                "537":57431,	
                "536":58238,	
                "535":59079,	
                "534":59892,	
                "533":60746,	
                "532":61563,	
                "531":62385,	
                "530":63201,	
                "529":64047,	
                "528":64894,	
                "527":65737,	
                "526":66582,	
                "525":67437,	
                "524":68282,	
                "523":69135,	
                "522":69982,	
                "521":70866,	
                "520":71726,	
                "519":72593,	
                "518":73534,	
                "517":74387,	
                "516":75244,	
                "515":76145,	
                "514":77097,	
                "513":78020,	
                "512":78959,	
                "511":79828,	
                "510":80742,	
                "509":81650,	
                "508":82538,	
                "507":83479,	
                "506":84421,	
                "505":85335,	
                "504":86253,	
                "503":87163,	
	        "502":88051
            }
        }
    }
}